item_index,file_id,label,name,color_slot,color_id,color_label,color_name,rgb_hex,physical_archives,status
0,0,bd_default,regular clothes,0,70,rosybrown,RosyBrown,BC8F8F,body_body000|body_body000F|body_body000Ot|body_body000OtF|body_body000Sp|body_body000SpF,rendered
1,1,bd_suits,suit,0,88,dark_gray,Dark gray,4D4D4D,body_body001,rendered
1,1,bd_suits,suit,1,81,deep_brown_red,Deep brown red,3E1300,body_body001,rendered
1,1,bd_suits,suit,2,67,darkolivegreen,DarkOliveGreen,556B2F,body_body001,rendered
1,1,bd_suits,suit,3,51,cadetblue,CadetBlue,5F9EA0,body_body001,rendered
1,1,bd_suits,suit,4,84,white,White,FFFFFF,body_body001,rendered
1,1,bd_suits,suit,5,15,indianred,IndianRed,CD5C5C,body_body001,rendered
1,1,bd_suits,suit,6,47,darkblue_2,DarkBlue_2,1E1E4C,body_body001,rendered
1,1,bd_suits,suit,7,91,black,Black,000000,body_body001,rendered
2,2,bd_sailor,schoolgirl uniform,0,48,deep_blue,Deep blue,000054,body_body002,rendered
2,2,bd_sailor,schoolgirl uniform,1,10,tomato,Tomato,FF6347,body_body002,rendered
2,2,bd_sailor,schoolgirl uniform,2,33,mediumslateblue,MediumSlateBlue,7B68EE,body_body002,rendered
2,2,bd_sailor,schoolgirl uniform,3,42,luminous_vivid_azure,Luminous vivid azure,0066FF,body_body002,rendered
2,2,bd_sailor,schoolgirl uniform,4,55,darkcyan,DarkCyan,008B8B,body_body002,rendered
2,2,bd_sailor,schoolgirl uniform,5,69,very_deep_green,Very deep green,003300,body_body002,rendered
2,2,bd_sailor,schoolgirl uniform,6,75,moderate_amber,Moderate amber,886308,body_body002,rendered
2,2,bd_sailor,schoolgirl uniform,7,90,very_dark_gray_2,Very dark gray 2,232323,body_body002,rendered
3,3,bd_cowboy,cowboy duds,0,18,moderate_red,Moderate red,CB0F0F,body_body003,rendered
3,3,bd_cowboy,cowboy duds,1,37,darkmagenta,DarkMagenta,8B008B,body_body003,rendered
3,3,bd_cowboy,cowboy duds,2,51,cadetblue,CadetBlue,5F9EA0,body_body003,rendered
3,3,bd_cowboy,cowboy duds,3,65,olivedrab,OliveDrab,6B8E23,body_body003,rendered
3,3,bd_cowboy,cowboy duds,4,70,rosybrown,RosyBrown,BC8F8F,body_body003,rendered
3,3,bd_cowboy,cowboy duds,5,75,moderate_amber,Moderate amber,886308,body_body003,rendered
3,3,bd_cowboy,cowboy duds,6,84,white,White,FFFFFF,body_body003,rendered
3,3,bd_cowboy,cowboy duds,7,91,black,Black,000000,body_body003,rendered
4,4,bd_greece,toga,0,2,lemonchiffon,LemonChiffon,FFFACD,body_body004,rendered
4,4,bd_greece,toga,1,70,rosybrown,RosyBrown,BC8F8F,body_body004,rendered
4,4,bd_greece,toga,2,6,gold,Gold,FFD700,body_body004,rendered
4,4,bd_greece,toga,3,15,indianred,IndianRed,CD5C5C,body_body004,rendered
4,4,bd_greece,toga,4,31,plum,Plum,DDA0DD,body_body004,rendered
4,4,bd_greece,toga,5,48,deep_blue,Deep blue,000054,body_body004,rendered
4,4,bd_greece,toga,6,67,darkolivegreen,DarkOliveGreen,556B2F,body_body004,rendered
4,4,bd_greece,toga,7,91,black,Black,000000,body_body004,rendered
5,5,bd_soccer,soccer uniform,0,36,indigo,Indigo,4B0082,body_body005,rendered
5,5,bd_soccer,soccer uniform,1,68,darkgreen,DarkGreen,006400,body_body005,rendered
5,5,bd_soccer,soccer uniform,2,11,orange,Orange,FFA500,body_body005,rendered
5,5,bd_soccer,soccer uniform,3,16,red,Red,FF0000,body_body005,rendered
5,5,bd_soccer,soccer uniform,4,46,darkblue,DarkBlue,00008B,body_body005,rendered
5,5,bd_soccer,soccer uniform,5,61,chartreuse,Chartreuse,7FFF00,body_body005,rendered
5,5,bd_soccer,soccer uniform,6,89,very_dark_gray,Very dark gray,333333,body_body005,rendered
6,6,bd_waitress,waitress uniform,0,45,blue,Blue,0000FF,body_body006,rendered
6,6,bd_waitress,waitress uniform,1,63,limegreen,LimeGreen,32CD32,body_body006,rendered
6,6,bd_waitress,waitress uniform,2,18,moderate_red,Moderate red,CB0F0F,body_body006,rendered
6,6,bd_waitress,waitress uniform,3,11,orange,Orange,FFA500,body_body006,rendered
6,6,bd_waitress,waitress uniform,4,79,saddlebrown,SaddleBrown,8B4513,body_body006,rendered
6,6,bd_waitress,waitress uniform,5,34,light_brilliant_violet,Light brilliant violet,9933FF,body_body006,rendered
6,6,bd_waitress,waitress uniform,6,90,very_dark_gray_2,Very dark gray 2,232323,body_body006,rendered
6,6,bd_waitress,waitress uniform,7,25,light_brilliant_crimson,Light brilliant crimson,FF4C87,body_body006,rendered
7,7,bd_penguin,penguin suit,0,91,black,Black,000000,body_body007,rendered
7,7,bd_penguin,penguin suit,1,42,luminous_vivid_azure,Luminous vivid azure,0066FF,body_body007,rendered
7,7,bd_penguin,penguin suit,2,25,light_brilliant_crimson,Light brilliant crimson,FF4C87,body_body007,rendered
7,7,bd_penguin,penguin suit,3,87,gray,Gray,808080,body_body007,rendered
7,7,bd_penguin,penguin suit,4,52,steelblue,SteelBlue,4682B4,body_body007,rendered
7,7,bd_penguin,penguin suit,5,13,luminous_vivid_orange,Luminous vivid orange,FF6600,body_body007,rendered
7,7,bd_penguin,penguin suit,6,69,very_deep_green,Very deep green,003300,body_body007,rendered
7,7,bd_penguin,penguin suit,7,55,darkcyan,DarkCyan,008B8B,body_body007,rendered
8,8,bd_bear,bear suit,0,80,deep_reddish_brown,Deep reddish brown,560000,body_body008,rendered
8,8,bd_bear,bear suit,1,83,very_dark_gamboge,Very dark gamboge,332819,body_body008,rendered
8,8,bd_bear,bear suit,2,55,darkcyan,DarkCyan,008B8B,body_body008,rendered
8,8,bd_bear,bear suit,3,2,lemonchiffon,LemonChiffon,FFFACD,body_body008,rendered
8,8,bd_bear,bear suit,4,23,very_light_crimson,Very light crimson,FF82AB,body_body008,rendered
8,8,bd_bear,bear suit,5,73,goldenrod,Goldenrod,DAA520,body_body008,rendered
8,8,bd_bear,bear suit,6,77,chocolate,Chocolate,D2691E,body_body008,rendered
8,8,bd_bear,bear suit,7,62,lime,Lime,00FF00,body_body008,rendered
9,9,bd_camouflage,camouflage jacket,0,66,olive,Olive,808000,body_body009,rendered
9,9,bd_camouflage,camouflage jacket,1,4,light_brilliant_amber_yellow,Light brilliant amber yellow,FFEC65,body_body009,rendered
9,9,bd_camouflage,camouflage jacket,2,74,darkgoldenrod,DarkGoldenrod,B8860B,body_body009,rendered
9,9,bd_camouflage,camouflage jacket,3,50,aquamarine,Aquamarine,7FFFD4,body_body009,rendered
9,9,bd_camouflage,camouflage jacket,4,79,saddlebrown,SaddleBrown,8B4513,body_body009,rendered
9,9,bd_camouflage,camouflage jacket,5,65,olivedrab,OliveDrab,6B8E23,body_body009,rendered
9,9,bd_camouflage,camouflage jacket,6,84,white,White,FFFFFF,body_body009,rendered
9,9,bd_camouflage,camouflage jacket,7,34,light_brilliant_violet,Light brilliant violet,9933FF,body_body009,rendered
10,11,bd_yukata_girl,,0,84,white,White,FFFFFF,,missing_physical_asset
10,11,bd_yukata_girl,,1,60,greenyellow,GreenYellow,ADFF2F,,missing_physical_asset
10,11,bd_yukata_girl,,2,31,plum,Plum,DDA0DD,,missing_physical_asset
10,11,bd_yukata_girl,,3,4,light_brilliant_amber_yellow,Light brilliant amber yellow,FFEC65,,missing_physical_asset
10,11,bd_yukata_girl,,4,48,deep_blue,Deep blue,000054,,missing_physical_asset
10,11,bd_yukata_girl,,5,91,black,Black,000000,,missing_physical_asset
10,11,bd_yukata_girl,,6,40,lightskyblue,LightSkyBlue,87CEFA,,missing_physical_asset
10,11,bd_yukata_girl,,7,16,red,Red,FF0000,,missing_physical_asset
11,12,bd_yukata_boy,,0,44,moderate_blue,Moderate blue,323296,,missing_physical_asset
11,12,bd_yukata_boy,,1,75,moderate_amber,Moderate amber,886308,,missing_physical_asset
11,12,bd_yukata_boy,,2,65,olivedrab,OliveDrab,6B8E23,,missing_physical_asset
11,12,bd_yukata_boy,,3,88,dark_gray,Dark gray,4D4D4D,,missing_physical_asset
11,12,bd_yukata_boy,,4,19,darkred,DarkRed,8B0000,,missing_physical_asset
11,12,bd_yukata_boy,,5,38,deep_magenta,Deep magenta,5C005C,,missing_physical_asset
11,12,bd_yukata_boy,,6,22,lightcoral,LightCoral,F08080,,missing_physical_asset
11,12,bd_yukata_boy,,7,91,black,Black,000000,,missing_physical_asset
12,13,bd_wedding,wedding dress,0,30,lavender,Lavender,E6E6FA,body_body013,rendered
12,13,bd_wedding,wedding dress,1,22,lightcoral,LightCoral,F08080,body_body013,rendered
12,13,bd_wedding,wedding dress,2,71,burlywood,BurlyWood,DEB887,body_body013,rendered
12,13,bd_wedding,wedding dress,3,86,darkgray,DarkGray,A9A9A9,body_body013,rendered
12,13,bd_wedding,wedding dress,4,43,royalblue,RoyalBlue,4169E1,body_body013,rendered
12,13,bd_wedding,wedding dress,5,73,goldenrod,Goldenrod,DAA520,body_body013,rendered
12,13,bd_wedding,wedding dress,6,34,light_brilliant_violet,Light brilliant violet,9933FF,body_body013,rendered
12,13,bd_wedding,wedding dress,7,57,palegreen,PaleGreen,98FB98,body_body013,rendered
13,14,bd_girl_suits,silk blouse,0,23,very_light_crimson,Very light crimson,FF82AB,body_body014,rendered
13,14,bd_girl_suits,silk blouse,1,91,black,Black,000000,body_body014,rendered
13,14,bd_girl_suits,silk blouse,2,84,white,White,FFFFFF,body_body014,rendered
13,14,bd_girl_suits,silk blouse,3,65,olivedrab,OliveDrab,6B8E23,body_body014,rendered
13,14,bd_girl_suits,silk blouse,4,59,light_brilliant_yellow_lime,Light brilliant yellow lime,E7FF33,body_body014,rendered
13,14,bd_girl_suits,silk blouse,5,54,darkturquoise,DarkTurquoise,00CED1,body_body014,rendered
13,14,bd_girl_suits,silk blouse,6,46,darkblue,DarkBlue,00008B,body_body014,rendered
13,14,bd_girl_suits,silk blouse,7,80,deep_reddish_brown,Deep reddish brown,560000,body_body014,rendered
14,15,bd_poncho,poncho,0,80,deep_reddish_brown,Deep reddish brown,560000,body_body015,rendered
14,15,bd_poncho,poncho,1,26,deeppink,DeepPink,FF1493,body_body015,rendered
14,15,bd_poncho,poncho,2,67,darkolivegreen,DarkOliveGreen,556B2F,body_body015,rendered
14,15,bd_poncho,poncho,3,13,luminous_vivid_orange,Luminous vivid orange,FF6600,body_body015,rendered
14,15,bd_poncho,poncho,4,42,luminous_vivid_azure,Luminous vivid azure,0066FF,body_body015,rendered
14,15,bd_poncho,poncho,5,47,darkblue_2,DarkBlue_2,1E1E4C,body_body015,rendered
14,15,bd_poncho,poncho,6,34,light_brilliant_violet,Light brilliant violet,9933FF,body_body015,rendered
14,15,bd_poncho,poncho,7,91,black,Black,000000,body_body015,rendered
15,16,bd_gothloli,sweet dress,0,25,light_brilliant_crimson,Light brilliant crimson,FF4C87,body_body016,rendered
15,16,bd_gothloli,sweet dress,1,88,dark_gray,Dark gray,4D4D4D,body_body016,rendered
15,16,bd_gothloli,sweet dress,2,43,royalblue,RoyalBlue,4169E1,body_body016,rendered
15,16,bd_gothloli,sweet dress,3,80,deep_reddish_brown,Deep reddish brown,560000,body_body016,rendered
15,16,bd_gothloli,sweet dress,4,6,gold,Gold,FFD700,body_body016,rendered
15,16,bd_gothloli,sweet dress,5,91,black,Black,000000,body_body016,rendered
15,16,bd_gothloli,sweet dress,6,16,red,Red,FF0000,body_body016,rendered
15,16,bd_gothloli,sweet dress,7,58,yellowgreen,YellowGreen,9ACD32,body_body016,rendered
16,17,bd_wizard,witch costume,0,47,darkblue_2,DarkBlue_2,1E1E4C,body_body017,rendered
16,17,bd_wizard,witch costume,1,72,tan,Tan,D2B48C,body_body017,rendered
16,17,bd_wizard,witch costume,2,91,black,Black,000000,body_body017,rendered
16,17,bd_wizard,witch costume,3,19,darkred,DarkRed,8B0000,body_body017,rendered
16,17,bd_wizard,witch costume,4,66,olive,Olive,808000,body_body017,rendered
16,17,bd_wizard,witch costume,5,73,goldenrod,Goldenrod,DAA520,body_body017,rendered
16,17,bd_wizard,witch costume,6,38,deep_magenta,Deep magenta,5C005C,body_body017,rendered
16,17,bd_wizard,witch costume,7,40,lightskyblue,LightSkyBlue,87CEFA,body_body017,rendered
17,18,bd_flamenco,flamenco dress,0,18,moderate_red,Moderate red,CB0F0F,body_body018,rendered
17,18,bd_flamenco,flamenco dress,1,11,orange,Orange,FFA500,body_body018,rendered
17,18,bd_flamenco,flamenco dress,2,81,deep_brown_red,Deep brown red,3E1300,body_body018,rendered
17,18,bd_flamenco,flamenco dress,3,38,deep_magenta,Deep magenta,5C005C,body_body018,rendered
17,18,bd_flamenco,flamenco dress,4,40,lightskyblue,LightSkyBlue,87CEFA,body_body018,rendered
17,18,bd_flamenco,flamenco dress,5,61,chartreuse,Chartreuse,7FFF00,body_body018,rendered
17,18,bd_flamenco,flamenco dress,6,22,lightcoral,LightCoral,F08080,body_body018,rendered
17,18,bd_flamenco,flamenco dress,7,90,very_dark_gray_2,Very dark gray 2,232323,body_body018,rendered
18,19,bd_cutsaw_pants,long-sleeved T-shirt,0,30,lavender,Lavender,E6E6FA,body_body019,rendered
18,19,bd_cutsaw_pants,long-sleeved T-shirt,1,88,dark_gray,Dark gray,4D4D4D,body_body019,rendered
18,19,bd_cutsaw_pants,long-sleeved T-shirt,2,25,light_brilliant_crimson,Light brilliant crimson,FF4C87,body_body019,rendered
18,19,bd_cutsaw_pants,long-sleeved T-shirt,3,68,darkgreen,DarkGreen,006400,body_body019,rendered
18,19,bd_cutsaw_pants,long-sleeved T-shirt,4,33,mediumslateblue,MediumSlateBlue,7B68EE,body_body019,rendered
18,19,bd_cutsaw_pants,long-sleeved T-shirt,5,90,very_dark_gray_2,Very dark gray 2,232323,body_body019,rendered
18,19,bd_cutsaw_pants,long-sleeved T-shirt,6,17,orangered,OrangeRed,FF4500,body_body019,rendered
18,19,bd_cutsaw_pants,long-sleeved T-shirt,7,41,deepskyblue,DeepSkyBlue,00BFFF,body_body019,rendered
19,20,bd_star,Vegas-performer outfit,0,84,white,White,FFFFFF,body_body020,rendered
19,20,bd_star,Vegas-performer outfit,1,64,mediumseagreen,MediumSeaGreen,3CB371,body_body020,rendered
19,20,bd_star,Vegas-performer outfit,2,91,black,Black,000000,body_body020,rendered
19,20,bd_star,Vegas-performer outfit,3,13,luminous_vivid_orange,Luminous vivid orange,FF6600,body_body020,rendered
19,20,bd_star,Vegas-performer outfit,4,47,darkblue_2,DarkBlue_2,1E1E4C,body_body020,rendered
19,20,bd_star,Vegas-performer outfit,5,19,darkred,DarkRed,8B0000,body_body020,rendered
19,20,bd_star,Vegas-performer outfit,6,34,light_brilliant_violet,Light brilliant violet,9933FF,body_body020,rendered
19,20,bd_star,Vegas-performer outfit,7,6,gold,Gold,FFD700,body_body020,rendered
20,21,bd_longchina_pink,chinese dress,0,25,light_brilliant_crimson,Light brilliant crimson,FF4C87,body_body021,rendered
20,21,bd_longchina_pink,chinese dress,1,68,darkgreen,DarkGreen,006400,body_body021,rendered
20,21,bd_longchina_pink,chinese dress,2,74,darkgoldenrod,DarkGoldenrod,B8860B,body_body021,rendered
20,21,bd_longchina_pink,chinese dress,3,88,dark_gray,Dark gray,4D4D4D,body_body021,rendered
20,21,bd_longchina_pink,chinese dress,4,54,darkturquoise,DarkTurquoise,00CED1,body_body021,rendered
20,21,bd_longchina_pink,chinese dress,5,34,light_brilliant_violet,Light brilliant violet,9933FF,body_body021,rendered
20,21,bd_longchina_pink,chinese dress,6,45,blue,Blue,0000FF,body_body021,rendered
20,21,bd_longchina_pink,chinese dress,7,16,red,Red,FF0000,body_body021,rendered
21,30,bd_nintendo,Nintendo uniform,0,47,darkblue_2,DarkBlue_2,1E1E4C,body_body030,rendered
21,30,bd_nintendo,Nintendo uniform,1,73,goldenrod,Goldenrod,DAA520,body_body030,rendered
22,31,bd_graphicT,printed T-shirt,0,84,white,White,FFFFFF,body_body031,rendered
22,31,bd_graphicT,printed T-shirt,1,19,darkred,DarkRed,8B0000,body_body031,rendered
22,31,bd_graphicT,printed T-shirt,2,31,plum,Plum,DDA0DD,body_body031,rendered
22,31,bd_graphicT,printed T-shirt,3,67,darkolivegreen,DarkOliveGreen,556B2F,body_body031,rendered
22,31,bd_graphicT,printed T-shirt,4,90,very_dark_gray_2,Very dark gray 2,232323,body_body031,rendered
22,31,bd_graphicT,printed T-shirt,5,41,deepskyblue,DeepSkyBlue,00BFFF,body_body031,rendered
22,31,bd_graphicT,printed T-shirt,6,6,gold,Gold,FFD700,body_body031,rendered
22,31,bd_graphicT,printed T-shirt,7,57,palegreen,PaleGreen,98FB98,body_body031,rendered
23,253,bd_denim,jean jacket,0,75,moderate_amber,Moderate amber,886308,body_body253,rendered
23,253,bd_denim,jean jacket,1,56,deep_cyan_2,Deep cyan 2,004240,body_body253,rendered
23,253,bd_denim,jean jacket,2,80,deep_reddish_brown,Deep reddish brown,560000,body_body253,rendered
23,253,bd_denim,jean jacket,3,67,darkolivegreen,DarkOliveGreen,556B2F,body_body253,rendered
23,253,bd_denim,jean jacket,4,91,black,Black,000000,body_body253,rendered
23,253,bd_denim,jean jacket,5,11,orange,Orange,FFA500,body_body253,rendered
23,253,bd_denim,jean jacket,6,84,white,White,FFFFFF,body_body253,rendered
24,32,bd_border_cardigan,shirt & cardigan,0,69,very_deep_green,Very deep green,003300,body_body032,rendered
24,32,bd_border_cardigan,shirt & cardigan,1,13,luminous_vivid_orange,Luminous vivid orange,FF6600,body_body032,rendered
24,32,bd_border_cardigan,shirt & cardigan,2,19,darkred,DarkRed,8B0000,body_body032,rendered
24,32,bd_border_cardigan,shirt & cardigan,3,26,deeppink,DeepPink,FF1493,body_body032,rendered
24,32,bd_border_cardigan,shirt & cardigan,4,32,mediumpurple,MediumPurple,9370DB,body_body032,rendered
24,32,bd_border_cardigan,shirt & cardigan,5,42,luminous_vivid_azure,Luminous vivid azure,0066FF,body_body032,rendered
24,32,bd_border_cardigan,shirt & cardigan,6,74,darkgoldenrod,DarkGoldenrod,B8860B,body_body032,rendered
24,32,bd_border_cardigan,shirt & cardigan,7,87,gray,Gray,808080,body_body032,rendered
25,22,bd_zyuni_hitoe,,0,34,light_brilliant_violet,Light brilliant violet,9933FF,,missing_physical_asset
25,22,bd_zyuni_hitoe,,1,44,moderate_blue,Moderate blue,323296,,missing_physical_asset
25,22,bd_zyuni_hitoe,,2,16,red,Red,FF0000,,missing_physical_asset
25,22,bd_zyuni_hitoe,,3,56,deep_cyan_2,Deep cyan 2,004240,,missing_physical_asset
25,22,bd_zyuni_hitoe,,4,86,darkgray,DarkGray,A9A9A9,,missing_physical_asset
25,22,bd_zyuni_hitoe,,5,13,luminous_vivid_orange,Luminous vivid orange,FF6600,,missing_physical_asset
25,22,bd_zyuni_hitoe,,6,91,black,Black,000000,,missing_physical_asset
25,22,bd_zyuni_hitoe,,7,15,indianred,IndianRed,CD5C5C,,missing_physical_asset
26,23,bd_bukabuka_parka,baggy hoodie,0,87,gray,Gray,808080,body_body023,rendered
26,23,bd_bukabuka_parka,baggy hoodie,1,5,yellow,Yellow,FFFF00,body_body023,rendered
26,23,bd_bukabuka_parka,baggy hoodie,2,18,moderate_red,Moderate red,CB0F0F,body_body023,rendered
26,23,bd_bukabuka_parka,baggy hoodie,3,27,very_light_magenta,Very light magenta,FF99FF,body_body023,rendered
26,23,bd_bukabuka_parka,baggy hoodie,4,41,deepskyblue,DeepSkyBlue,00BFFF,body_body023,rendered
26,23,bd_bukabuka_parka,baggy hoodie,5,61,chartreuse,Chartreuse,7FFF00,body_body023,rendered
26,23,bd_bukabuka_parka,baggy hoodie,6,68,darkgreen,DarkGreen,006400,body_body023,rendered
26,23,bd_bukabuka_parka,baggy hoodie,7,84,white,White,FFFFFF,body_body023,rendered
27,246,bd_cat,tabby-cat suit,0,73,goldenrod,Goldenrod,DAA520,body_body246,rendered
27,246,bd_cat,tabby-cat suit,1,81,deep_brown_red,Deep brown red,3E1300,body_body246,rendered
27,246,bd_cat,tabby-cat suit,2,88,dark_gray,Dark gray,4D4D4D,body_body246,rendered
27,246,bd_cat,tabby-cat suit,3,37,darkmagenta,DarkMagenta,8B008B,body_body246,rendered
27,246,bd_cat,tabby-cat suit,4,91,black,Black,000000,body_body246,rendered
27,246,bd_cat,tabby-cat suit,5,66,olive,Olive,808000,body_body246,rendered
27,246,bd_cat,tabby-cat suit,6,87,gray,Gray,808080,body_body246,rendered
27,246,bd_cat,tabby-cat suit,7,79,saddlebrown,SaddleBrown,8B4513,body_body246,rendered
28,24,bd_overall,overalls,0,1,ivory,Ivory,FFFFF0,body_body024,rendered
28,24,bd_overall,overalls,1,4,light_brilliant_amber_yellow,Light brilliant amber yellow,FFEC65,body_body024,rendered
28,24,bd_overall,overalls,2,16,red,Red,FF0000,body_body024,rendered
28,24,bd_overall,overalls,3,25,light_brilliant_crimson,Light brilliant crimson,FF4C87,body_body024,rendered
28,24,bd_overall,overalls,4,48,deep_blue,Deep blue,000054,body_body024,rendered
28,24,bd_overall,overalls,5,68,darkgreen,DarkGreen,006400,body_body024,rendered
28,24,bd_overall,overalls,6,90,very_dark_gray_2,Very dark gray 2,232323,body_body024,rendered
28,24,bd_overall,overalls,7,17,orangered,OrangeRed,FF4500,body_body024,rendered
29,25,bd_ska_jam,tiger baseball jacket,0,90,very_dark_gray_2,Very dark gray 2,232323,body_body025,rendered
29,25,bd_ska_jam,tiger baseball jacket,1,42,luminous_vivid_azure,Luminous vivid azure,0066FF,body_body025,rendered
29,25,bd_ska_jam,tiger baseball jacket,2,63,limegreen,LimeGreen,32CD32,body_body025,rendered
29,25,bd_ska_jam,tiger baseball jacket,3,80,deep_reddish_brown,Deep reddish brown,560000,body_body025,rendered
29,25,bd_ska_jam,tiger baseball jacket,4,75,moderate_amber,Moderate amber,886308,body_body025,rendered
29,25,bd_ska_jam,tiger baseball jacket,5,14,palevioletred,PaleVioletRed,DB7093,body_body025,rendered
29,25,bd_ska_jam,tiger baseball jacket,6,87,gray,Gray,808080,body_body025,rendered
29,25,bd_ska_jam,tiger baseball jacket,7,34,light_brilliant_violet,Light brilliant violet,9933FF,body_body025,rendered
30,26,bd_handcraft_stole,hand-knitted shawl,0,71,burlywood,BurlyWood,DEB887,body_body026,rendered
30,26,bd_handcraft_stole,hand-knitted shawl,1,66,olive,Olive,808000,body_body026,rendered
30,26,bd_handcraft_stole,hand-knitted shawl,2,20,mistyrose,MistyRose,FFE4E1,body_body026,rendered
30,26,bd_handcraft_stole,hand-knitted shawl,3,83,very_dark_gamboge,Very dark gamboge,332819,body_body026,rendered
30,26,bd_handcraft_stole,hand-knitted shawl,4,11,orange,Orange,FFA500,body_body026,rendered
30,26,bd_handcraft_stole,hand-knitted shawl,5,68,darkgreen,DarkGreen,006400,body_body026,rendered
30,26,bd_handcraft_stole,hand-knitted shawl,6,22,lightcoral,LightCoral,F08080,body_body026,rendered
30,26,bd_handcraft_stole,hand-knitted shawl,7,18,moderate_red,Moderate red,CB0F0F,body_body026,rendered
31,27,bd_tropical_dress,tropical dress,0,11,orange,Orange,FFA500,body_body027,rendered
31,27,bd_tropical_dress,tropical dress,1,16,red,Red,FF0000,body_body027,rendered
31,27,bd_tropical_dress,tropical dress,2,86,darkgray,DarkGray,A9A9A9,body_body027,rendered
31,27,bd_tropical_dress,tropical dress,3,47,darkblue_2,DarkBlue_2,1E1E4C,body_body027,rendered
31,27,bd_tropical_dress,tropical dress,4,66,olive,Olive,808000,body_body027,rendered
31,27,bd_tropical_dress,tropical dress,5,37,darkmagenta,DarkMagenta,8B008B,body_body027,rendered
31,27,bd_tropical_dress,tropical dress,6,33,mediumslateblue,MediumSlateBlue,7B68EE,body_body027,rendered
31,27,bd_tropical_dress,tropical dress,7,22,lightcoral,LightCoral,F08080,body_body027,rendered
32,247,bd_jewelly,jewel dress,0,11,orange,Orange,FFA500,body_body247,rendered
32,247,bd_jewelly,jewel dress,1,9,coral,Coral,FF7F50,body_body247,rendered
32,247,bd_jewelly,jewel dress,2,84,white,White,FFFFFF,body_body247,rendered
32,247,bd_jewelly,jewel dress,3,91,black,Black,000000,body_body247,rendered
32,247,bd_jewelly,jewel dress,4,54,darkturquoise,DarkTurquoise,00CED1,body_body247,rendered
33,29,bd_leather_style,leather outfit,0,90,very_dark_gray_2,Very dark gray 2,232323,body_body029,rendered
33,29,bd_leather_style,leather outfit,1,46,darkblue,DarkBlue,00008B,body_body029,rendered
33,29,bd_leather_style,leather outfit,2,76,dark_amber,Dark amber,624806,body_body029,rendered
33,29,bd_leather_style,leather outfit,3,80,deep_reddish_brown,Deep reddish brown,560000,body_body029,rendered
33,29,bd_leather_style,leather outfit,4,86,darkgray,DarkGray,A9A9A9,body_body029,rendered
33,29,bd_leather_style,leather outfit,5,38,deep_magenta,Deep magenta,5C005C,body_body029,rendered
33,29,bd_leather_style,leather outfit,6,68,darkgreen,DarkGreen,006400,body_body029,rendered
33,29,bd_leather_style,leather outfit,7,19,darkred,DarkRed,8B0000,body_body029,rendered
34,33,bd_simple_coat,long coat,0,85,lightgrey,LightGrey,D3D3D3,body_body033,rendered
34,33,bd_simple_coat,long coat,1,73,goldenrod,Goldenrod,DAA520,body_body033,rendered
34,33,bd_simple_coat,long coat,2,43,royalblue,RoyalBlue,4169E1,body_body033,rendered
34,33,bd_simple_coat,long coat,3,65,olivedrab,OliveDrab,6B8E23,body_body033,rendered
34,33,bd_simple_coat,long coat,4,79,saddlebrown,SaddleBrown,8B4513,body_body033,rendered
34,33,bd_simple_coat,long coat,5,91,black,Black,000000,body_body033,rendered
34,33,bd_simple_coat,long coat,6,6,gold,Gold,FFD700,body_body033,rendered
34,33,bd_simple_coat,long coat,7,19,darkred,DarkRed,8B0000,body_body033,rendered
35,34,bd_used_style,vintage sweatshirt,0,19,darkred,DarkRed,8B0000,body_body034,rendered
35,34,bd_used_style,vintage sweatshirt,1,43,royalblue,RoyalBlue,4169E1,body_body034,rendered
35,34,bd_used_style,vintage sweatshirt,2,73,goldenrod,Goldenrod,DAA520,body_body034,rendered
35,34,bd_used_style,vintage sweatshirt,3,89,very_dark_gray,Very dark gray,333333,body_body034,rendered
35,34,bd_used_style,vintage sweatshirt,4,46,darkblue,DarkBlue,00008B,body_body034,rendered
35,34,bd_used_style,vintage sweatshirt,5,75,moderate_amber,Moderate amber,886308,body_body034,rendered
35,34,bd_used_style,vintage sweatshirt,6,50,aquamarine,Aquamarine,7FFFD4,body_body034,rendered
35,34,bd_used_style,vintage sweatshirt,7,22,lightcoral,LightCoral,F08080,body_body034,rendered
36,36,bd_shirts_in_pants,shirt & khakis,0,55,darkcyan,DarkCyan,008B8B,body_body036,rendered
36,36,bd_shirts_in_pants,shirt & khakis,1,10,tomato,Tomato,FF6347,body_body036,rendered
36,36,bd_shirts_in_pants,shirt & khakis,2,29,mediumvioletred,MediumVioletRed,C71585,body_body036,rendered
36,36,bd_shirts_in_pants,shirt & khakis,3,67,darkolivegreen,DarkOliveGreen,556B2F,body_body036,rendered
36,36,bd_shirts_in_pants,shirt & khakis,4,73,goldenrod,Goldenrod,DAA520,body_body036,rendered
36,36,bd_shirts_in_pants,shirt & khakis,5,90,very_dark_gray_2,Very dark gray 2,232323,body_body036,rendered
36,36,bd_shirts_in_pants,shirt & khakis,6,84,white,White,FFFFFF,body_body036,rendered
36,36,bd_shirts_in_pants,shirt & khakis,7,48,deep_blue,Deep blue,000054,body_body036,rendered
37,37,bd_favorite_sweat,hoodie & jeans,0,18,moderate_red,Moderate red,CB0F0F,body_body037,rendered
37,37,bd_favorite_sweat,hoodie & jeans,1,11,orange,Orange,FFA500,body_body037,rendered
37,37,bd_favorite_sweat,hoodie & jeans,2,22,lightcoral,LightCoral,F08080,body_body037,rendered
37,37,bd_favorite_sweat,hoodie & jeans,3,42,luminous_vivid_azure,Luminous vivid azure,0066FF,body_body037,rendered
37,37,bd_favorite_sweat,hoodie & jeans,4,60,greenyellow,GreenYellow,ADFF2F,body_body037,rendered
37,37,bd_favorite_sweat,hoodie & jeans,5,68,darkgreen,DarkGreen,006400,body_body037,rendered
37,37,bd_favorite_sweat,hoodie & jeans,6,75,moderate_amber,Moderate amber,886308,body_body037,rendered
37,37,bd_favorite_sweat,hoodie & jeans,7,86,darkgray,DarkGray,A9A9A9,body_body037,rendered
38,223,bd_favorite_border,striped T-shirt,0,18,moderate_red,Moderate red,CB0F0F,body_body223,rendered
38,223,bd_favorite_border,striped T-shirt,1,87,gray,Gray,808080,body_body223,rendered
38,223,bd_favorite_border,striped T-shirt,2,77,chocolate,Chocolate,D2691E,body_body223,rendered
38,223,bd_favorite_border,striped T-shirt,3,40,lightskyblue,LightSkyBlue,87CEFA,body_body223,rendered
38,223,bd_favorite_border,striped T-shirt,4,60,greenyellow,GreenYellow,ADFF2F,body_body223,rendered
38,223,bd_favorite_border,striped T-shirt,5,41,deepskyblue,DeepSkyBlue,00BFFF,body_body223,rendered
38,223,bd_favorite_border,striped T-shirt,6,74,darkgoldenrod,DarkGoldenrod,B8860B,body_body223,rendered
38,223,bd_favorite_border,striped T-shirt,7,46,darkblue,DarkBlue,00008B,body_body223,rendered
39,38,bd_bukabuka_down,puffy jacket,0,67,darkolivegreen,DarkOliveGreen,556B2F,body_body038,rendered
39,38,bd_bukabuka_down,puffy jacket,1,11,orange,Orange,FFA500,body_body038,rendered
39,38,bd_bukabuka_down,puffy jacket,2,18,moderate_red,Moderate red,CB0F0F,body_body038,rendered
39,38,bd_bukabuka_down,puffy jacket,3,22,lightcoral,LightCoral,F08080,body_body038,rendered
39,38,bd_bukabuka_down,puffy jacket,4,42,luminous_vivid_azure,Luminous vivid azure,0066FF,body_body038,rendered
39,38,bd_bukabuka_down,puffy jacket,5,68,darkgreen,DarkGreen,006400,body_body038,rendered
39,38,bd_bukabuka_down,puffy jacket,6,85,lightgrey,LightGrey,D3D3D3,body_body038,rendered
39,38,bd_bukabuka_down,puffy jacket,7,91,black,Black,000000,body_body038,rendered
40,39,bd_rooptie,tweed jacket,0,74,darkgoldenrod,DarkGoldenrod,B8860B,body_body039,rendered
40,39,bd_rooptie,tweed jacket,1,55,darkcyan,DarkCyan,008B8B,body_body039,rendered
40,39,bd_rooptie,tweed jacket,2,88,dark_gray,Dark gray,4D4D4D,body_body039,rendered
40,39,bd_rooptie,tweed jacket,3,46,darkblue,DarkBlue,00008B,body_body039,rendered
40,39,bd_rooptie,tweed jacket,4,70,rosybrown,RosyBrown,BC8F8F,body_body039,rendered
40,39,bd_rooptie,tweed jacket,5,82,dark_gamboge,Dark gamboge,452F12,body_body039,rendered
40,39,bd_rooptie,tweed jacket,6,80,deep_reddish_brown,Deep reddish brown,560000,body_body039,rendered
40,39,bd_rooptie,tweed jacket,7,69,very_deep_green,Very deep green,003300,body_body039,rendered
41,40,bd_kappou_gi,cleaning apron,0,1,ivory,Ivory,FFFFF0,body_body040,rendered
41,40,bd_kappou_gi,cleaning apron,1,31,plum,Plum,DDA0DD,body_body040,rendered
41,40,bd_kappou_gi,cleaning apron,2,40,lightskyblue,LightSkyBlue,87CEFA,body_body040,rendered
41,40,bd_kappou_gi,cleaning apron,3,47,darkblue_2,DarkBlue_2,1E1E4C,body_body040,rendered
41,40,bd_kappou_gi,cleaning apron,4,73,goldenrod,Goldenrod,DAA520,body_body040,rendered
41,40,bd_kappou_gi,cleaning apron,5,22,lightcoral,LightCoral,F08080,body_body040,rendered
41,40,bd_kappou_gi,cleaning apron,6,5,yellow,Yellow,FFFF00,body_body040,rendered
41,40,bd_kappou_gi,cleaning apron,7,57,palegreen,PaleGreen,98FB98,body_body040,rendered
42,41,bd_girl_fakefur_coat,faux-fur coat,0,90,very_dark_gray_2,Very dark gray 2,232323,body_body041,rendered
42,41,bd_girl_fakefur_coat,faux-fur coat,1,85,lightgrey,LightGrey,D3D3D3,body_body041,rendered
42,41,bd_girl_fakefur_coat,faux-fur coat,2,81,deep_brown_red,Deep brown red,3E1300,body_body041,rendered
42,41,bd_girl_fakefur_coat,faux-fur coat,3,74,darkgoldenrod,DarkGoldenrod,B8860B,body_body041,rendered
42,41,bd_girl_fakefur_coat,faux-fur coat,4,12,light_brilliant_amber,Light brilliant amber,FFC950,body_body041,rendered
42,41,bd_girl_fakefur_coat,faux-fur coat,5,11,orange,Orange,FFA500,body_body041,rendered
42,41,bd_girl_fakefur_coat,faux-fur coat,6,66,olive,Olive,808000,body_body041,rendered
42,41,bd_girl_fakefur_coat,faux-fur coat,7,53,cyan,Cyan,00FFFF,body_body041,rendered
43,229,bd_buits_stole,scarf & sweater,0,72,tan,Tan,D2B48C,body_body229,rendered
43,229,bd_buits_stole,scarf & sweater,1,38,deep_magenta,Deep magenta,5C005C,body_body229,rendered
43,229,bd_buits_stole,scarf & sweater,2,6,gold,Gold,FFD700,body_body229,rendered
43,229,bd_buits_stole,scarf & sweater,3,47,darkblue_2,DarkBlue_2,1E1E4C,body_body229,rendered
43,229,bd_buits_stole,scarf & sweater,4,18,moderate_red,Moderate red,CB0F0F,body_body229,rendered
43,229,bd_buits_stole,scarf & sweater,5,84,white,White,FFFFFF,body_body229,rendered
43,229,bd_buits_stole,scarf & sweater,6,58,yellowgreen,YellowGreen,9ACD32,body_body229,rendered
43,229,bd_buits_stole,scarf & sweater,7,29,mediumvioletred,MediumVioletRed,C71585,body_body229,rendered
44,43,bd_border_baby,baby jumper,0,22,lightcoral,LightCoral,F08080,body_body043,rendered
44,43,bd_border_baby,baby jumper,1,47,darkblue_2,DarkBlue_2,1E1E4C,body_body043,rendered
44,43,bd_border_baby,baby jumper,2,71,burlywood,BurlyWood,DEB887,body_body043,rendered
44,43,bd_border_baby,baby jumper,3,54,darkturquoise,DarkTurquoise,00CED1,body_body043,rendered
44,43,bd_border_baby,baby jumper,4,12,light_brilliant_amber,Light brilliant amber,FFC950,body_body043,rendered
44,43,bd_border_baby,baby jumper,5,31,plum,Plum,DDA0DD,body_body043,rendered
44,43,bd_border_baby,baby jumper,6,87,gray,Gray,808080,body_body043,rendered
44,43,bd_border_baby,baby jumper,7,61,chartreuse,Chartreuse,7FFF00,body_body043,rendered
45,44,bd_wanpaku,tank top & shorts,0,47,darkblue_2,DarkBlue_2,1E1E4C,body_body044,rendered
45,44,bd_wanpaku,tank top & shorts,1,19,darkred,DarkRed,8B0000,body_body044,rendered
45,44,bd_wanpaku,tank top & shorts,2,52,steelblue,SteelBlue,4682B4,body_body044,rendered
45,44,bd_wanpaku,tank top & shorts,3,75,moderate_amber,Moderate amber,886308,body_body044,rendered
45,44,bd_wanpaku,tank top & shorts,4,6,gold,Gold,FFD700,body_body044,rendered
45,44,bd_wanpaku,tank top & shorts,5,68,darkgreen,DarkGreen,006400,body_body044,rendered
45,44,bd_wanpaku,tank top & shorts,6,82,dark_gamboge,Dark gamboge,452F12,body_body044,rendered
45,44,bd_wanpaku,tank top & shorts,7,86,darkgray,DarkGray,A9A9A9,body_body044,rendered
46,45,bd_aloha,aloha shirt,0,54,darkturquoise,DarkTurquoise,00CED1,body_body045,rendered
46,45,bd_aloha,aloha shirt,1,91,black,Black,000000,body_body045,rendered
46,45,bd_aloha,aloha shirt,2,35,darkslateblue,DarkSlateBlue,483D8B,body_body045,rendered
46,45,bd_aloha,aloha shirt,3,6,gold,Gold,FFD700,body_body045,rendered
46,45,bd_aloha,aloha shirt,4,80,deep_reddish_brown,Deep reddish brown,560000,body_body045,rendered
46,45,bd_aloha,aloha shirt,5,64,mediumseagreen,MediumSeaGreen,3CB371,body_body045,rendered
46,45,bd_aloha,aloha shirt,6,86,darkgray,DarkGray,A9A9A9,body_body045,rendered
46,45,bd_aloha,aloha shirt,7,8,salmon,Salmon,FA8072,body_body045,rendered
47,46,bd_ribbon,puffy ribbon dress,0,16,red,Red,FF0000,body_body046,rendered
47,46,bd_ribbon,puffy ribbon dress,1,34,light_brilliant_violet,Light brilliant violet,9933FF,body_body046,rendered
47,46,bd_ribbon,puffy ribbon dress,2,11,orange,Orange,FFA500,body_body046,rendered
47,46,bd_ribbon,puffy ribbon dress,3,26,deeppink,DeepPink,FF1493,body_body046,rendered
47,46,bd_ribbon,puffy ribbon dress,4,87,gray,Gray,808080,body_body046,rendered
47,46,bd_ribbon,puffy ribbon dress,5,40,lightskyblue,LightSkyBlue,87CEFA,body_body046,rendered
47,46,bd_ribbon,puffy ribbon dress,6,63,limegreen,LimeGreen,32CD32,body_body046,rendered
47,46,bd_ribbon,puffy ribbon dress,7,70,rosybrown,RosyBrown,BC8F8F,body_body046,rendered
48,244,bd_leo_stole,leopard-print scarf,0,17,orangered,OrangeRed,FF4500,body_body244,rendered
48,244,bd_leo_stole,leopard-print scarf,1,28,fuchsia,Fuchsia,FF00FF,body_body244,rendered
48,244,bd_leo_stole,leopard-print scarf,2,66,olive,Olive,808000,body_body244,rendered
48,244,bd_leo_stole,leopard-print scarf,3,5,yellow,Yellow,FFFF00,body_body244,rendered
48,244,bd_leo_stole,leopard-print scarf,4,41,deepskyblue,DeepSkyBlue,00BFFF,body_body244,rendered
48,244,bd_leo_stole,leopard-print scarf,5,90,very_dark_gray_2,Very dark gray 2,232323,body_body244,rendered
48,244,bd_leo_stole,leopard-print scarf,6,70,rosybrown,RosyBrown,BC8F8F,body_body244,rendered
48,244,bd_leo_stole,leopard-print scarf,7,16,red,Red,FF0000,body_body244,rendered
49,48,bd_leopard,leopard-print sweatshirt,0,73,goldenrod,Goldenrod,DAA520,body_body048,rendered
49,48,bd_leopard,leopard-print sweatshirt,1,42,luminous_vivid_azure,Luminous vivid azure,0066FF,body_body048,rendered
49,48,bd_leopard,leopard-print sweatshirt,2,62,lime,Lime,00FF00,body_body048,rendered
49,48,bd_leopard,leopard-print sweatshirt,3,28,fuchsia,Fuchsia,FF00FF,body_body048,rendered
49,48,bd_leopard,leopard-print sweatshirt,4,91,black,Black,000000,body_body048,rendered
49,48,bd_leopard,leopard-print sweatshirt,5,16,red,Red,FF0000,body_body048,rendered
49,48,bd_leopard,leopard-print sweatshirt,6,71,burlywood,BurlyWood,DEB887,body_body048,rendered
49,48,bd_leopard,leopard-print sweatshirt,7,13,luminous_vivid_orange,Luminous vivid orange,FF6600,body_body048,rendered
50,49,bd_aerobics,aerobics outfit,0,26,deeppink,DeepPink,FF1493,body_body049,rendered
50,49,bd_aerobics,aerobics outfit,1,27,very_light_magenta,Very light magenta,FF99FF,body_body049,rendered
50,49,bd_aerobics,aerobics outfit,2,64,mediumseagreen,MediumSeaGreen,3CB371,body_body049,rendered
50,49,bd_aerobics,aerobics outfit,3,40,lightskyblue,LightSkyBlue,87CEFA,body_body049,rendered
50,49,bd_aerobics,aerobics outfit,4,4,light_brilliant_amber_yellow,Light brilliant amber yellow,FFEC65,body_body049,rendered
50,49,bd_aerobics,aerobics outfit,5,42,luminous_vivid_azure,Luminous vivid azure,0066FF,body_body049,rendered
50,49,bd_aerobics,aerobics outfit,6,10,tomato,Tomato,FF6347,body_body049,rendered
50,49,bd_aerobics,aerobics outfit,7,74,darkgoldenrod,DarkGoldenrod,B8860B,body_body049,rendered
51,50,bd_pop_shirts,collared car shirt,0,63,limegreen,LimeGreen,32CD32,body_body050,rendered
51,50,bd_pop_shirts,collared car shirt,1,87,gray,Gray,808080,body_body050,rendered
51,50,bd_pop_shirts,collared car shirt,2,32,mediumpurple,MediumPurple,9370DB,body_body050,rendered
51,50,bd_pop_shirts,collared car shirt,3,11,orange,Orange,FFA500,body_body050,rendered
51,50,bd_pop_shirts,collared car shirt,4,8,salmon,Salmon,FA8072,body_body050,rendered
51,50,bd_pop_shirts,collared car shirt,5,66,olive,Olive,808000,body_body050,rendered
51,50,bd_pop_shirts,collared car shirt,6,47,darkblue_2,DarkBlue_2,1E1E4C,body_body050,rendered
51,50,bd_pop_shirts,collared car shirt,7,53,cyan,Cyan,00FFFF,body_body050,rendered
52,252,bd_carT,car-print T-shirt,0,9,coral,Coral,FF7F50,body_body252,rendered
52,252,bd_carT,car-print T-shirt,1,18,moderate_red,Moderate red,CB0F0F,body_body252,rendered
52,252,bd_carT,car-print T-shirt,2,42,luminous_vivid_azure,Luminous vivid azure,0066FF,body_body252,rendered
52,252,bd_carT,car-print T-shirt,3,52,steelblue,SteelBlue,4682B4,body_body252,rendered
52,252,bd_carT,car-print T-shirt,4,59,light_brilliant_yellow_lime,Light brilliant yellow lime,E7FF33,body_body252,rendered
52,252,bd_carT,car-print T-shirt,5,67,darkolivegreen,DarkOliveGreen,556B2F,body_body252,rendered
52,252,bd_carT,car-print T-shirt,6,70,rosybrown,RosyBrown,BC8F8F,body_body252,rendered
52,252,bd_carT,car-print T-shirt,7,74,darkgoldenrod,DarkGoldenrod,B8860B,body_body252,rendered
53,51,bd_rugger_shirts,rugby shirt,0,55,darkcyan,DarkCyan,008B8B,body_body051,rendered
53,51,bd_rugger_shirts,rugby shirt,1,6,gold,Gold,FFD700,body_body051,rendered
53,51,bd_rugger_shirts,rugby shirt,2,16,red,Red,FF0000,body_body051,rendered
53,51,bd_rugger_shirts,rugby shirt,3,63,limegreen,LimeGreen,32CD32,body_body051,rendered
53,51,bd_rugger_shirts,rugby shirt,4,84,white,White,FFFFFF,body_body051,rendered
53,51,bd_rugger_shirts,rugby shirt,5,13,luminous_vivid_orange,Luminous vivid orange,FF6600,body_body051,rendered
53,51,bd_rugger_shirts,rugby shirt,6,29,mediumvioletred,MediumVioletRed,C71585,body_body051,rendered
53,51,bd_rugger_shirts,rugby shirt,7,91,black,Black,000000,body_body051,rendered
54,245,bd_shirts_G,vintage cardigan,0,89,very_dark_gray,Very dark gray,333333,body_body245,rendered
54,245,bd_shirts_G,vintage cardigan,1,82,dark_gamboge,Dark gamboge,452F12,body_body245,rendered
54,245,bd_shirts_G,vintage cardigan,2,60,greenyellow,GreenYellow,ADFF2F,body_body245,rendered
54,245,bd_shirts_G,vintage cardigan,3,31,plum,Plum,DDA0DD,body_body245,rendered
54,245,bd_shirts_G,vintage cardigan,4,47,darkblue_2,DarkBlue_2,1E1E4C,body_body245,rendered
54,245,bd_shirts_G,vintage cardigan,5,22,lightcoral,LightCoral,F08080,body_body245,rendered
54,245,bd_shirts_G,vintage cardigan,6,12,light_brilliant_amber,Light brilliant amber,FFC950,body_body245,rendered
54,245,bd_shirts_G,vintage cardigan,7,17,orangered,OrangeRed,FF4500,body_body245,rendered
55,53,bd_host,snazzy suit,0,16,red,Red,FF0000,body_body053,rendered
55,53,bd_host,snazzy suit,1,26,deeppink,DeepPink,FF1493,body_body053,rendered
55,53,bd_host,snazzy suit,2,42,luminous_vivid_azure,Luminous vivid azure,0066FF,body_body053,rendered
55,53,bd_host,snazzy suit,3,45,blue,Blue,0000FF,body_body053,rendered
55,53,bd_host,snazzy suit,4,75,moderate_amber,Moderate amber,886308,body_body053,rendered
55,53,bd_host,snazzy suit,5,88,dark_gray,Dark gray,4D4D4D,body_body053,rendered
55,53,bd_host,snazzy suit,6,91,black,Black,000000,body_body053,rendered
55,53,bd_host,snazzy suit,7,85,lightgrey,LightGrey,D3D3D3,body_body053,rendered
56,55,bd_rollup_Yshirts,business shirt,0,89,very_dark_gray,Very dark gray,333333,body_body055,rendered
56,55,bd_rollup_Yshirts,business shirt,1,56,deep_cyan_2,Deep cyan 2,004240,body_body055,rendered
56,55,bd_rollup_Yshirts,business shirt,2,19,darkred,DarkRed,8B0000,body_body055,rendered
56,55,bd_rollup_Yshirts,business shirt,3,43,royalblue,RoyalBlue,4169E1,body_body055,rendered
56,55,bd_rollup_Yshirts,business shirt,4,67,darkolivegreen,DarkOliveGreen,556B2F,body_body055,rendered
56,55,bd_rollup_Yshirts,business shirt,5,70,rosybrown,RosyBrown,BC8F8F,body_body055,rendered
56,55,bd_rollup_Yshirts,business shirt,6,74,darkgoldenrod,DarkGoldenrod,B8860B,body_body055,rendered
56,55,bd_rollup_Yshirts,business shirt,7,91,black,Black,000000,body_body055,rendered
57,56,bd_multi_border,rainbow dress,0,8,salmon,Salmon,FA8072,body_body056,rendered
57,56,bd_multi_border,rainbow dress,1,44,moderate_blue,Moderate blue,323296,body_body056,rendered
57,56,bd_multi_border,rainbow dress,2,82,dark_gamboge,Dark gamboge,452F12,body_body056,rendered
57,56,bd_multi_border,rainbow dress,3,61,chartreuse,Chartreuse,7FFF00,body_body056,rendered
57,56,bd_multi_border,rainbow dress,4,1,ivory,Ivory,FFFFF0,body_body056,rendered
57,56,bd_multi_border,rainbow dress,5,13,luminous_vivid_orange,Luminous vivid orange,FF6600,body_body056,rendered
57,56,bd_multi_border,rainbow dress,6,27,very_light_magenta,Very light magenta,FF99FF,body_body056,rendered
57,56,bd_multi_border,rainbow dress,7,91,black,Black,000000,body_body056,rendered
58,59,bd_turtle_sweater,turtleneck,0,1,ivory,Ivory,FFFFF0,body_body059,rendered
58,59,bd_turtle_sweater,turtleneck,1,11,orange,Orange,FFA500,body_body059,rendered
58,59,bd_turtle_sweater,turtleneck,2,19,darkred,DarkRed,8B0000,body_body059,rendered
58,59,bd_turtle_sweater,turtleneck,3,50,aquamarine,Aquamarine,7FFFD4,body_body059,rendered
58,59,bd_turtle_sweater,turtleneck,4,23,very_light_crimson,Very light crimson,FF82AB,body_body059,rendered
58,59,bd_turtle_sweater,turtleneck,5,90,very_dark_gray_2,Very dark gray 2,232323,body_body059,rendered
58,59,bd_turtle_sweater,turtleneck,6,69,very_deep_green,Very deep green,003300,body_body059,rendered
58,59,bd_turtle_sweater,turtleneck,7,47,darkblue_2,DarkBlue_2,1E1E4C,body_body059,rendered
59,60,bd_p_coat,peacoat,0,48,deep_blue,Deep blue,000054,body_body060,rendered
59,60,bd_p_coat,peacoat,1,19,darkred,DarkRed,8B0000,body_body060,rendered
59,60,bd_p_coat,peacoat,2,90,very_dark_gray_2,Very dark gray 2,232323,body_body060,rendered
59,60,bd_p_coat,peacoat,3,82,dark_gamboge,Dark gamboge,452F12,body_body060,rendered
59,60,bd_p_coat,peacoat,4,70,rosybrown,RosyBrown,BC8F8F,body_body060,rendered
59,60,bd_p_coat,peacoat,5,74,darkgoldenrod,DarkGoldenrod,B8860B,body_body060,rendered
59,60,bd_p_coat,peacoat,6,69,very_deep_green,Very deep green,003300,body_body060,rendered
59,60,bd_p_coat,peacoat,7,52,steelblue,SteelBlue,4682B4,body_body060,rendered
60,61,bd_ensemble,dressy cardigan,0,77,chocolate,Chocolate,D2691E,body_body061,rendered
60,61,bd_ensemble,dressy cardigan,1,75,moderate_amber,Moderate amber,886308,body_body061,rendered
60,61,bd_ensemble,dressy cardigan,2,31,plum,Plum,DDA0DD,body_body061,rendered
60,61,bd_ensemble,dressy cardigan,3,19,darkred,DarkRed,8B0000,body_body061,rendered
60,61,bd_ensemble,dressy cardigan,4,3,khaki,Khaki,F0E68C,body_body061,rendered
60,61,bd_ensemble,dressy cardigan,5,61,chartreuse,Chartreuse,7FFF00,body_body061,rendered
60,61,bd_ensemble,dressy cardigan,6,11,orange,Orange,FFA500,body_body061,rendered
60,61,bd_ensemble,dressy cardigan,7,53,cyan,Cyan,00FFFF,body_body061,rendered
61,233,bd_flower_reginsu,flower leggings,0,16,red,Red,FF0000,body_body233,rendered
61,233,bd_flower_reginsu,flower leggings,1,43,royalblue,RoyalBlue,4169E1,body_body233,rendered
61,233,bd_flower_reginsu,flower leggings,2,32,mediumpurple,MediumPurple,9370DB,body_body233,rendered
61,233,bd_flower_reginsu,flower leggings,3,6,gold,Gold,FFD700,body_body233,rendered
61,233,bd_flower_reginsu,flower leggings,4,40,lightskyblue,LightSkyBlue,87CEFA,body_body233,rendered
61,233,bd_flower_reginsu,flower leggings,5,60,greenyellow,GreenYellow,ADFF2F,body_body233,rendered
61,233,bd_flower_reginsu,flower leggings,6,55,darkcyan,DarkCyan,008B8B,body_body233,rendered
61,233,bd_flower_reginsu,flower leggings,7,90,very_dark_gray_2,Very dark gray 2,232323,body_body233,rendered
62,62,bd_trench,trench coat,0,73,goldenrod,Goldenrod,DAA520,body_body062,rendered
62,62,bd_trench,trench coat,1,51,cadetblue,CadetBlue,5F9EA0,body_body062,rendered
62,62,bd_trench,trench coat,2,82,dark_gamboge,Dark gamboge,452F12,body_body062,rendered
62,62,bd_trench,trench coat,3,67,darkolivegreen,DarkOliveGreen,556B2F,body_body062,rendered
62,62,bd_trench,trench coat,4,90,very_dark_gray_2,Very dark gray 2,232323,body_body062,rendered
62,62,bd_trench,trench coat,5,46,darkblue,DarkBlue,00008B,body_body062,rendered
62,62,bd_trench,trench coat,6,88,dark_gray,Dark gray,4D4D4D,body_body062,rendered
62,62,bd_trench,trench coat,7,19,darkred,DarkRed,8B0000,body_body062,rendered
63,234,bd_doruman,dolman sweater,0,66,olive,Olive,808000,body_body234,rendered
63,234,bd_doruman,dolman sweater,1,23,very_light_crimson,Very light crimson,FF82AB,body_body234,rendered
63,234,bd_doruman,dolman sweater,2,4,light_brilliant_amber_yellow,Light brilliant amber yellow,FFEC65,body_body234,rendered
63,234,bd_doruman,dolman sweater,3,78,brown,Brown,A52A2A,body_body234,rendered
63,234,bd_doruman,dolman sweater,4,35,darkslateblue,DarkSlateBlue,483D8B,body_body234,rendered
63,234,bd_doruman,dolman sweater,5,55,darkcyan,DarkCyan,008B8B,body_body234,rendered
63,234,bd_doruman,dolman sweater,6,85,lightgrey,LightGrey,D3D3D3,body_body234,rendered
63,234,bd_doruman,dolman sweater,7,61,chartreuse,Chartreuse,7FFF00,body_body234,rendered
64,63,bd_short_shirts,short-sleeved shirt,0,67,darkolivegreen,DarkOliveGreen,556B2F,body_body063,rendered
64,63,bd_short_shirts,short-sleeved shirt,1,76,dark_amber,Dark amber,624806,body_body063,rendered
64,63,bd_short_shirts,short-sleeved shirt,2,88,dark_gray,Dark gray,4D4D4D,body_body063,rendered
64,63,bd_short_shirts,short-sleeved shirt,3,80,deep_reddish_brown,Deep reddish brown,560000,body_body063,rendered
64,63,bd_short_shirts,short-sleeved shirt,4,55,darkcyan,DarkCyan,008B8B,body_body063,rendered
64,63,bd_short_shirts,short-sleeved shirt,5,84,white,White,FFFFFF,body_body063,rendered
64,63,bd_short_shirts,short-sleeved shirt,6,11,orange,Orange,FFA500,body_body063,rendered
64,63,bd_short_shirts,short-sleeved shirt,7,21,pink,Pink,FFC0CB,body_body063,rendered
65,235,bd_favorite_taitu,dress & tights,0,19,darkred,DarkRed,8B0000,body_body235,rendered
65,235,bd_favorite_taitu,dress & tights,1,56,deep_cyan_2,Deep cyan 2,004240,body_body235,rendered
65,235,bd_favorite_taitu,dress & tights,2,29,mediumvioletred,MediumVioletRed,C71585,body_body235,rendered
65,235,bd_favorite_taitu,dress & tights,3,88,dark_gray,Dark gray,4D4D4D,body_body235,rendered
65,235,bd_favorite_taitu,dress & tights,4,84,white,White,FFFFFF,body_body235,rendered
65,235,bd_favorite_taitu,dress & tights,5,32,mediumpurple,MediumPurple,9370DB,body_body235,rendered
65,235,bd_favorite_taitu,dress & tights,6,17,orangered,OrangeRed,FF4500,body_body235,rendered
65,235,bd_favorite_taitu,dress & tights,7,41,deepskyblue,DeepSkyBlue,00BFFF,body_body235,rendered
66,241,bd_sweater,reindeer dress,0,18,moderate_red,Moderate red,CB0F0F,body_body241,rendered
66,241,bd_sweater,reindeer dress,1,66,olive,Olive,808000,body_body241,rendered
66,241,bd_sweater,reindeer dress,2,91,black,Black,000000,body_body241,rendered
66,241,bd_sweater,reindeer dress,3,55,darkcyan,DarkCyan,008B8B,body_body241,rendered
66,241,bd_sweater,reindeer dress,4,22,lightcoral,LightCoral,F08080,body_body241,rendered
66,241,bd_sweater,reindeer dress,5,81,deep_brown_red,Deep brown red,3E1300,body_body241,rendered
66,241,bd_sweater,reindeer dress,6,47,darkblue_2,DarkBlue_2,1E1E4C,body_body241,rendered
66,241,bd_sweater,reindeer dress,7,32,mediumpurple,MediumPurple,9370DB,body_body241,rendered
67,67,bd_pink_parka,heart sweatshirt,0,26,deeppink,DeepPink,FF1493,body_body067,rendered
67,67,bd_pink_parka,heart sweatshirt,1,11,orange,Orange,FFA500,body_body067,rendered
67,67,bd_pink_parka,heart sweatshirt,2,41,deepskyblue,DeepSkyBlue,00BFFF,body_body067,rendered
67,67,bd_pink_parka,heart sweatshirt,3,62,lime,Lime,00FF00,body_body067,rendered
67,67,bd_pink_parka,heart sweatshirt,4,34,light_brilliant_violet,Light brilliant violet,9933FF,body_body067,rendered
67,67,bd_pink_parka,heart sweatshirt,5,46,darkblue,DarkBlue,00008B,body_body067,rendered
67,67,bd_pink_parka,heart sweatshirt,6,87,gray,Gray,808080,body_body067,rendered
67,67,bd_pink_parka,heart sweatshirt,7,19,darkred,DarkRed,8B0000,body_body067,rendered
68,68,bd_check_onep,checkered dress,0,91,black,Black,000000,body_body068,rendered
68,68,bd_check_onep,checkered dress,1,69,very_deep_green,Very deep green,003300,body_body068,rendered
68,68,bd_check_onep,checkered dress,2,43,royalblue,RoyalBlue,4169E1,body_body068,rendered
68,68,bd_check_onep,checkered dress,3,13,luminous_vivid_orange,Luminous vivid orange,FF6600,body_body068,rendered
68,68,bd_check_onep,checkered dress,4,38,deep_magenta,Deep magenta,5C005C,body_body068,rendered
68,68,bd_check_onep,checkered dress,5,18,moderate_red,Moderate red,CB0F0F,body_body068,rendered
68,68,bd_check_onep,checkered dress,6,74,darkgoldenrod,DarkGoldenrod,B8860B,body_body068,rendered
68,68,bd_check_onep,checkered dress,7,87,gray,Gray,808080,body_body068,rendered
69,251,bd_zire,diamond vest,0,91,black,Black,000000,body_body251,rendered
69,251,bd_zire,diamond vest,1,75,moderate_amber,Moderate amber,886308,body_body251,rendered
69,251,bd_zire,diamond vest,2,22,lightcoral,LightCoral,F08080,body_body251,rendered
69,251,bd_zire,diamond vest,3,56,deep_cyan_2,Deep cyan 2,004240,body_body251,rendered
69,251,bd_zire,diamond vest,4,72,tan,Tan,D2B48C,body_body251,rendered
69,251,bd_zire,diamond vest,5,28,fuchsia,Fuchsia,FF00FF,body_body251,rendered
69,251,bd_zire,diamond vest,6,6,gold,Gold,FFD700,body_body251,rendered
69,251,bd_zire,diamond vest,7,87,gray,Gray,808080,body_body251,rendered
70,69,bd_gauze_onep,gauze dress,0,71,burlywood,BurlyWood,DEB887,body_body069,rendered
70,69,bd_gauze_onep,gauze dress,1,67,darkolivegreen,DarkOliveGreen,556B2F,body_body069,rendered
70,69,bd_gauze_onep,gauze dress,2,89,very_dark_gray,Very dark gray,333333,body_body069,rendered
70,69,bd_gauze_onep,gauze dress,3,79,saddlebrown,SaddleBrown,8B4513,body_body069,rendered
70,69,bd_gauze_onep,gauze dress,4,8,salmon,Salmon,FA8072,body_body069,rendered
70,69,bd_gauze_onep,gauze dress,5,42,luminous_vivid_azure,Luminous vivid azure,0066FF,body_body069,rendered
70,69,bd_gauze_onep,gauze dress,6,61,chartreuse,Chartreuse,7FFF00,body_body069,rendered
70,69,bd_gauze_onep,gauze dress,7,36,indigo,Indigo,4B0082,body_body069,rendered
71,242,bd_corsage_onep,loose-fit dress,0,9,coral,Coral,FF7F50,body_body242,rendered
71,242,bd_corsage_onep,loose-fit dress,1,4,light_brilliant_amber_yellow,Light brilliant amber yellow,FFEC65,body_body242,rendered
71,242,bd_corsage_onep,loose-fit dress,2,44,moderate_blue,Moderate blue,323296,body_body242,rendered
71,242,bd_corsage_onep,loose-fit dress,3,65,olivedrab,OliveDrab,6B8E23,body_body242,rendered
71,242,bd_corsage_onep,loose-fit dress,4,21,pink,Pink,FFC0CB,body_body242,rendered
71,242,bd_corsage_onep,loose-fit dress,5,36,indigo,Indigo,4B0082,body_body242,rendered
71,242,bd_corsage_onep,loose-fit dress,6,91,black,Black,000000,body_body242,rendered
71,242,bd_corsage_onep,loose-fit dress,7,54,darkturquoise,DarkTurquoise,00CED1,body_body242,rendered
72,70,bd_check_muffler,prepster outfit,0,6,gold,Gold,FFD700,body_body070,rendered
72,70,bd_check_muffler,prepster outfit,1,19,darkred,DarkRed,8B0000,body_body070,rendered
72,70,bd_check_muffler,prepster outfit,2,43,royalblue,RoyalBlue,4169E1,body_body070,rendered
72,70,bd_check_muffler,prepster outfit,3,63,limegreen,LimeGreen,32CD32,body_body070,rendered
72,70,bd_check_muffler,prepster outfit,4,34,light_brilliant_violet,Light brilliant violet,9933FF,body_body070,rendered
72,70,bd_check_muffler,prepster outfit,5,91,black,Black,000000,body_body070,rendered
72,70,bd_check_muffler,prepster outfit,6,48,deep_blue,Deep blue,000054,body_body070,rendered
72,70,bd_check_muffler,prepster outfit,7,70,rosybrown,RosyBrown,BC8F8F,body_body070,rendered
73,71,bd_long_leather,leather trench coat,0,90,very_dark_gray_2,Very dark gray 2,232323,body_body071,rendered
73,71,bd_long_leather,leather trench coat,1,19,darkred,DarkRed,8B0000,body_body071,rendered
73,71,bd_long_leather,leather trench coat,2,61,chartreuse,Chartreuse,7FFF00,body_body071,rendered
73,71,bd_long_leather,leather trench coat,3,36,indigo,Indigo,4B0082,body_body071,rendered
73,71,bd_long_leather,leather trench coat,4,76,dark_amber,Dark amber,624806,body_body071,rendered
73,71,bd_long_leather,leather trench coat,5,16,red,Red,FF0000,body_body071,rendered
73,71,bd_long_leather,leather trench coat,6,86,darkgray,DarkGray,A9A9A9,body_body071,rendered
73,71,bd_long_leather,leather trench coat,7,47,darkblue_2,DarkBlue_2,1E1E4C,body_body071,rendered
74,236,bd_big_check,short checkered dress,0,9,coral,Coral,FF7F50,body_body236,rendered
74,236,bd_big_check,short checkered dress,1,35,darkslateblue,DarkSlateBlue,483D8B,body_body236,rendered
74,236,bd_big_check,short checkered dress,2,37,darkmagenta,DarkMagenta,8B008B,body_body236,rendered
74,236,bd_big_check,short checkered dress,3,78,brown,Brown,A52A2A,body_body236,rendered
74,236,bd_big_check,short checkered dress,4,88,dark_gray,Dark gray,4D4D4D,body_body236,rendered
74,236,bd_big_check,short checkered dress,5,5,yellow,Yellow,FFFF00,body_body236,rendered
74,236,bd_big_check,short checkered dress,6,41,deepskyblue,DeepSkyBlue,00BFFF,body_body236,rendered
74,236,bd_big_check,short checkered dress,7,69,very_deep_green,Very deep green,003300,body_body236,rendered
75,72,bd_vneck_sweater,V-neck sweater,0,6,gold,Gold,FFD700,body_body072,rendered
75,72,bd_vneck_sweater,V-neck sweater,1,55,darkcyan,DarkCyan,008B8B,body_body072,rendered
75,72,bd_vneck_sweater,V-neck sweater,2,30,lavender,Lavender,E6E6FA,body_body072,rendered
75,72,bd_vneck_sweater,V-neck sweater,3,65,olivedrab,OliveDrab,6B8E23,body_body072,rendered
75,72,bd_vneck_sweater,V-neck sweater,4,13,luminous_vivid_orange,Luminous vivid orange,FF6600,body_body072,rendered
75,72,bd_vneck_sweater,V-neck sweater,5,88,dark_gray,Dark gray,4D4D4D,body_body072,rendered
75,72,bd_vneck_sweater,V-neck sweater,6,60,greenyellow,GreenYellow,ADFF2F,body_body072,rendered
75,72,bd_vneck_sweater,V-neck sweater,7,15,indianred,IndianRed,CD5C5C,body_body072,rendered
76,73,bd_millitary_coat,military coat,0,67,darkolivegreen,DarkOliveGreen,556B2F,body_body073,rendered
76,73,bd_millitary_coat,military coat,1,85,lightgrey,LightGrey,D3D3D3,body_body073,rendered
76,73,bd_millitary_coat,military coat,2,47,darkblue_2,DarkBlue_2,1E1E4C,body_body073,rendered
76,73,bd_millitary_coat,military coat,3,75,moderate_amber,Moderate amber,886308,body_body073,rendered
76,73,bd_millitary_coat,military coat,4,56,deep_cyan_2,Deep cyan 2,004240,body_body073,rendered
76,73,bd_millitary_coat,military coat,5,66,olive,Olive,808000,body_body073,rendered
76,73,bd_millitary_coat,military coat,6,87,gray,Gray,808080,body_body073,rendered
76,73,bd_millitary_coat,military coat,7,82,dark_gamboge,Dark gamboge,452F12,body_body073,rendered
77,74,bd_polo,polo shirt,0,23,very_light_crimson,Very light crimson,FF82AB,body_body074,rendered
77,74,bd_polo,polo shirt,1,84,white,White,FFFFFF,body_body074,rendered
77,74,bd_polo,polo shirt,2,50,aquamarine,Aquamarine,7FFFD4,body_body074,rendered
77,74,bd_polo,polo shirt,3,64,mediumseagreen,MediumSeaGreen,3CB371,body_body074,rendered
77,74,bd_polo,polo shirt,4,73,goldenrod,Goldenrod,DAA520,body_body074,rendered
77,74,bd_polo,polo shirt,5,90,very_dark_gray_2,Very dark gray 2,232323,body_body074,rendered
77,74,bd_polo,polo shirt,6,16,red,Red,FF0000,body_body074,rendered
77,74,bd_polo,polo shirt,7,42,luminous_vivid_azure,Luminous vivid azure,0066FF,body_body074,rendered
78,250,bd_rollup,short-sleeved jacket,0,42,luminous_vivid_azure,Luminous vivid azure,0066FF,body_body250,rendered
78,250,bd_rollup,short-sleeved jacket,1,13,luminous_vivid_orange,Luminous vivid orange,FF6600,body_body250,rendered
78,250,bd_rollup,short-sleeved jacket,2,91,black,Black,000000,body_body250,rendered
78,250,bd_rollup,short-sleeved jacket,3,68,darkgreen,DarkGreen,006400,body_body250,rendered
78,250,bd_rollup,short-sleeved jacket,4,61,chartreuse,Chartreuse,7FFF00,body_body250,rendered
78,250,bd_rollup,short-sleeved jacket,5,16,red,Red,FF0000,body_body250,rendered
78,250,bd_rollup,short-sleeved jacket,6,6,gold,Gold,FFD700,body_body250,rendered
78,250,bd_rollup,short-sleeved jacket,7,35,darkslateblue,DarkSlateBlue,483D8B,body_body250,rendered
79,75,bd_s_food,Food Mart uniform,0,13,luminous_vivid_orange,Luminous vivid orange,FF6600,body_body075,rendered
79,75,bd_s_food,Food Mart uniform,1,89,very_dark_gray,Very dark gray,333333,body_body075,rendered
79,75,bd_s_food,Food Mart uniform,2,25,light_brilliant_crimson,Light brilliant crimson,FF4C87,body_body075,rendered
79,75,bd_s_food,Food Mart uniform,3,46,darkblue,DarkBlue,00008B,body_body075,rendered
79,75,bd_s_food,Food Mart uniform,4,54,darkturquoise,DarkTurquoise,00CED1,body_body075,rendered
79,75,bd_s_food,Food Mart uniform,5,37,darkmagenta,DarkMagenta,8B008B,body_body075,rendered
79,75,bd_s_food,Food Mart uniform,6,78,brown,Brown,A52A2A,body_body075,rendered
79,75,bd_s_food,Food Mart uniform,7,63,limegreen,LimeGreen,32CD32,body_body075,rendered
80,76,bd_best,outdoorsy outfit,0,73,goldenrod,Goldenrod,DAA520,body_body076,rendered
80,76,bd_best,outdoorsy outfit,1,38,deep_magenta,Deep magenta,5C005C,body_body076,rendered
80,76,bd_best,outdoorsy outfit,2,46,darkblue,DarkBlue,00008B,body_body076,rendered
80,76,bd_best,outdoorsy outfit,3,91,black,Black,000000,body_body076,rendered
80,76,bd_best,outdoorsy outfit,4,66,olive,Olive,808000,body_body076,rendered
80,76,bd_best,outdoorsy outfit,5,82,dark_gamboge,Dark gamboge,452F12,body_body076,rendered
80,76,bd_best,outdoorsy outfit,6,51,cadetblue,CadetBlue,5F9EA0,body_body076,rendered
80,76,bd_best,outdoorsy outfit,7,18,moderate_red,Moderate red,CB0F0F,body_body076,rendered
81,77,bd_cardigan,cardigan,0,19,darkred,DarkRed,8B0000,body_body077,rendered
81,77,bd_cardigan,cardigan,1,4,light_brilliant_amber_yellow,Light brilliant amber yellow,FFEC65,body_body077,rendered
81,77,bd_cardigan,cardigan,2,47,darkblue_2,DarkBlue_2,1E1E4C,body_body077,rendered
81,77,bd_cardigan,cardigan,3,61,chartreuse,Chartreuse,7FFF00,body_body077,rendered
81,77,bd_cardigan,cardigan,4,56,deep_cyan_2,Deep cyan 2,004240,body_body077,rendered
81,77,bd_cardigan,cardigan,5,76,dark_amber,Dark amber,624806,body_body077,rendered
81,77,bd_cardigan,cardigan,6,91,black,Black,000000,body_body077,rendered
81,77,bd_cardigan,cardigan,7,45,blue,Blue,0000FF,body_body077,rendered
82,79,bd_sta_jam,varsity jacket,0,17,orangered,OrangeRed,FF4500,body_body079,rendered
82,79,bd_sta_jam,varsity jacket,1,19,darkred,DarkRed,8B0000,body_body079,rendered
82,79,bd_sta_jam,varsity jacket,2,56,deep_cyan_2,Deep cyan 2,004240,body_body079,rendered
82,79,bd_sta_jam,varsity jacket,3,68,darkgreen,DarkGreen,006400,body_body079,rendered
82,79,bd_sta_jam,varsity jacket,4,87,gray,Gray,808080,body_body079,rendered
82,79,bd_sta_jam,varsity jacket,5,48,deep_blue,Deep blue,000054,body_body079,rendered
82,79,bd_sta_jam,varsity jacket,6,75,moderate_amber,Moderate amber,886308,body_body079,rendered
82,79,bd_sta_jam,varsity jacket,7,91,black,Black,000000,body_body079,rendered
83,80,bd_bathtowel,bath towel,0,84,white,White,FFFFFF,body_body080|body_body080F,rendered
83,80,bd_bathtowel,bath towel,1,40,lightskyblue,LightSkyBlue,87CEFA,body_body080|body_body080F,rendered
83,80,bd_bathtowel,bath towel,2,87,gray,Gray,808080,body_body080|body_body080F,rendered
83,80,bd_bathtowel,bath towel,3,27,very_light_magenta,Very light magenta,FF99FF,body_body080|body_body080F,rendered
83,80,bd_bathtowel,bath towel,4,82,dark_gamboge,Dark gamboge,452F12,body_body080|body_body080F,rendered
83,80,bd_bathtowel,bath towel,5,21,pink,Pink,FFC0CB,body_body080|body_body080F,rendered
83,80,bd_bathtowel,bath towel,6,41,deepskyblue,DeepSkyBlue,00BFFF,body_body080|body_body080F,rendered
83,80,bd_bathtowel,bath towel,7,67,darkolivegreen,DarkOliveGreen,556B2F,body_body080|body_body080F,rendered
84,81,bd_haramaki,haramaki,0,11,orange,Orange,FFA500,body_body081,rendered
84,81,bd_haramaki,haramaki,1,18,moderate_red,Moderate red,CB0F0F,body_body081,rendered
84,81,bd_haramaki,haramaki,2,88,dark_gray,Dark gray,4D4D4D,body_body081,rendered
84,81,bd_haramaki,haramaki,3,79,saddlebrown,SaddleBrown,8B4513,body_body081,rendered
84,81,bd_haramaki,haramaki,4,52,steelblue,SteelBlue,4682B4,body_body081,rendered
84,81,bd_haramaki,haramaki,5,65,olivedrab,OliveDrab,6B8E23,body_body081,rendered
84,81,bd_haramaki,haramaki,6,15,indianred,IndianRed,CD5C5C,body_body081,rendered
84,81,bd_haramaki,haramaki,7,35,darkslateblue,DarkSlateBlue,483D8B,body_body081,rendered
85,82,bd_happi,,0,41,deepskyblue,DeepSkyBlue,00BFFF,,missing_physical_asset
85,82,bd_happi,,1,16,red,Red,FF0000,,missing_physical_asset
85,82,bd_happi,,2,87,gray,Gray,808080,,missing_physical_asset
85,82,bd_happi,,3,11,orange,Orange,FFA500,,missing_physical_asset
85,82,bd_happi,,4,62,lime,Lime,00FF00,,missing_physical_asset
85,82,bd_happi,,5,84,white,White,FFFFFF,,missing_physical_asset
85,82,bd_happi,,6,26,deeppink,DeepPink,FF1493,,missing_physical_asset
85,82,bd_happi,,7,45,blue,Blue,0000FF,,missing_physical_asset
86,83,bd_hakui,lab coat,0,39,lightcyan,LightCyan,E0FFFF,body_body083,rendered
86,83,bd_hakui,lab coat,1,3,khaki,Khaki,F0E68C,body_body083,rendered
86,83,bd_hakui,lab coat,2,21,pink,Pink,FFC0CB,body_body083,rendered
86,83,bd_hakui,lab coat,3,57,palegreen,PaleGreen,98FB98,body_body083,rendered
86,83,bd_hakui,lab coat,4,40,lightskyblue,LightSkyBlue,87CEFA,body_body083,rendered
86,83,bd_hakui,lab coat,5,31,plum,Plum,DDA0DD,body_body083,rendered
87,84,bd_genshi,caveman outfit,0,76,dark_amber,Dark amber,624806,body_body084,rendered
87,84,bd_genshi,caveman outfit,1,8,salmon,Salmon,FA8072,body_body084,rendered
87,84,bd_genshi,caveman outfit,2,68,darkgreen,DarkGreen,006400,body_body084,rendered
87,84,bd_genshi,caveman outfit,3,86,darkgray,DarkGray,A9A9A9,body_body084,rendered
87,84,bd_genshi,caveman outfit,4,91,black,Black,000000,body_body084,rendered
87,84,bd_genshi,caveman outfit,5,56,deep_cyan_2,Deep cyan 2,004240,body_body084,rendered
87,84,bd_genshi,caveman outfit,6,34,light_brilliant_violet,Light brilliant violet,9933FF,body_body084,rendered
87,84,bd_genshi,caveman outfit,7,66,olive,Olive,808000,body_body084,rendered
88,85,bd_gaku_ran,private-school uniform,0,90,very_dark_gray_2,Very dark gray 2,232323,body_body085,rendered
88,85,bd_gaku_ran,private-school uniform,1,87,gray,Gray,808080,body_body085,rendered
88,85,bd_gaku_ran,private-school uniform,2,30,lavender,Lavender,E6E6FA,body_body085,rendered
88,85,bd_gaku_ran,private-school uniform,3,37,darkmagenta,DarkMagenta,8B008B,body_body085,rendered
88,85,bd_gaku_ran,private-school uniform,4,48,deep_blue,Deep blue,000054,body_body085,rendered
88,85,bd_gaku_ran,private-school uniform,5,35,darkslateblue,DarkSlateBlue,483D8B,body_body085,rendered
88,85,bd_gaku_ran,private-school uniform,6,60,greenyellow,GreenYellow,ADFF2F,body_body085,rendered
88,85,bd_gaku_ran,private-school uniform,7,78,brown,Brown,A52A2A,body_body085,rendered
89,86,bd_s_interior,Interiors uniform,0,79,saddlebrown,SaddleBrown,8B4513,body_body086,rendered
89,86,bd_s_interior,Interiors uniform,1,85,lightgrey,LightGrey,D3D3D3,body_body086,rendered
89,86,bd_s_interior,Interiors uniform,2,66,olive,Olive,808000,body_body086,rendered
89,86,bd_s_interior,Interiors uniform,3,55,darkcyan,DarkCyan,008B8B,body_body086,rendered
89,86,bd_s_interior,Interiors uniform,4,37,darkmagenta,DarkMagenta,8B008B,body_body086,rendered
89,86,bd_s_interior,Interiors uniform,5,91,black,Black,000000,body_body086,rendered
89,86,bd_s_interior,Interiors uniform,6,15,indianred,IndianRed,CD5C5C,body_body086,rendered
89,86,bd_s_interior,Interiors uniform,7,5,yellow,Yellow,FFFF00,body_body086,rendered
90,87,bd_cheer_girl,cheerleader uniform,0,45,blue,Blue,0000FF,body_body087,rendered
90,87,bd_cheer_girl,cheerleader uniform,1,61,chartreuse,Chartreuse,7FFF00,body_body087,rendered
90,87,bd_cheer_girl,cheerleader uniform,2,84,white,White,FFFFFF,body_body087,rendered
90,87,bd_cheer_girl,cheerleader uniform,3,37,darkmagenta,DarkMagenta,8B008B,body_body087,rendered
90,87,bd_cheer_girl,cheerleader uniform,4,6,gold,Gold,FFD700,body_body087,rendered
90,87,bd_cheer_girl,cheerleader uniform,5,28,fuchsia,Fuchsia,FF00FF,body_body087,rendered
90,87,bd_cheer_girl,cheerleader uniform,6,91,black,Black,000000,body_body087,rendered
90,87,bd_cheer_girl,cheerleader uniform,7,18,moderate_red,Moderate red,CB0F0F,body_body087,rendered
91,88,bd_sweat,sweat suit,0,88,dark_gray,Dark gray,4D4D4D,body_body088,rendered
91,88,bd_sweat,sweat suit,1,8,salmon,Salmon,FA8072,body_body088,rendered
91,88,bd_sweat,sweat suit,2,14,palevioletred,PaleVioletRed,DB7093,body_body088,rendered
91,88,bd_sweat,sweat suit,3,51,cadetblue,CadetBlue,5F9EA0,body_body088,rendered
91,88,bd_sweat,sweat suit,4,73,goldenrod,Goldenrod,DAA520,body_body088,rendered
91,88,bd_sweat,sweat suit,5,85,lightgrey,LightGrey,D3D3D3,body_body088,rendered
91,88,bd_sweat,sweat suit,6,29,mediumvioletred,MediumVioletRed,C71585,body_body088,rendered
91,88,bd_sweat,sweat suit,7,63,limegreen,LimeGreen,32CD32,body_body088,rendered
92,89,bd_old_jersey,leisure wear,0,19,darkred,DarkRed,8B0000,body_body089,rendered
92,89,bd_old_jersey,leisure wear,1,74,darkgoldenrod,DarkGoldenrod,B8860B,body_body089,rendered
92,89,bd_old_jersey,leisure wear,2,68,darkgreen,DarkGreen,006400,body_body089,rendered
92,89,bd_old_jersey,leisure wear,3,56,deep_cyan_2,Deep cyan 2,004240,body_body089,rendered
92,89,bd_old_jersey,leisure wear,4,35,darkslateblue,DarkSlateBlue,483D8B,body_body089,rendered
92,89,bd_old_jersey,leisure wear,5,89,very_dark_gray,Very dark gray,333333,body_body089,rendered
92,89,bd_old_jersey,leisure wear,6,46,darkblue,DarkBlue,00008B,body_body089,rendered
92,89,bd_old_jersey,leisure wear,7,23,very_light_crimson,Very light crimson,FF82AB,body_body089,rendered
93,90,bd_sexy_dress,evening gown,0,91,black,Black,000000,body_body090,rendered
93,90,bd_sexy_dress,evening gown,1,80,deep_reddish_brown,Deep reddish brown,560000,body_body090,rendered
93,90,bd_sexy_dress,evening gown,2,31,plum,Plum,DDA0DD,body_body090,rendered
93,90,bd_sexy_dress,evening gown,3,58,yellowgreen,YellowGreen,9ACD32,body_body090,rendered
93,90,bd_sexy_dress,evening gown,4,74,darkgoldenrod,DarkGoldenrod,B8860B,body_body090,rendered
93,90,bd_sexy_dress,evening gown,5,6,gold,Gold,FFD700,body_body090,rendered
93,90,bd_sexy_dress,evening gown,6,46,darkblue,DarkBlue,00008B,body_body090,rendered
93,90,bd_sexy_dress,evening gown,7,16,red,Red,FF0000,body_body090,rendered
94,91,bd_tsunagi,coveralls,0,42,luminous_vivid_azure,Luminous vivid azure,0066FF,body_body091,rendered
94,91,bd_tsunagi,coveralls,1,6,gold,Gold,FFD700,body_body091,rendered
94,91,bd_tsunagi,coveralls,2,18,moderate_red,Moderate red,CB0F0F,body_body091,rendered
94,91,bd_tsunagi,coveralls,3,13,luminous_vivid_orange,Luminous vivid orange,FF6600,body_body091,rendered
94,91,bd_tsunagi,coveralls,4,64,mediumseagreen,MediumSeaGreen,3CB371,body_body091,rendered
94,91,bd_tsunagi,coveralls,5,67,darkolivegreen,DarkOliveGreen,556B2F,body_body091,rendered
94,91,bd_tsunagi,coveralls,6,85,lightgrey,LightGrey,D3D3D3,body_body091,rendered
94,91,bd_tsunagi,coveralls,7,90,very_dark_gray_2,Very dark gray 2,232323,body_body091,rendered
95,92,bd_tunic_pants,retro dress,0,18,moderate_red,Moderate red,CB0F0F,body_body092,rendered
95,92,bd_tunic_pants,retro dress,1,36,indigo,Indigo,4B0082,body_body092,rendered
95,92,bd_tunic_pants,retro dress,2,54,darkturquoise,DarkTurquoise,00CED1,body_body092,rendered
95,92,bd_tunic_pants,retro dress,3,58,yellowgreen,YellowGreen,9ACD32,body_body092,rendered
95,92,bd_tunic_pants,retro dress,4,91,black,Black,000000,body_body092,rendered
95,92,bd_tunic_pants,retro dress,5,11,orange,Orange,FFA500,body_body092,rendered
95,92,bd_tunic_pants,retro dress,6,68,darkgreen,DarkGreen,006400,body_body092,rendered
95,92,bd_tunic_pants,retro dress,7,48,deep_blue,Deep blue,000054,body_body092,rendered
96,93,bd_arabia,Arabian-princess outfit,0,34,light_brilliant_violet,Light brilliant violet,9933FF,body_body093,rendered
96,93,bd_arabia,Arabian-princess outfit,1,91,black,Black,000000,body_body093,rendered
96,93,bd_arabia,Arabian-princess outfit,2,16,red,Red,FF0000,body_body093,rendered
96,93,bd_arabia,Arabian-princess outfit,3,66,olive,Olive,808000,body_body093,rendered
96,93,bd_arabia,Arabian-princess outfit,4,54,darkturquoise,DarkTurquoise,00CED1,body_body093,rendered
96,93,bd_arabia,Arabian-princess outfit,5,74,darkgoldenrod,DarkGoldenrod,B8860B,body_body093,rendered
96,93,bd_arabia,Arabian-princess outfit,6,26,deeppink,DeepPink,FF1493,body_body093,rendered
96,93,bd_arabia,Arabian-princess outfit,7,45,blue,Blue,0000FF,body_body093,rendered
97,94,bd_boy_idol,boy-band outfit,0,88,dark_gray,Dark gray,4D4D4D,body_body094,rendered
97,94,bd_boy_idol,boy-band outfit,1,12,light_brilliant_amber,Light brilliant amber,FFC950,body_body094,rendered
97,94,bd_boy_idol,boy-band outfit,2,91,black,Black,000000,body_body094,rendered
97,94,bd_boy_idol,boy-band outfit,3,32,mediumpurple,MediumPurple,9370DB,body_body094,rendered
97,94,bd_boy_idol,boy-band outfit,4,42,luminous_vivid_azure,Luminous vivid azure,0066FF,body_body094,rendered
97,94,bd_boy_idol,boy-band outfit,5,19,darkred,DarkRed,8B0000,body_body094,rendered
97,94,bd_boy_idol,boy-band outfit,6,54,darkturquoise,DarkTurquoise,00CED1,body_body094,rendered
97,94,bd_boy_idol,boy-band outfit,7,85,lightgrey,LightGrey,D3D3D3,body_body094,rendered
98,95,bd_girl_idol,floral dress,0,25,light_brilliant_crimson,Light brilliant crimson,FF4C87,body_body095,rendered
98,95,bd_girl_idol,floral dress,1,42,luminous_vivid_azure,Luminous vivid azure,0066FF,body_body095,rendered
98,95,bd_girl_idol,floral dress,2,17,orangered,OrangeRed,FF4500,body_body095,rendered
98,95,bd_girl_idol,floral dress,3,32,mediumpurple,MediumPurple,9370DB,body_body095,rendered
98,95,bd_girl_idol,floral dress,4,66,olive,Olive,808000,body_body095,rendered
98,95,bd_girl_idol,floral dress,5,16,red,Red,FF0000,body_body095,rendered
98,95,bd_girl_idol,floral dress,6,63,limegreen,LimeGreen,32CD32,body_body095,rendered
98,95,bd_girl_idol,floral dress,7,91,black,Black,000000,body_body095,rendered
99,96,bd_bow_pants,bow tie & shorts,0,90,very_dark_gray_2,Very dark gray 2,232323,body_body096,rendered
99,96,bd_bow_pants,bow tie & shorts,1,4,light_brilliant_amber_yellow,Light brilliant amber yellow,FFEC65,body_body096,rendered
99,96,bd_bow_pants,bow tie & shorts,2,15,indianred,IndianRed,CD5C5C,body_body096,rendered
99,96,bd_bow_pants,bow tie & shorts,3,19,darkred,DarkRed,8B0000,body_body096,rendered
99,96,bd_bow_pants,bow tie & shorts,4,38,deep_magenta,Deep magenta,5C005C,body_body096,rendered
99,96,bd_bow_pants,bow tie & shorts,5,46,darkblue,DarkBlue,00008B,body_body096,rendered
99,96,bd_bow_pants,bow tie & shorts,6,69,very_deep_green,Very deep green,003300,body_body096,rendered
99,96,bd_bow_pants,bow tie & shorts,7,77,chocolate,Chocolate,D2691E,body_body096,rendered
100,97,bd_nurse,nurse uniform,0,84,white,White,FFFFFF,body_body097,rendered
100,97,bd_nurse,nurse uniform,1,90,very_dark_gray_2,Very dark gray 2,232323,body_body097,rendered
100,97,bd_nurse,nurse uniform,2,40,lightskyblue,LightSkyBlue,87CEFA,body_body097,rendered
100,97,bd_nurse,nurse uniform,3,21,pink,Pink,FFC0CB,body_body097,rendered
100,97,bd_nurse,nurse uniform,4,3,khaki,Khaki,F0E68C,body_body097,rendered
100,97,bd_nurse,nurse uniform,5,49,paleturquoise,PaleTurquoise,AFEEEE,body_body097,rendered
100,97,bd_nurse,nurse uniform,6,42,luminous_vivid_azure,Luminous vivid azure,0066FF,body_body097,rendered
100,97,bd_nurse,nurse uniform,7,63,limegreen,LimeGreen,32CD32,body_body097,rendered
101,98,bd_tobi,,0,80,deep_reddish_brown,Deep reddish brown,560000,,missing_physical_asset
101,98,bd_tobi,,1,64,mediumseagreen,MediumSeaGreen,3CB371,,missing_physical_asset
101,98,bd_tobi,,2,29,mediumvioletred,MediumVioletRed,C71585,,missing_physical_asset
101,98,bd_tobi,,3,84,white,White,FFFFFF,,missing_physical_asset
101,98,bd_tobi,,4,91,black,Black,000000,,missing_physical_asset
101,98,bd_tobi,,5,11,orange,Orange,FFA500,,missing_physical_asset
101,98,bd_tobi,,6,46,darkblue,DarkBlue,00008B,,missing_physical_asset
101,98,bd_tobi,,7,62,lime,Lime,00FF00,,missing_physical_asset
102,99,bd_pierrot,jester outfit,0,84,white,White,FFFFFF,body_body099,rendered
102,99,bd_pierrot,jester outfit,1,59,light_brilliant_yellow_lime,Light brilliant yellow lime,E7FF33,body_body099,rendered
102,99,bd_pierrot,jester outfit,2,91,black,Black,000000,body_body099,rendered
102,99,bd_pierrot,jester outfit,3,63,limegreen,LimeGreen,32CD32,body_body099,rendered
102,99,bd_pierrot,jester outfit,4,19,darkred,DarkRed,8B0000,body_body099,rendered
103,100,bd_yoroi,suit of armor,0,88,dark_gray,Dark gray,4D4D4D,body_body100,rendered
103,100,bd_yoroi,suit of armor,1,74,darkgoldenrod,DarkGoldenrod,B8860B,body_body100,rendered
103,100,bd_yoroi,suit of armor,2,19,darkred,DarkRed,8B0000,body_body100,rendered
103,100,bd_yoroi,suit of armor,3,85,lightgrey,LightGrey,D3D3D3,body_body100,rendered
103,100,bd_yoroi,suit of armor,4,56,deep_cyan_2,Deep cyan 2,004240,body_body100,rendered
103,100,bd_yoroi,suit of armor,5,91,black,Black,000000,body_body100,rendered
103,100,bd_yoroi,suit of armor,6,29,mediumvioletred,MediumVioletRed,C71585,body_body100,rendered
103,100,bd_yoroi,suit of armor,7,46,darkblue,DarkBlue,00008B,body_body100,rendered
104,101,bd_prisoner,prisoner costume,0,91,black,Black,000000,body_body101,rendered
104,101,bd_prisoner,prisoner costume,1,56,deep_cyan_2,Deep cyan 2,004240,body_body101,rendered
104,101,bd_prisoner,prisoner costume,2,13,luminous_vivid_orange,Luminous vivid orange,FF6600,body_body101,rendered
104,101,bd_prisoner,prisoner costume,3,16,red,Red,FF0000,body_body101,rendered
104,101,bd_prisoner,prisoner costume,4,29,mediumvioletred,MediumVioletRed,C71585,body_body101,rendered
104,101,bd_prisoner,prisoner costume,5,51,cadetblue,CadetBlue,5F9EA0,body_body101,rendered
104,101,bd_prisoner,prisoner costume,6,42,luminous_vivid_azure,Luminous vivid azure,0066FF,body_body101,rendered
104,101,bd_prisoner,prisoner costume,7,84,white,White,FFFFFF,body_body101,rendered
105,102,bd_maid,maid outfit,0,91,black,Black,000000,body_body102,rendered
105,102,bd_maid,maid outfit,1,56,deep_cyan_2,Deep cyan 2,004240,body_body102,rendered
105,102,bd_maid,maid outfit,2,70,rosybrown,RosyBrown,BC8F8F,body_body102,rendered
105,102,bd_maid,maid outfit,3,87,gray,Gray,808080,body_body102,rendered
105,102,bd_maid,maid outfit,4,32,mediumpurple,MediumPurple,9370DB,body_body102,rendered
105,102,bd_maid,maid outfit,5,74,darkgoldenrod,DarkGoldenrod,B8860B,body_body102,rendered
105,102,bd_maid,maid outfit,6,10,tomato,Tomato,FF6347,body_body102,rendered
105,102,bd_maid,maid outfit,7,48,deep_blue,Deep blue,000054,body_body102,rendered
106,103,bd_boro,vagabond outfit,0,6,gold,Gold,FFD700,body_body103,rendered
106,103,bd_boro,vagabond outfit,1,62,lime,Lime,00FF00,body_body103,rendered
106,103,bd_boro,vagabond outfit,2,34,light_brilliant_violet,Light brilliant violet,9933FF,body_body103,rendered
106,103,bd_boro,vagabond outfit,3,16,red,Red,FF0000,body_body103,rendered
106,103,bd_boro,vagabond outfit,4,45,blue,Blue,0000FF,body_body103,rendered
106,103,bd_boro,vagabond outfit,5,84,white,White,FFFFFF,body_body103,rendered
106,103,bd_boro,vagabond outfit,6,25,light_brilliant_crimson,Light brilliant crimson,FF4C87,body_body103,rendered
106,103,bd_boro,vagabond outfit,7,91,black,Black,000000,body_body103,rendered
107,104,bd_swim_male,swimsuit,0,46,darkblue,DarkBlue,00008B,body_body104|body_body104F,rendered
107,104,bd_swim_male,swimsuit,1,68,darkgreen,DarkGreen,006400,body_body104|body_body104F,rendered
107,104,bd_swim_male,swimsuit,2,91,black,Black,000000,body_body104|body_body104F,rendered
107,104,bd_swim_male,swimsuit,3,19,darkred,DarkRed,8B0000,body_body104|body_body104F,rendered
107,104,bd_swim_male,swimsuit,4,35,darkslateblue,DarkSlateBlue,483D8B,body_body104|body_body104F,rendered
107,104,bd_swim_male,swimsuit,5,86,darkgray,DarkGray,A9A9A9,body_body104|body_body104F,rendered
107,104,bd_swim_male,swimsuit,6,6,gold,Gold,FFD700,body_body104|body_body104F,rendered
107,104,bd_swim_male,swimsuit,7,41,deepskyblue,DeepSkyBlue,00BFFF,body_body104|body_body104F,rendered
108,105,bd_hero,superhero costume,0,16,red,Red,FF0000,body_body105,rendered
108,105,bd_hero,superhero costume,1,5,yellow,Yellow,FFFF00,body_body105,rendered
108,105,bd_hero,superhero costume,2,68,darkgreen,DarkGreen,006400,body_body105,rendered
108,105,bd_hero,superhero costume,3,26,deeppink,DeepPink,FF1493,body_body105,rendered
108,105,bd_hero,superhero costume,4,45,blue,Blue,0000FF,body_body105,rendered
108,105,bd_hero,superhero costume,5,90,very_dark_gray_2,Very dark gray 2,232323,body_body105,rendered
108,105,bd_hero,superhero costume,6,84,white,White,FFFFFF,body_body105,rendered
108,105,bd_hero,superhero costume,7,36,indigo,Indigo,4B0082,body_body105,rendered
109,106,bd_mawashi,,0,35,darkslateblue,DarkSlateBlue,483D8B,body_body106F,rendered
109,106,bd_mawashi,,1,66,olive,Olive,808000,body_body106F,rendered
109,106,bd_mawashi,,2,54,darkturquoise,DarkTurquoise,00CED1,body_body106F,rendered
109,106,bd_mawashi,,3,91,black,Black,000000,body_body106F,rendered
109,106,bd_mawashi,,4,80,deep_reddish_brown,Deep reddish brown,560000,body_body106F,rendered
109,106,bd_mawashi,,5,12,light_brilliant_amber,Light brilliant amber,FFC950,body_body106F,rendered
109,106,bd_mawashi,,6,68,darkgreen,DarkGreen,006400,body_body106F,rendered
109,106,bd_mawashi,,7,45,blue,Blue,0000FF,body_body106F,rendered
110,107,bd_basket,basketball uniform,0,17,orangered,OrangeRed,FF4500,body_body107,rendered
110,107,bd_basket,basketball uniform,1,38,deep_magenta,Deep magenta,5C005C,body_body107,rendered
110,107,bd_basket,basketball uniform,2,91,black,Black,000000,body_body107,rendered
110,107,bd_basket,basketball uniform,3,45,blue,Blue,0000FF,body_body107,rendered
110,107,bd_basket,basketball uniform,4,6,gold,Gold,FFD700,body_body107,rendered
110,107,bd_basket,basketball uniform,5,62,lime,Lime,00FF00,body_body107,rendered
110,107,bd_basket,basketball uniform,6,55,darkcyan,DarkCyan,008B8B,body_body107,rendered
110,107,bd_basket,basketball uniform,7,19,darkred,DarkRed,8B0000,body_body107,rendered
111,108,bd_dancer,dance clothes,0,42,luminous_vivid_azure,Luminous vivid azure,0066FF,body_body108,rendered
111,108,bd_dancer,dance clothes,1,26,deeppink,DeepPink,FF1493,body_body108,rendered
111,108,bd_dancer,dance clothes,2,91,black,Black,000000,body_body108,rendered
111,108,bd_dancer,dance clothes,3,84,white,White,FFFFFF,body_body108,rendered
111,108,bd_dancer,dance clothes,4,62,lime,Lime,00FF00,body_body108,rendered
111,108,bd_dancer,dance clothes,5,55,darkcyan,DarkCyan,008B8B,body_body108,rendered
111,108,bd_dancer,dance clothes,6,34,light_brilliant_violet,Light brilliant violet,9933FF,body_body108,rendered
111,108,bd_dancer,dance clothes,7,5,yellow,Yellow,FFFF00,body_body108,rendered
112,109,bd_kizoku,aristocratic clothes,0,16,red,Red,FF0000,body_body109,rendered
112,109,bd_kizoku,aristocratic clothes,1,68,darkgreen,DarkGreen,006400,body_body109,rendered
112,109,bd_kizoku,aristocratic clothes,2,74,darkgoldenrod,DarkGoldenrod,B8860B,body_body109,rendered
112,109,bd_kizoku,aristocratic clothes,3,46,darkblue,DarkBlue,00008B,body_body109,rendered
112,109,bd_kizoku,aristocratic clothes,4,83,very_dark_gamboge,Very dark gamboge,332819,body_body109,rendered
112,109,bd_kizoku,aristocratic clothes,5,54,darkturquoise,DarkTurquoise,00CED1,body_body109,rendered
112,109,bd_kizoku,aristocratic clothes,6,38,deep_magenta,Deep magenta,5C005C,body_body109,rendered
112,109,bd_kizoku,aristocratic clothes,7,61,chartreuse,Chartreuse,7FFF00,body_body109,rendered
113,110,bd_iruka,rubber waders,0,46,darkblue,DarkBlue,00008B,body_body110,rendered
113,110,bd_iruka,rubber waders,1,16,red,Red,FF0000,body_body110,rendered
113,110,bd_iruka,rubber waders,2,91,black,Black,000000,body_body110,rendered
113,110,bd_iruka,rubber waders,3,6,gold,Gold,FFD700,body_body110,rendered
113,110,bd_iruka,rubber waders,4,34,light_brilliant_violet,Light brilliant violet,9933FF,body_body110,rendered
113,110,bd_iruka,rubber waders,5,79,saddlebrown,SaddleBrown,8B4513,body_body110,rendered
113,110,bd_iruka,rubber waders,6,69,very_deep_green,Very deep green,003300,body_body110,rendered
113,110,bd_iruka,rubber waders,7,85,lightgrey,LightGrey,D3D3D3,body_body110,rendered
114,111,bd_police_female,,0,43,royalblue,RoyalBlue,4169E1,,missing_physical_asset
114,111,bd_police_female,,1,91,black,Black,000000,,missing_physical_asset
114,111,bd_police_female,,2,53,cyan,Cyan,00FFFF,,missing_physical_asset
114,111,bd_police_female,,3,46,darkblue,DarkBlue,00008B,,missing_physical_asset
114,111,bd_police_female,,4,73,goldenrod,Goldenrod,DAA520,,missing_physical_asset
114,111,bd_police_female,,5,84,white,White,FFFFFF,,missing_physical_asset
114,111,bd_police_female,,6,58,yellowgreen,YellowGreen,9ACD32,,missing_physical_asset
114,111,bd_police_female,,7,40,lightskyblue,LightSkyBlue,87CEFA,,missing_physical_asset
115,112,bd_baseball,baseball uniform,0,51,cadetblue,CadetBlue,5F9EA0,body_body112,rendered
115,112,bd_baseball,baseball uniform,1,6,gold,Gold,FFD700,body_body112,rendered
115,112,bd_baseball,baseball uniform,2,89,very_dark_gray,Very dark gray,333333,body_body112,rendered
115,112,bd_baseball,baseball uniform,3,13,luminous_vivid_orange,Luminous vivid orange,FF6600,body_body112,rendered
115,112,bd_baseball,baseball uniform,4,37,darkmagenta,DarkMagenta,8B008B,body_body112,rendered
115,112,bd_baseball,baseball uniform,5,18,moderate_red,Moderate red,CB0F0F,body_body112,rendered
115,112,bd_baseball,baseball uniform,6,42,luminous_vivid_azure,Luminous vivid azure,0066FF,body_body112,rendered
115,112,bd_baseball,baseball uniform,7,84,white,White,FFFFFF,body_body112,rendered
116,113,bd_pingpong,table-tennis uniform,0,64,mediumseagreen,MediumSeaGreen,3CB371,body_body113,rendered
116,113,bd_pingpong,table-tennis uniform,1,9,coral,Coral,FF7F50,body_body113,rendered
116,113,bd_pingpong,table-tennis uniform,2,11,orange,Orange,FFA500,body_body113,rendered
116,113,bd_pingpong,table-tennis uniform,3,28,fuchsia,Fuchsia,FF00FF,body_body113,rendered
116,113,bd_pingpong,table-tennis uniform,4,42,luminous_vivid_azure,Luminous vivid azure,0066FF,body_body113,rendered
116,113,bd_pingpong,table-tennis uniform,5,62,lime,Lime,00FF00,body_body113,rendered
116,113,bd_pingpong,table-tennis uniform,6,70,rosybrown,RosyBrown,BC8F8F,body_body113,rendered
116,113,bd_pingpong,table-tennis uniform,7,90,very_dark_gray_2,Very dark gray 2,232323,body_body113,rendered
117,114,bd_chief,chef outfit,0,30,lavender,Lavender,E6E6FA,body_body114,rendered
117,114,bd_chief,chef outfit,1,19,darkred,DarkRed,8B0000,body_body114,rendered
117,114,bd_chief,chef outfit,2,4,light_brilliant_amber_yellow,Light brilliant amber yellow,FFEC65,body_body114,rendered
117,114,bd_chief,chef outfit,3,90,very_dark_gray_2,Very dark gray 2,232323,body_body114,rendered
117,114,bd_chief,chef outfit,4,27,very_light_magenta,Very light magenta,FF99FF,body_body114,rendered
117,114,bd_chief,chef outfit,5,66,olive,Olive,808000,body_body114,rendered
117,114,bd_chief,chef outfit,6,74,darkgoldenrod,DarkGoldenrod,B8860B,body_body114,rendered
117,114,bd_chief,chef outfit,7,40,lightskyblue,LightSkyBlue,87CEFA,body_body114,rendered
118,115,bd_taxi,chauffeur uniform,0,40,lightskyblue,LightSkyBlue,87CEFA,body_body115,rendered
118,115,bd_taxi,chauffeur uniform,1,31,plum,Plum,DDA0DD,body_body115,rendered
118,115,bd_taxi,chauffeur uniform,2,11,orange,Orange,FFA500,body_body115,rendered
118,115,bd_taxi,chauffeur uniform,3,87,gray,Gray,808080,body_body115,rendered
118,115,bd_taxi,chauffeur uniform,4,63,limegreen,LimeGreen,32CD32,body_body115,rendered
118,115,bd_taxi,chauffeur uniform,5,84,white,White,FFFFFF,body_body115,rendered
118,115,bd_taxi,chauffeur uniform,6,53,cyan,Cyan,00FFFF,body_body115,rendered
118,115,bd_taxi,chauffeur uniform,7,16,red,Red,FF0000,body_body115,rendered
119,116,bd_conductor,doorman uniform,0,47,darkblue_2,DarkBlue_2,1E1E4C,body_body116,rendered
119,116,bd_conductor,doorman uniform,1,56,deep_cyan_2,Deep cyan 2,004240,body_body116,rendered
119,116,bd_conductor,doorman uniform,2,67,darkolivegreen,DarkOliveGreen,556B2F,body_body116,rendered
119,116,bd_conductor,doorman uniform,3,76,dark_amber,Dark amber,624806,body_body116,rendered
119,116,bd_conductor,doorman uniform,4,80,deep_reddish_brown,Deep reddish brown,560000,body_body116,rendered
119,116,bd_conductor,doorman uniform,5,82,dark_gamboge,Dark gamboge,452F12,body_body116,rendered
119,116,bd_conductor,doorman uniform,6,87,gray,Gray,808080,body_body116,rendered
119,116,bd_conductor,doorman uniform,7,23,very_light_crimson,Very light crimson,FF82AB,body_body116,rendered
120,117,bd_ballerina,ballerina outfit,0,84,white,White,FFFFFF,body_body117,rendered
120,117,bd_ballerina,ballerina outfit,1,9,coral,Coral,FF7F50,body_body117,rendered
120,117,bd_ballerina,ballerina outfit,2,62,lime,Lime,00FF00,body_body117,rendered
120,117,bd_ballerina,ballerina outfit,3,43,royalblue,RoyalBlue,4169E1,body_body117,rendered
120,117,bd_ballerina,ballerina outfit,4,75,moderate_amber,Moderate amber,886308,body_body117,rendered
120,117,bd_ballerina,ballerina outfit,5,91,black,Black,000000,body_body117,rendered
120,117,bd_ballerina,ballerina outfit,6,16,red,Red,FF0000,body_body117,rendered
120,117,bd_ballerina,ballerina outfit,7,37,darkmagenta,DarkMagenta,8B008B,body_body117,rendered
121,118,bd_tuxed,tuxedo,0,91,black,Black,000000,body_body118,rendered
121,118,bd_tuxed,tuxedo,1,14,palevioletred,PaleVioletRed,DB7093,body_body118,rendered
121,118,bd_tuxed,tuxedo,2,19,darkred,DarkRed,8B0000,body_body118,rendered
121,118,bd_tuxed,tuxedo,3,48,deep_blue,Deep blue,000054,body_body118,rendered
121,118,bd_tuxed,tuxedo,4,54,darkturquoise,DarkTurquoise,00CED1,body_body118,rendered
121,118,bd_tuxed,tuxedo,5,69,very_deep_green,Very deep green,003300,body_body118,rendered
121,118,bd_tuxed,tuxedo,6,73,goldenrod,Goldenrod,DAA520,body_body118,rendered
121,118,bd_tuxed,tuxedo,7,84,white,White,FFFFFF,body_body118,rendered
122,119,bd_princess2,princess outfit,0,26,deeppink,DeepPink,FF1493,body_body119,rendered
122,119,bd_princess2,princess outfit,1,46,darkblue,DarkBlue,00008B,body_body119,rendered
122,119,bd_princess2,princess outfit,2,76,dark_amber,Dark amber,624806,body_body119,rendered
122,119,bd_princess2,princess outfit,3,6,gold,Gold,FFD700,body_body119,rendered
122,119,bd_princess2,princess outfit,4,37,darkmagenta,DarkMagenta,8B008B,body_body119,rendered
122,119,bd_princess2,princess outfit,5,64,mediumseagreen,MediumSeaGreen,3CB371,body_body119,rendered
122,119,bd_princess2,princess outfit,6,86,darkgray,DarkGray,A9A9A9,body_body119,rendered
122,119,bd_princess2,princess outfit,7,61,chartreuse,Chartreuse,7FFF00,body_body119,rendered
123,120,bd_spaceman,astronaut suit,0,84,white,White,FFFFFF,body_body120,rendered
123,120,bd_spaceman,astronaut suit,1,91,black,Black,000000,body_body120,rendered
123,120,bd_spaceman,astronaut suit,2,48,deep_blue,Deep blue,000054,body_body120,rendered
123,120,bd_spaceman,astronaut suit,3,16,red,Red,FF0000,body_body120,rendered
123,120,bd_spaceman,astronaut suit,4,17,orangered,OrangeRed,FF4500,body_body120,rendered
123,120,bd_spaceman,astronaut suit,5,5,yellow,Yellow,FFFF00,body_body120,rendered
123,120,bd_spaceman,astronaut suit,6,23,very_light_crimson,Very light crimson,FF82AB,body_body120,rendered
123,120,bd_spaceman,astronaut suit,7,56,deep_cyan_2,Deep cyan 2,004240,body_body120,rendered
124,121,bd_yoga,yoga outfit,0,34,light_brilliant_violet,Light brilliant violet,9933FF,body_body121,rendered
124,121,bd_yoga,yoga outfit,1,17,orangered,OrangeRed,FF4500,body_body121,rendered
124,121,bd_yoga,yoga outfit,2,22,lightcoral,LightCoral,F08080,body_body121,rendered
124,121,bd_yoga,yoga outfit,3,51,cadetblue,CadetBlue,5F9EA0,body_body121,rendered
124,121,bd_yoga,yoga outfit,4,61,chartreuse,Chartreuse,7FFF00,body_body121,rendered
124,121,bd_yoga,yoga outfit,5,87,gray,Gray,808080,body_body121,rendered
124,121,bd_yoga,yoga outfit,6,74,darkgoldenrod,DarkGoldenrod,B8860B,body_body121,rendered
124,121,bd_yoga,yoga outfit,7,16,red,Red,FF0000,body_body121,rendered
125,122,bd_samue,,0,47,darkblue_2,DarkBlue_2,1E1E4C,,missing_physical_asset
125,122,bd_samue,,1,10,tomato,Tomato,FF6347,,missing_physical_asset
125,122,bd_samue,,2,75,moderate_amber,Moderate amber,886308,,missing_physical_asset
125,122,bd_samue,,3,53,cyan,Cyan,00FFFF,,missing_physical_asset
125,122,bd_samue,,4,72,tan,Tan,D2B48C,,missing_physical_asset
125,122,bd_samue,,5,79,saddlebrown,SaddleBrown,8B4513,,missing_physical_asset
125,122,bd_samue,,6,65,olivedrab,OliveDrab,6B8E23,,missing_physical_asset
125,122,bd_samue,,7,73,goldenrod,Goldenrod,DAA520,,missing_physical_asset
126,123,bd_depart,Sunday dress,0,73,goldenrod,Goldenrod,DAA520,body_body123,rendered
126,123,bd_depart,Sunday dress,1,22,lightcoral,LightCoral,F08080,body_body123,rendered
126,123,bd_depart,Sunday dress,2,56,deep_cyan_2,Deep cyan 2,004240,body_body123,rendered
126,123,bd_depart,Sunday dress,3,19,darkred,DarkRed,8B0000,body_body123,rendered
126,123,bd_depart,Sunday dress,4,69,very_deep_green,Very deep green,003300,body_body123,rendered
126,123,bd_depart,Sunday dress,5,47,darkblue_2,DarkBlue_2,1E1E4C,body_body123,rendered
126,123,bd_depart,Sunday dress,6,32,mediumpurple,MediumPurple,9370DB,body_body123,rendered
126,123,bd_depart,Sunday dress,7,84,white,White,FFFFFF,body_body123,rendered
127,124,bd_boxer,boxing outfit,0,45,blue,Blue,0000FF,body_body124|body_body124F,rendered
127,124,bd_boxer,boxing outfit,1,16,red,Red,FF0000,body_body124|body_body124F,rendered
127,124,bd_boxer,boxing outfit,2,91,black,Black,000000,body_body124|body_body124F,rendered
127,124,bd_boxer,boxing outfit,3,68,darkgreen,DarkGreen,006400,body_body124|body_body124F,rendered
127,124,bd_boxer,boxing outfit,4,6,gold,Gold,FFD700,body_body124|body_body124F,rendered
127,124,bd_boxer,boxing outfit,5,36,indigo,Indigo,4B0082,body_body124|body_body124F,rendered
127,124,bd_boxer,boxing outfit,6,54,darkturquoise,DarkTurquoise,00CED1,body_body124|body_body124F,rendered
127,124,bd_boxer,boxing outfit,7,26,deeppink,DeepPink,FF1493,body_body124|body_body124F,rendered
128,125,bd_jersey,tracksuit,0,1,ivory,Ivory,FFFFF0,body_body125,rendered
128,125,bd_jersey,tracksuit,1,90,very_dark_gray_2,Very dark gray 2,232323,body_body125,rendered
128,125,bd_jersey,tracksuit,2,6,gold,Gold,FFD700,body_body125,rendered
128,125,bd_jersey,tracksuit,3,23,very_light_crimson,Very light crimson,FF82AB,body_body125,rendered
128,125,bd_jersey,tracksuit,4,55,darkcyan,DarkCyan,008B8B,body_body125,rendered
128,125,bd_jersey,tracksuit,5,58,yellowgreen,YellowGreen,9ACD32,body_body125,rendered
128,125,bd_jersey,tracksuit,6,77,chocolate,Chocolate,D2691E,body_body125,rendered
128,125,bd_jersey,tracksuit,7,18,moderate_red,Moderate red,CB0F0F,body_body125,rendered
129,128,bd_police,police uniform,0,43,royalblue,RoyalBlue,4169E1,body_body128,rendered
129,128,bd_police,police uniform,1,91,black,Black,000000,body_body128,rendered
129,128,bd_police,police uniform,2,53,cyan,Cyan,00FFFF,body_body128,rendered
129,128,bd_police,police uniform,3,46,darkblue,DarkBlue,00008B,body_body128,rendered
129,128,bd_police,police uniform,4,73,goldenrod,Goldenrod,DAA520,body_body128,rendered
129,128,bd_police,police uniform,5,84,white,White,FFFFFF,body_body128,rendered
129,128,bd_police,police uniform,6,58,yellowgreen,YellowGreen,9ACD32,body_body128,rendered
129,128,bd_police,police uniform,7,40,lightskyblue,LightSkyBlue,87CEFA,body_body128,rendered
130,129,bd_apron_normal,cooking apron,0,10,tomato,Tomato,FF6347,body_body129,rendered
130,129,bd_apron_normal,cooking apron,1,60,greenyellow,GreenYellow,ADFF2F,body_body129,rendered
130,129,bd_apron_normal,cooking apron,2,31,plum,Plum,DDA0DD,body_body129,rendered
130,129,bd_apron_normal,cooking apron,3,72,tan,Tan,D2B48C,body_body129,rendered
130,129,bd_apron_normal,cooking apron,4,82,dark_gamboge,Dark gamboge,452F12,body_body129,rendered
130,129,bd_apron_normal,cooking apron,5,41,deepskyblue,DeepSkyBlue,00BFFF,body_body129,rendered
130,129,bd_apron_normal,cooking apron,6,6,gold,Gold,FFD700,body_body129,rendered
130,129,bd_apron_normal,cooking apron,7,44,moderate_blue,Moderate blue,323296,body_body129,rendered
131,130,bd_conveni,corner-store uniform,0,27,very_light_magenta,Very light magenta,FF99FF,body_body130,rendered
131,130,bd_conveni,corner-store uniform,1,11,orange,Orange,FFA500,body_body130,rendered
131,130,bd_conveni,corner-store uniform,2,16,red,Red,FF0000,body_body130,rendered
131,130,bd_conveni,corner-store uniform,3,84,white,White,FFFFFF,body_body130,rendered
131,130,bd_conveni,corner-store uniform,4,41,deepskyblue,DeepSkyBlue,00BFFF,body_body130,rendered
131,130,bd_conveni,corner-store uniform,5,61,chartreuse,Chartreuse,7FFF00,body_body130,rendered
132,131,bd_marine,breton shirt,0,46,darkblue,DarkBlue,00008B,body_body131,rendered
132,131,bd_marine,breton shirt,1,12,light_brilliant_amber,Light brilliant amber,FFC950,body_body131,rendered
132,131,bd_marine,breton shirt,2,91,black,Black,000000,body_body131,rendered
132,131,bd_marine,breton shirt,3,18,moderate_red,Moderate red,CB0F0F,body_body131,rendered
132,131,bd_marine,breton shirt,4,87,gray,Gray,808080,body_body131,rendered
132,131,bd_marine,breton shirt,5,27,very_light_magenta,Very light magenta,FF99FF,body_body131,rendered
132,131,bd_marine,breton shirt,6,52,steelblue,SteelBlue,4682B4,body_body131,rendered
132,131,bd_marine,breton shirt,7,61,chartreuse,Chartreuse,7FFF00,body_body131,rendered
133,132,bd_blackT,chinese-print T-shirt,0,91,black,Black,000000,body_body132,rendered
133,132,bd_blackT,chinese-print T-shirt,1,67,darkolivegreen,DarkOliveGreen,556B2F,body_body132,rendered
133,132,bd_blackT,chinese-print T-shirt,2,11,orange,Orange,FFA500,body_body132,rendered
133,132,bd_blackT,chinese-print T-shirt,3,80,deep_reddish_brown,Deep reddish brown,560000,body_body132,rendered
133,132,bd_blackT,chinese-print T-shirt,4,41,deepskyblue,DeepSkyBlue,00BFFF,body_body132,rendered
133,132,bd_blackT,chinese-print T-shirt,5,25,light_brilliant_crimson,Light brilliant crimson,FF4C87,body_body132,rendered
133,132,bd_blackT,chinese-print T-shirt,6,46,darkblue,DarkBlue,00008B,body_body132,rendered
133,132,bd_blackT,chinese-print T-shirt,7,18,moderate_red,Moderate red,CB0F0F,body_body132,rendered
134,133,bd_hostess,two-tone dress,0,42,luminous_vivid_azure,Luminous vivid azure,0066FF,body_body133,rendered
134,133,bd_hostess,two-tone dress,1,87,gray,Gray,808080,body_body133,rendered
134,133,bd_hostess,two-tone dress,2,62,lime,Lime,00FF00,body_body133,rendered
134,133,bd_hostess,two-tone dress,3,6,gold,Gold,FFD700,body_body133,rendered
134,133,bd_hostess,two-tone dress,4,26,deeppink,DeepPink,FF1493,body_body133,rendered
134,133,bd_hostess,two-tone dress,5,35,darkslateblue,DarkSlateBlue,483D8B,body_body133,rendered
134,133,bd_hostess,two-tone dress,6,91,black,Black,000000,body_body133,rendered
134,133,bd_hostess,two-tone dress,7,4,light_brilliant_amber_yellow,Light brilliant amber yellow,FFEC65,body_body133,rendered
135,134,bd_blazer_male,boys' blazer,0,77,chocolate,Chocolate,D2691E,body_body134,rendered
135,134,bd_blazer_male,boys' blazer,1,47,darkblue_2,DarkBlue_2,1E1E4C,body_body134,rendered
135,134,bd_blazer_male,boys' blazer,2,69,very_deep_green,Very deep green,003300,body_body134,rendered
135,134,bd_blazer_male,boys' blazer,3,19,darkred,DarkRed,8B0000,body_body134,rendered
135,134,bd_blazer_male,boys' blazer,4,81,deep_brown_red,Deep brown red,3E1300,body_body134,rendered
135,134,bd_blazer_male,boys' blazer,5,35,darkslateblue,DarkSlateBlue,483D8B,body_body134,rendered
135,134,bd_blazer_male,boys' blazer,6,72,tan,Tan,D2B48C,body_body134,rendered
135,134,bd_blazer_male,boys' blazer,7,86,darkgray,DarkGray,A9A9A9,body_body134,rendered
136,135,bd_blazer_female,girls' blazer,0,77,chocolate,Chocolate,D2691E,body_body135,rendered
136,135,bd_blazer_female,girls' blazer,1,47,darkblue_2,DarkBlue_2,1E1E4C,body_body135,rendered
136,135,bd_blazer_female,girls' blazer,2,69,very_deep_green,Very deep green,003300,body_body135,rendered
136,135,bd_blazer_female,girls' blazer,3,19,darkred,DarkRed,8B0000,body_body135,rendered
136,135,bd_blazer_female,girls' blazer,4,81,deep_brown_red,Deep brown red,3E1300,body_body135,rendered
136,135,bd_blazer_female,girls' blazer,5,35,darkslateblue,DarkSlateBlue,483D8B,body_body135,rendered
136,135,bd_blazer_female,girls' blazer,6,72,tan,Tan,D2B48C,body_body135,rendered
136,135,bd_blazer_female,girls' blazer,7,86,darkgray,DarkGray,A9A9A9,body_body135,rendered
137,239,bd_down_best,puffy vest,0,18,moderate_red,Moderate red,CB0F0F,body_body239,rendered
137,239,bd_down_best,puffy vest,1,43,royalblue,RoyalBlue,4169E1,body_body239,rendered
137,239,bd_down_best,puffy vest,2,76,dark_amber,Dark amber,624806,body_body239,rendered
137,239,bd_down_best,puffy vest,3,6,gold,Gold,FFD700,body_body239,rendered
137,239,bd_down_best,puffy vest,4,68,darkgreen,DarkGreen,006400,body_body239,rendered
137,239,bd_down_best,puffy vest,5,37,darkmagenta,DarkMagenta,8B008B,body_body239,rendered
137,239,bd_down_best,puffy vest,6,84,white,White,FFFFFF,body_body239,rendered
137,239,bd_down_best,puffy vest,7,91,black,Black,000000,body_body239,rendered
138,137,bd_guard,guard uniform,0,56,deep_cyan_2,Deep cyan 2,004240,body_body137,rendered
138,137,bd_guard,guard uniform,1,90,very_dark_gray_2,Very dark gray 2,232323,body_body137,rendered
138,137,bd_guard,guard uniform,2,91,black,Black,000000,body_body137,rendered
138,137,bd_guard,guard uniform,3,19,darkred,DarkRed,8B0000,body_body137,rendered
138,137,bd_guard,guard uniform,4,61,chartreuse,Chartreuse,7FFF00,body_body137,rendered
138,137,bd_guard,guard uniform,5,84,white,White,FFFFFF,body_body137,rendered
138,137,bd_guard,guard uniform,6,52,steelblue,SteelBlue,4682B4,body_body137,rendered
138,137,bd_guard,guard uniform,7,77,chocolate,Chocolate,D2691E,body_body137,rendered
139,139,bd_jacket_Tshirts,jacket & T-shirt,0,91,black,Black,000000,body_body139,rendered
139,139,bd_jacket_Tshirts,jacket & T-shirt,1,19,darkred,DarkRed,8B0000,body_body139,rendered
139,139,bd_jacket_Tshirts,jacket & T-shirt,2,11,orange,Orange,FFA500,body_body139,rendered
139,139,bd_jacket_Tshirts,jacket & T-shirt,3,82,dark_gamboge,Dark gamboge,452F12,body_body139,rendered
139,139,bd_jacket_Tshirts,jacket & T-shirt,4,75,moderate_amber,Moderate amber,886308,body_body139,rendered
139,139,bd_jacket_Tshirts,jacket & T-shirt,5,51,cadetblue,CadetBlue,5F9EA0,body_body139,rendered
139,139,bd_jacket_Tshirts,jacket & T-shirt,6,12,light_brilliant_amber,Light brilliant amber,FFC950,body_body139,rendered
139,139,bd_jacket_Tshirts,jacket & T-shirt,7,68,darkgreen,DarkGreen,006400,body_body139,rendered
140,140,bd_leather_jacket,short leather jacket,0,80,deep_reddish_brown,Deep reddish brown,560000,body_body140,rendered
140,140,bd_leather_jacket,short leather jacket,1,13,luminous_vivid_orange,Luminous vivid orange,FF6600,body_body140,rendered
140,140,bd_leather_jacket,short leather jacket,2,56,deep_cyan_2,Deep cyan 2,004240,body_body140,rendered
140,140,bd_leather_jacket,short leather jacket,3,85,lightgrey,LightGrey,D3D3D3,body_body140,rendered
140,140,bd_leather_jacket,short leather jacket,4,91,black,Black,000000,body_body140,rendered
140,140,bd_leather_jacket,short leather jacket,5,74,darkgoldenrod,DarkGoldenrod,B8860B,body_body140,rendered
140,140,bd_leather_jacket,short leather jacket,6,52,steelblue,SteelBlue,4682B4,body_body140,rendered
140,140,bd_leather_jacket,short leather jacket,7,61,chartreuse,Chartreuse,7FFF00,body_body140,rendered
141,142,bd_magician,magician costume,0,89,very_dark_gray,Very dark gray,333333,body_body142,rendered
141,142,bd_magician,magician costume,1,4,light_brilliant_amber_yellow,Light brilliant amber yellow,FFEC65,body_body142,rendered
141,142,bd_magician,magician costume,2,29,mediumvioletred,MediumVioletRed,C71585,body_body142,rendered
141,142,bd_magician,magician costume,3,64,mediumseagreen,MediumSeaGreen,3CB371,body_body142,rendered
141,142,bd_magician,magician costume,4,19,darkred,DarkRed,8B0000,body_body142,rendered
141,142,bd_magician,magician costume,5,45,blue,Blue,0000FF,body_body142,rendered
141,142,bd_magician,magician costume,6,11,orange,Orange,FFA500,body_body142,rendered
141,142,bd_magician,magician costume,7,85,lightgrey,LightGrey,D3D3D3,body_body142,rendered
142,143,bd_southpole,snowboarding outfit,0,16,red,Red,FF0000,body_body143,rendered
142,143,bd_southpole,snowboarding outfit,1,61,chartreuse,Chartreuse,7FFF00,body_body143,rendered
142,143,bd_southpole,snowboarding outfit,2,38,deep_magenta,Deep magenta,5C005C,body_body143,rendered
142,143,bd_southpole,snowboarding outfit,3,88,dark_gray,Dark gray,4D4D4D,body_body143,rendered
142,143,bd_southpole,snowboarding outfit,4,6,gold,Gold,FFD700,body_body143,rendered
142,143,bd_southpole,snowboarding outfit,5,22,lightcoral,LightCoral,F08080,body_body143,rendered
142,143,bd_southpole,snowboarding outfit,6,69,very_deep_green,Very deep green,003300,body_body143,rendered
142,143,bd_southpole,snowboarding outfit,7,55,darkcyan,DarkCyan,008B8B,body_body143,rendered
143,144,bd_running,running gear,0,62,lime,Lime,00FF00,body_body144,rendered
143,144,bd_running,running gear,1,84,white,White,FFFFFF,body_body144,rendered
143,144,bd_running,running gear,2,19,darkred,DarkRed,8B0000,body_body144,rendered
143,144,bd_running,running gear,3,41,deepskyblue,DeepSkyBlue,00BFFF,body_body144,rendered
143,144,bd_running,running gear,4,6,gold,Gold,FFD700,body_body144,rendered
143,144,bd_running,running gear,5,34,light_brilliant_violet,Light brilliant violet,9933FF,body_body144,rendered
143,144,bd_running,running gear,6,44,moderate_blue,Moderate blue,323296,body_body144,rendered
143,144,bd_running,running gear,7,26,deeppink,DeepPink,FF1493,body_body144,rendered
144,145,bd_dougi,judo uniform,0,84,white,White,FFFFFF,body_body145,rendered
144,145,bd_dougi,judo uniform,1,45,blue,Blue,0000FF,body_body145,rendered
144,145,bd_dougi,judo uniform,2,76,dark_amber,Dark amber,624806,body_body145,rendered
144,145,bd_dougi,judo uniform,3,29,mediumvioletred,MediumVioletRed,C71585,body_body145,rendered
144,145,bd_dougi,judo uniform,4,86,darkgray,DarkGray,A9A9A9,body_body145,rendered
144,145,bd_dougi,judo uniform,5,18,moderate_red,Moderate red,CB0F0F,body_body145,rendered
144,145,bd_dougi,judo uniform,6,11,orange,Orange,FFA500,body_body145,rendered
144,145,bd_dougi,judo uniform,7,89,very_dark_gray,Very dark gray,333333,body_body145,rendered
145,147,bd_cabin,flight-attendant uniform,0,56,deep_cyan_2,Deep cyan 2,004240,body_body147,rendered
145,147,bd_cabin,flight-attendant uniform,1,78,brown,Brown,A52A2A,body_body147,rendered
145,147,bd_cabin,flight-attendant uniform,2,38,deep_magenta,Deep magenta,5C005C,body_body147,rendered
145,147,bd_cabin,flight-attendant uniform,3,3,khaki,Khaki,F0E68C,body_body147,rendered
145,147,bd_cabin,flight-attendant uniform,4,26,deeppink,DeepPink,FF1493,body_body147,rendered
145,147,bd_cabin,flight-attendant uniform,5,82,dark_gamboge,Dark gamboge,452F12,body_body147,rendered
145,147,bd_cabin,flight-attendant uniform,6,68,darkgreen,DarkGreen,006400,body_body147,rendered
145,147,bd_cabin,flight-attendant uniform,7,43,royalblue,RoyalBlue,4169E1,body_body147,rendered
146,148,bd_maocollar,nehru jacket,0,4,light_brilliant_amber_yellow,Light brilliant amber yellow,FFEC65,body_body148,rendered
146,148,bd_maocollar,nehru jacket,1,47,darkblue_2,DarkBlue_2,1E1E4C,body_body148,rendered
146,148,bd_maocollar,nehru jacket,2,86,darkgray,DarkGray,A9A9A9,body_body148,rendered
146,148,bd_maocollar,nehru jacket,3,20,mistyrose,MistyRose,FFE4E1,body_body148,rendered
146,148,bd_maocollar,nehru jacket,4,79,saddlebrown,SaddleBrown,8B4513,body_body148,rendered
146,148,bd_maocollar,nehru jacket,5,11,orange,Orange,FFA500,body_body148,rendered
146,148,bd_maocollar,nehru jacket,6,29,mediumvioletred,MediumVioletRed,C71585,body_body148,rendered
146,148,bd_maocollar,nehru jacket,7,56,deep_cyan_2,Deep cyan 2,004240,body_body148,rendered
147,149,bd_king2,royal costume,0,18,moderate_red,Moderate red,CB0F0F,body_body149,rendered
147,149,bd_king2,royal costume,1,48,deep_blue,Deep blue,000054,body_body149,rendered
147,149,bd_king2,royal costume,2,91,black,Black,000000,body_body149,rendered
147,149,bd_king2,royal costume,3,66,olive,Olive,808000,body_body149,rendered
147,149,bd_king2,royal costume,4,80,deep_reddish_brown,Deep reddish brown,560000,body_body149,rendered
147,149,bd_king2,royal costume,5,85,lightgrey,LightGrey,D3D3D3,body_body149,rendered
147,149,bd_king2,royal costume,6,26,deeppink,DeepPink,FF1493,body_body149,rendered
147,149,bd_king2,royal costume,7,33,mediumslateblue,MediumSlateBlue,7B68EE,body_body149,rendered
148,150,bd_pleated_skirt,pleated skirt,0,16,red,Red,FF0000,body_body150,rendered
148,150,bd_pleated_skirt,pleated skirt,1,44,moderate_blue,Moderate blue,323296,body_body150,rendered
148,150,bd_pleated_skirt,pleated skirt,2,11,orange,Orange,FFA500,body_body150,rendered
148,150,bd_pleated_skirt,pleated skirt,3,10,tomato,Tomato,FF6347,body_body150,rendered
148,150,bd_pleated_skirt,pleated skirt,4,69,very_deep_green,Very deep green,003300,body_body150,rendered
148,150,bd_pleated_skirt,pleated skirt,5,34,light_brilliant_violet,Light brilliant violet,9933FF,body_body150,rendered
148,150,bd_pleated_skirt,pleated skirt,6,61,chartreuse,Chartreuse,7FFF00,body_body150,rendered
148,150,bd_pleated_skirt,pleated skirt,7,84,white,White,FFFFFF,body_body150,rendered
149,152,bd_suede_jacket,suede jacket,0,79,saddlebrown,SaddleBrown,8B4513,body_body152,rendered
149,152,bd_suede_jacket,suede jacket,1,67,darkolivegreen,DarkOliveGreen,556B2F,body_body152,rendered
149,152,bd_suede_jacket,suede jacket,2,83,very_dark_gamboge,Very dark gamboge,332819,body_body152,rendered
149,152,bd_suede_jacket,suede jacket,3,74,darkgoldenrod,DarkGoldenrod,B8860B,body_body152,rendered
149,152,bd_suede_jacket,suede jacket,4,70,rosybrown,RosyBrown,BC8F8F,body_body152,rendered
150,153,bd_jinmin,kung-fu outfit,0,91,black,Black,000000,body_body153,rendered
150,153,bd_jinmin,kung-fu outfit,1,48,deep_blue,Deep blue,000054,body_body153,rendered
150,153,bd_jinmin,kung-fu outfit,2,67,darkolivegreen,DarkOliveGreen,556B2F,body_body153,rendered
150,153,bd_jinmin,kung-fu outfit,3,21,pink,Pink,FFC0CB,body_body153,rendered
150,153,bd_jinmin,kung-fu outfit,4,88,dark_gray,Dark gray,4D4D4D,body_body153,rendered
150,153,bd_jinmin,kung-fu outfit,5,13,luminous_vivid_orange,Luminous vivid orange,FF6600,body_body153,rendered
150,153,bd_jinmin,kung-fu outfit,6,85,lightgrey,LightGrey,D3D3D3,body_body153,rendered
150,153,bd_jinmin,kung-fu outfit,7,80,deep_reddish_brown,Deep reddish brown,560000,body_body153,rendered
151,154,bd_sweat_shortpants,sweatshirt,0,46,darkblue,DarkBlue,00008B,body_body154,rendered
151,154,bd_sweat_shortpants,sweatshirt,1,74,darkgoldenrod,DarkGoldenrod,B8860B,body_body154,rendered
151,154,bd_sweat_shortpants,sweatshirt,2,55,darkcyan,DarkCyan,008B8B,body_body154,rendered
151,154,bd_sweat_shortpants,sweatshirt,3,80,deep_reddish_brown,Deep reddish brown,560000,body_body154,rendered
151,154,bd_sweat_shortpants,sweatshirt,4,87,gray,Gray,808080,body_body154,rendered
151,154,bd_sweat_shortpants,sweatshirt,5,22,lightcoral,LightCoral,F08080,body_body154,rendered
151,154,bd_sweat_shortpants,sweatshirt,6,63,limegreen,LimeGreen,32CD32,body_body154,rendered
151,154,bd_sweat_shortpants,sweatshirt,7,36,indigo,Indigo,4B0082,body_body154,rendered
152,155,bd_sweat_jersey,training gear,0,14,palevioletred,PaleVioletRed,DB7093,body_body155,rendered
152,155,bd_sweat_jersey,training gear,1,52,steelblue,SteelBlue,4682B4,body_body155,rendered
152,155,bd_sweat_jersey,training gear,2,64,mediumseagreen,MediumSeaGreen,3CB371,body_body155,rendered
152,155,bd_sweat_jersey,training gear,3,91,black,Black,000000,body_body155,rendered
152,155,bd_sweat_jersey,training gear,4,34,light_brilliant_violet,Light brilliant violet,9933FF,body_body155,rendered
152,155,bd_sweat_jersey,training gear,5,4,light_brilliant_amber_yellow,Light brilliant amber yellow,FFEC65,body_body155,rendered
152,155,bd_sweat_jersey,training gear,6,45,blue,Blue,0000FF,body_body155,rendered
152,155,bd_sweat_jersey,training gear,7,86,darkgray,DarkGray,A9A9A9,body_body155,rendered
153,157,bd_damage,rocker outfit,0,91,black,Black,000000,body_body157,rendered
153,157,bd_damage,rocker outfit,1,80,deep_reddish_brown,Deep reddish brown,560000,body_body157,rendered
153,157,bd_damage,rocker outfit,2,84,white,White,FFFFFF,body_body157,rendered
153,157,bd_damage,rocker outfit,3,29,mediumvioletred,MediumVioletRed,C71585,body_body157,rendered
153,157,bd_damage,rocker outfit,4,67,darkolivegreen,DarkOliveGreen,556B2F,body_body157,rendered
153,157,bd_damage,rocker outfit,5,12,light_brilliant_amber,Light brilliant amber,FFC950,body_body157,rendered
153,157,bd_damage,rocker outfit,6,62,lime,Lime,00FF00,body_body157,rendered
153,157,bd_damage,rocker outfit,7,70,rosybrown,RosyBrown,BC8F8F,body_body157,rendered
154,158,bd_pop_swim,vacay swimsuit,0,16,red,Red,FF0000,body_body158|body_body158F,rendered
154,158,bd_pop_swim,vacay swimsuit,1,41,deepskyblue,DeepSkyBlue,00BFFF,body_body158|body_body158F,rendered
154,158,bd_pop_swim,vacay swimsuit,2,5,yellow,Yellow,FFFF00,body_body158|body_body158F,rendered
154,158,bd_pop_swim,vacay swimsuit,3,25,light_brilliant_crimson,Light brilliant crimson,FF4C87,body_body158|body_body158F,rendered
154,158,bd_pop_swim,vacay swimsuit,4,66,olive,Olive,808000,body_body158|body_body158F,rendered
154,158,bd_pop_swim,vacay swimsuit,5,91,black,Black,000000,body_body158|body_body158F,rendered
154,158,bd_pop_swim,vacay swimsuit,6,63,limegreen,LimeGreen,32CD32,body_body158|body_body158F,rendered
154,158,bd_pop_swim,vacay swimsuit,7,46,darkblue,DarkBlue,00008B,body_body158|body_body158F,rendered
155,159,bd_halfpants,checkered shirt & shorts,0,69,very_deep_green,Very deep green,003300,body_body159,rendered
155,159,bd_halfpants,checkered shirt & shorts,1,77,chocolate,Chocolate,D2691E,body_body159,rendered
155,159,bd_halfpants,checkered shirt & shorts,2,87,gray,Gray,808080,body_body159,rendered
155,159,bd_halfpants,checkered shirt & shorts,3,32,mediumpurple,MediumPurple,9370DB,body_body159,rendered
155,159,bd_halfpants,checkered shirt & shorts,4,19,darkred,DarkRed,8B0000,body_body159,rendered
155,159,bd_halfpants,checkered shirt & shorts,5,42,luminous_vivid_azure,Luminous vivid azure,0066FF,body_body159,rendered
155,159,bd_halfpants,checkered shirt & shorts,6,55,darkcyan,DarkCyan,008B8B,body_body159,rendered
155,159,bd_halfpants,checkered shirt & shorts,7,63,limegreen,LimeGreen,32CD32,body_body159,rendered
156,161,bd_santa,Santa suit,0,18,moderate_red,Moderate red,CB0F0F,body_body161,rendered
156,161,bd_santa,Santa suit,1,46,darkblue,DarkBlue,00008B,body_body161,rendered
156,161,bd_santa,Santa suit,2,6,gold,Gold,FFD700,body_body161,rendered
156,161,bd_santa,Santa suit,3,24,hotpink,HotPink,FF69B4,body_body161,rendered
156,161,bd_santa,Santa suit,4,68,darkgreen,DarkGreen,006400,body_body161,rendered
156,161,bd_santa,Santa suit,5,89,very_dark_gray,Very dark gray,333333,body_body161,rendered
156,161,bd_santa,Santa suit,6,37,darkmagenta,DarkMagenta,8B008B,body_body161,rendered
156,161,bd_santa,Santa suit,7,41,deepskyblue,DeepSkyBlue,00BFFF,body_body161,rendered
157,162,bd_fireman,firefighter uniform,0,17,orangered,OrangeRed,FF4500,body_body162,rendered
157,162,bd_fireman,firefighter uniform,1,86,darkgray,DarkGray,A9A9A9,body_body162,rendered
157,162,bd_fireman,firefighter uniform,2,47,darkblue_2,DarkBlue_2,1E1E4C,body_body162,rendered
157,162,bd_fireman,firefighter uniform,3,75,moderate_amber,Moderate amber,886308,body_body162,rendered
157,162,bd_fireman,firefighter uniform,4,6,gold,Gold,FFD700,body_body162,rendered
157,162,bd_fireman,firefighter uniform,5,89,very_dark_gray,Very dark gray,333333,body_body162,rendered
157,162,bd_fireman,firefighter uniform,6,16,red,Red,FF0000,body_body162,rendered
157,162,bd_fireman,firefighter uniform,7,64,mediumseagreen,MediumSeaGreen,3CB371,body_body162,rendered
158,163,bd_tennis,tennis dress,0,84,white,White,FFFFFF,body_body163,rendered
158,163,bd_tennis,tennis dress,1,23,very_light_crimson,Very light crimson,FF82AB,body_body163,rendered
158,163,bd_tennis,tennis dress,2,60,greenyellow,GreenYellow,ADFF2F,body_body163,rendered
158,163,bd_tennis,tennis dress,3,6,gold,Gold,FFD700,body_body163,rendered
158,163,bd_tennis,tennis dress,4,44,moderate_blue,Moderate blue,323296,body_body163,rendered
158,163,bd_tennis,tennis dress,5,56,deep_cyan_2,Deep cyan 2,004240,body_body163,rendered
158,163,bd_tennis,tennis dress,6,91,black,Black,000000,body_body163,rendered
158,163,bd_tennis,tennis dress,7,41,deepskyblue,DeepSkyBlue,00BFFF,body_body163,rendered
159,164,bd_check,gingham shirt,0,90,very_dark_gray_2,Very dark gray 2,232323,body_body164,rendered
159,164,bd_check,gingham shirt,1,56,deep_cyan_2,Deep cyan 2,004240,body_body164,rendered
159,164,bd_check,gingham shirt,2,42,luminous_vivid_azure,Luminous vivid azure,0066FF,body_body164,rendered
159,164,bd_check,gingham shirt,3,68,darkgreen,DarkGreen,006400,body_body164,rendered
159,164,bd_check,gingham shirt,4,16,red,Red,FF0000,body_body164,rendered
159,164,bd_check,gingham shirt,5,86,darkgray,DarkGray,A9A9A9,body_body164,rendered
159,164,bd_check,gingham shirt,6,13,luminous_vivid_orange,Luminous vivid orange,FF6600,body_body164,rendered
159,164,bd_check,gingham shirt,7,25,light_brilliant_crimson,Light brilliant crimson,FF4C87,body_body164,rendered
160,165,bd_stripe,striped dress shirt,0,26,deeppink,DeepPink,FF1493,body_body165,rendered
160,165,bd_stripe,striped dress shirt,1,55,darkcyan,DarkCyan,008B8B,body_body165,rendered
160,165,bd_stripe,striped dress shirt,2,77,chocolate,Chocolate,D2691E,body_body165,rendered
160,165,bd_stripe,striped dress shirt,3,62,lime,Lime,00FF00,body_body165,rendered
160,165,bd_stripe,striped dress shirt,4,91,black,Black,000000,body_body165,rendered
160,165,bd_stripe,striped dress shirt,5,16,red,Red,FF0000,body_body165,rendered
160,165,bd_stripe,striped dress shirt,6,73,goldenrod,Goldenrod,DAA520,body_body165,rendered
160,165,bd_stripe,striped dress shirt,7,36,indigo,Indigo,4B0082,body_body165,rendered
161,166,bd_kimono,patterned kimono,0,91,black,Black,000000,body_body166,rendered
161,166,bd_kimono,patterned kimono,1,66,olive,Olive,808000,body_body166,rendered
161,166,bd_kimono,patterned kimono,2,12,light_brilliant_amber,Light brilliant amber,FFC950,body_body166,rendered
161,166,bd_kimono,patterned kimono,3,51,cadetblue,CadetBlue,5F9EA0,body_body166,rendered
161,166,bd_kimono,patterned kimono,4,70,rosybrown,RosyBrown,BC8F8F,body_body166,rendered
161,166,bd_kimono,patterned kimono,5,18,moderate_red,Moderate red,CB0F0F,body_body166,rendered
161,166,bd_kimono,patterned kimono,6,61,chartreuse,Chartreuse,7FFF00,body_body166,rendered
161,166,bd_kimono,patterned kimono,7,32,mediumpurple,MediumPurple,9370DB,body_body166,rendered
162,167,bd_dotera,,0,17,orangered,OrangeRed,FF4500,,missing_physical_asset
162,167,bd_dotera,,1,67,darkolivegreen,DarkOliveGreen,556B2F,,missing_physical_asset
162,167,bd_dotera,,2,36,indigo,Indigo,4B0082,,missing_physical_asset
162,167,bd_dotera,,3,19,darkred,DarkRed,8B0000,,missing_physical_asset
162,167,bd_dotera,,4,46,darkblue,DarkBlue,00008B,,missing_physical_asset
162,167,bd_dotera,,5,81,deep_brown_red,Deep brown red,3E1300,,missing_physical_asset
162,167,bd_dotera,,6,55,darkcyan,DarkCyan,008B8B,,missing_physical_asset
162,167,bd_dotera,,7,91,black,Black,000000,,missing_physical_asset
163,168,bd_black_cutsaw,double-layered top,0,19,darkred,DarkRed,8B0000,body_body168,rendered
163,168,bd_black_cutsaw,double-layered top,1,84,white,White,FFFFFF,body_body168,rendered
163,168,bd_black_cutsaw,double-layered top,2,66,olive,Olive,808000,body_body168,rendered
163,168,bd_black_cutsaw,double-layered top,3,88,dark_gray,Dark gray,4D4D4D,body_body168,rendered
163,168,bd_black_cutsaw,double-layered top,4,29,mediumvioletred,MediumVioletRed,C71585,body_body168,rendered
163,168,bd_black_cutsaw,double-layered top,5,50,aquamarine,Aquamarine,7FFFD4,body_body168,rendered
163,168,bd_black_cutsaw,double-layered top,6,4,light_brilliant_amber_yellow,Light brilliant amber yellow,FFEC65,body_body168,rendered
163,168,bd_black_cutsaw,double-layered top,7,6,gold,Gold,FFD700,body_body168,rendered
164,169,bd_argyle,argyle sweater,0,11,orange,Orange,FFA500,body_body169,rendered
164,169,bd_argyle,argyle sweater,1,64,mediumseagreen,MediumSeaGreen,3CB371,body_body169,rendered
164,169,bd_argyle,argyle sweater,2,34,light_brilliant_violet,Light brilliant violet,9933FF,body_body169,rendered
164,169,bd_argyle,argyle sweater,3,47,darkblue_2,DarkBlue_2,1E1E4C,body_body169,rendered
164,169,bd_argyle,argyle sweater,4,89,very_dark_gray,Very dark gray,333333,body_body169,rendered
164,169,bd_argyle,argyle sweater,5,63,limegreen,LimeGreen,32CD32,body_body169,rendered
164,169,bd_argyle,argyle sweater,6,84,white,White,FFFFFF,body_body169,rendered
164,169,bd_argyle,argyle sweater,7,18,moderate_red,Moderate red,CB0F0F,body_body169,rendered
165,170,bd_fril,frilly dress,0,22,lightcoral,LightCoral,F08080,body_body170,rendered
165,170,bd_fril,frilly dress,1,73,goldenrod,Goldenrod,DAA520,body_body170,rendered
165,170,bd_fril,frilly dress,2,49,paleturquoise,PaleTurquoise,AFEEEE,body_body170,rendered
165,170,bd_fril,frilly dress,3,58,yellowgreen,YellowGreen,9ACD32,body_body170,rendered
165,170,bd_fril,frilly dress,4,85,lightgrey,LightGrey,D3D3D3,body_body170,rendered
165,170,bd_fril,frilly dress,5,29,mediumvioletred,MediumVioletRed,C71585,body_body170,rendered
165,170,bd_fril,frilly dress,6,71,burlywood,BurlyWood,DEB887,body_body170,rendered
165,170,bd_fril,frilly dress,7,6,gold,Gold,FFD700,body_body170,rendered
166,171,bd_white_shirts,basic shirt,0,84,white,White,FFFFFF,body_body171,rendered
166,171,bd_white_shirts,basic shirt,1,91,black,Black,000000,body_body171,rendered
166,171,bd_white_shirts,basic shirt,2,4,light_brilliant_amber_yellow,Light brilliant amber yellow,FFEC65,body_body171,rendered
166,171,bd_white_shirts,basic shirt,3,40,lightskyblue,LightSkyBlue,87CEFA,body_body171,rendered
166,171,bd_white_shirts,basic shirt,4,75,moderate_amber,Moderate amber,886308,body_body171,rendered
166,171,bd_white_shirts,basic shirt,5,22,lightcoral,LightCoral,F08080,body_body171,rendered
166,171,bd_white_shirts,basic shirt,6,57,palegreen,PaleGreen,98FB98,body_body171,rendered
166,171,bd_white_shirts,basic shirt,7,87,gray,Gray,808080,body_body171,rendered
167,172,bd_baseball_shirts,baseball T-shirt,0,48,deep_blue,Deep blue,000054,body_body172,rendered
167,172,bd_baseball_shirts,baseball T-shirt,1,6,gold,Gold,FFD700,body_body172,rendered
167,172,bd_baseball_shirts,baseball T-shirt,2,91,black,Black,000000,body_body172,rendered
167,172,bd_baseball_shirts,baseball T-shirt,3,38,deep_magenta,Deep magenta,5C005C,body_body172,rendered
167,172,bd_baseball_shirts,baseball T-shirt,4,68,darkgreen,DarkGreen,006400,body_body172,rendered
167,172,bd_baseball_shirts,baseball T-shirt,5,25,light_brilliant_crimson,Light brilliant crimson,FF4C87,body_body172,rendered
167,172,bd_baseball_shirts,baseball T-shirt,6,41,deepskyblue,DeepSkyBlue,00BFFF,body_body172,rendered
167,172,bd_baseball_shirts,baseball T-shirt,7,84,white,White,FFFFFF,body_body172,rendered
168,173,bd_bukabukaT,baggy T-shirt,0,84,white,White,FFFFFF,body_body173,rendered
168,173,bd_bukabukaT,baggy T-shirt,1,87,gray,Gray,808080,body_body173,rendered
168,173,bd_bukabukaT,baggy T-shirt,2,3,khaki,Khaki,F0E68C,body_body173,rendered
168,173,bd_bukabukaT,baggy T-shirt,3,40,lightskyblue,LightSkyBlue,87CEFA,body_body173,rendered
168,173,bd_bukabukaT,baggy T-shirt,4,21,pink,Pink,FFC0CB,body_body173,rendered
168,173,bd_bukabukaT,baggy T-shirt,5,32,mediumpurple,MediumPurple,9370DB,body_body173,rendered
168,173,bd_bukabukaT,baggy T-shirt,6,54,darkturquoise,DarkTurquoise,00CED1,body_body173,rendered
168,173,bd_bukabukaT,baggy T-shirt,7,61,chartreuse,Chartreuse,7FFF00,body_body173,rendered
169,174,bd_koakuma,lacy dress,0,38,deep_magenta,Deep magenta,5C005C,body_body174,rendered
169,174,bd_koakuma,lacy dress,1,67,darkolivegreen,DarkOliveGreen,556B2F,body_body174,rendered
169,174,bd_koakuma,lacy dress,2,4,light_brilliant_amber_yellow,Light brilliant amber yellow,FFEC65,body_body174,rendered
169,174,bd_koakuma,lacy dress,3,42,luminous_vivid_azure,Luminous vivid azure,0066FF,body_body174,rendered
169,174,bd_koakuma,lacy dress,4,29,mediumvioletred,MediumVioletRed,C71585,body_body174,rendered
169,174,bd_koakuma,lacy dress,5,91,black,Black,000000,body_body174,rendered
169,174,bd_koakuma,lacy dress,6,16,red,Red,FF0000,body_body174,rendered
169,174,bd_koakuma,lacy dress,7,57,palegreen,PaleGreen,98FB98,body_body174,rendered
170,175,bd_hakama,samurai clothes,0,90,very_dark_gray_2,Very dark gray 2,232323,body_body175,rendered
170,175,bd_hakama,samurai clothes,1,47,darkblue_2,DarkBlue_2,1E1E4C,body_body175,rendered
170,175,bd_hakama,samurai clothes,2,56,deep_cyan_2,Deep cyan 2,004240,body_body175,rendered
170,175,bd_hakama,samurai clothes,3,80,deep_reddish_brown,Deep reddish brown,560000,body_body175,rendered
170,175,bd_hakama,samurai clothes,4,14,palevioletred,PaleVioletRed,DB7093,body_body175,rendered
170,175,bd_hakama,samurai clothes,5,85,lightgrey,LightGrey,D3D3D3,body_body175,rendered
170,175,bd_hakama,samurai clothes,6,42,luminous_vivid_azure,Luminous vivid azure,0066FF,body_body175,rendered
170,175,bd_hakama,samurai clothes,7,67,darkolivegreen,DarkOliveGreen,556B2F,body_body175,rendered
171,176,bd_kabuto,samurai armor,0,91,black,Black,000000,body_body176,rendered
171,176,bd_kabuto,samurai armor,1,76,dark_amber,Dark amber,624806,body_body176,rendered
171,176,bd_kabuto,samurai armor,2,48,deep_blue,Deep blue,000054,body_body176,rendered
171,176,bd_kabuto,samurai armor,3,85,lightgrey,LightGrey,D3D3D3,body_body176,rendered
171,176,bd_kabuto,samurai armor,4,19,darkred,DarkRed,8B0000,body_body176,rendered
171,176,bd_kabuto,samurai armor,5,69,very_deep_green,Very deep green,003300,body_body176,rendered
171,176,bd_kabuto,samurai armor,6,36,indigo,Indigo,4B0082,body_body176,rendered
171,176,bd_kabuto,samurai armor,7,26,deeppink,DeepPink,FF1493,body_body176,rendered
172,177,bd_princess,Versailles court dress,0,64,mediumseagreen,MediumSeaGreen,3CB371,body_body177,rendered
172,177,bd_princess,Versailles court dress,1,32,mediumpurple,MediumPurple,9370DB,body_body177,rendered
172,177,bd_princess,Versailles court dress,2,51,cadetblue,CadetBlue,5F9EA0,body_body177,rendered
172,177,bd_princess,Versailles court dress,3,22,lightcoral,LightCoral,F08080,body_body177,rendered
172,177,bd_princess,Versailles court dress,4,47,darkblue_2,DarkBlue_2,1E1E4C,body_body177,rendered
172,177,bd_princess,Versailles court dress,5,43,royalblue,RoyalBlue,4169E1,body_body177,rendered
172,177,bd_princess,Versailles court dress,6,18,moderate_red,Moderate red,CB0F0F,body_body177,rendered
172,177,bd_princess,Versailles court dress,7,74,darkgoldenrod,DarkGoldenrod,B8860B,body_body177,rendered
173,179,bd_anime,girly school uniform,0,31,plum,Plum,DDA0DD,body_body179,rendered
173,179,bd_anime,girly school uniform,1,19,darkred,DarkRed,8B0000,body_body179,rendered
173,179,bd_anime,girly school uniform,2,13,luminous_vivid_orange,Luminous vivid orange,FF6600,body_body179,rendered
173,179,bd_anime,girly school uniform,3,76,dark_amber,Dark amber,624806,body_body179,rendered
173,179,bd_anime,girly school uniform,4,64,mediumseagreen,MediumSeaGreen,3CB371,body_body179,rendered
173,179,bd_anime,girly school uniform,5,42,luminous_vivid_azure,Luminous vivid azure,0066FF,body_body179,rendered
173,179,bd_anime,girly school uniform,6,61,chartreuse,Chartreuse,7FFF00,body_body179,rendered
173,179,bd_anime,girly school uniform,7,84,white,White,FFFFFF,body_body179,rendered
174,180,bd_ethnic,exotic shirt,0,56,deep_cyan_2,Deep cyan 2,004240,body_body180,rendered
174,180,bd_ethnic,exotic shirt,1,62,lime,Lime,00FF00,body_body180,rendered
174,180,bd_ethnic,exotic shirt,2,5,yellow,Yellow,FFFF00,body_body180,rendered
174,180,bd_ethnic,exotic shirt,3,16,red,Red,FF0000,body_body180,rendered
174,180,bd_ethnic,exotic shirt,4,87,gray,Gray,808080,body_body180,rendered
174,180,bd_ethnic,exotic shirt,5,28,fuchsia,Fuchsia,FF00FF,body_body180,rendered
175,181,bd_duffle,short duffle coat,0,55,darkcyan,DarkCyan,008B8B,body_body181,rendered
175,181,bd_duffle,short duffle coat,1,70,rosybrown,RosyBrown,BC8F8F,body_body181,rendered
175,181,bd_duffle,short duffle coat,2,87,gray,Gray,808080,body_body181,rendered
175,181,bd_duffle,short duffle coat,3,11,orange,Orange,FFA500,body_body181,rendered
175,181,bd_duffle,short duffle coat,4,29,mediumvioletred,MediumVioletRed,C71585,body_body181,rendered
175,181,bd_duffle,short duffle coat,5,47,darkblue_2,DarkBlue_2,1E1E4C,body_body181,rendered
175,181,bd_duffle,short duffle coat,6,66,olive,Olive,808000,body_body181,rendered
175,181,bd_duffle,short duffle coat,7,81,deep_brown_red,Deep brown red,3E1300,body_body181,rendered
176,182,bd_mummy,mummy costume,0,72,tan,Tan,D2B48C,body_body182,rendered
176,182,bd_mummy,mummy costume,1,33,mediumslateblue,MediumSlateBlue,7B68EE,body_body182,rendered
176,182,bd_mummy,mummy costume,2,6,gold,Gold,FFD700,body_body182,rendered
176,182,bd_mummy,mummy costume,3,85,lightgrey,LightGrey,D3D3D3,body_body182,rendered
176,182,bd_mummy,mummy costume,4,81,deep_brown_red,Deep brown red,3E1300,body_body182,rendered
176,182,bd_mummy,mummy costume,5,56,deep_cyan_2,Deep cyan 2,004240,body_body182,rendered
176,182,bd_mummy,mummy costume,6,90,very_dark_gray_2,Very dark gray 2,232323,body_body182,rendered
176,182,bd_mummy,mummy costume,7,28,fuchsia,Fuchsia,FF00FF,body_body182,rendered
177,183,bd_highschool_female,,0,87,gray,Gray,808080,,missing_physical_asset
177,183,bd_highschool_female,,1,32,mediumpurple,MediumPurple,9370DB,,missing_physical_asset
177,183,bd_highschool_female,,2,64,mediumseagreen,MediumSeaGreen,3CB371,,missing_physical_asset
177,183,bd_highschool_female,,3,15,indianred,IndianRed,CD5C5C,,missing_physical_asset
177,183,bd_highschool_female,,4,52,steelblue,SteelBlue,4682B4,,missing_physical_asset
178,184,bd_tartan,tartan shirt,0,69,very_deep_green,Very deep green,003300,body_body184,rendered
178,184,bd_tartan,tartan shirt,1,14,palevioletred,PaleVioletRed,DB7093,body_body184,rendered
178,184,bd_tartan,tartan shirt,2,78,brown,Brown,A52A2A,body_body184,rendered
178,184,bd_tartan,tartan shirt,3,67,darkolivegreen,DarkOliveGreen,556B2F,body_body184,rendered
178,184,bd_tartan,tartan shirt,4,42,luminous_vivid_azure,Luminous vivid azure,0066FF,body_body184,rendered
178,184,bd_tartan,tartan shirt,5,59,light_brilliant_yellow_lime,Light brilliant yellow lime,E7FF33,body_body184,rendered
178,184,bd_tartan,tartan shirt,6,40,lightskyblue,LightSkyBlue,87CEFA,body_body184,rendered
178,184,bd_tartan,tartan shirt,7,8,salmon,Salmon,FA8072,body_body184,rendered
179,185,bd_daimyou,,0,47,darkblue_2,DarkBlue_2,1E1E4C,,missing_physical_asset
179,185,bd_daimyou,,1,15,indianred,IndianRed,CD5C5C,,missing_physical_asset
179,185,bd_daimyou,,2,73,goldenrod,Goldenrod,DAA520,,missing_physical_asset
179,185,bd_daimyou,,3,38,deep_magenta,Deep magenta,5C005C,,missing_physical_asset
179,185,bd_daimyou,,4,67,darkolivegreen,DarkOliveGreen,556B2F,,missing_physical_asset
179,185,bd_daimyou,,5,56,deep_cyan_2,Deep cyan 2,004240,,missing_physical_asset
179,185,bd_daimyou,,6,89,very_dark_gray,Very dark gray,333333,,missing_physical_asset
179,185,bd_daimyou,,7,42,luminous_vivid_azure,Luminous vivid azure,0066FF,,missing_physical_asset
180,186,bd_hakama2,,0,16,red,Red,FF0000,,missing_physical_asset
180,186,bd_hakama2,,1,12,light_brilliant_amber,Light brilliant amber,FFC950,,missing_physical_asset
180,186,bd_hakama2,,2,29,mediumvioletred,MediumVioletRed,C71585,,missing_physical_asset
180,186,bd_hakama2,,3,10,tomato,Tomato,FF6347,,missing_physical_asset
180,186,bd_hakama2,,4,56,deep_cyan_2,Deep cyan 2,004240,,missing_physical_asset
180,186,bd_hakama2,,5,40,lightskyblue,LightSkyBlue,87CEFA,,missing_physical_asset
180,186,bd_hakama2,,6,63,limegreen,LimeGreen,32CD32,,missing_physical_asset
180,186,bd_hakama2,,7,91,black,Black,000000,,missing_physical_asset
181,187,bd_shinsen_gumi,,0,41,deepskyblue,DeepSkyBlue,00BFFF,,missing_physical_asset
181,187,bd_shinsen_gumi,,1,18,moderate_red,Moderate red,CB0F0F,,missing_physical_asset
181,187,bd_shinsen_gumi,,2,66,olive,Olive,808000,,missing_physical_asset
181,187,bd_shinsen_gumi,,3,51,cadetblue,CadetBlue,5F9EA0,,missing_physical_asset
181,187,bd_shinsen_gumi,,4,91,black,Black,000000,,missing_physical_asset
181,187,bd_shinsen_gumi,,5,67,darkolivegreen,DarkOliveGreen,556B2F,,missing_physical_asset
181,187,bd_shinsen_gumi,,6,87,gray,Gray,808080,,missing_physical_asset
181,187,bd_shinsen_gumi,,7,11,orange,Orange,FFA500,,missing_physical_asset
182,188,bd_ninjya,ninja suit,0,91,black,Black,000000,body_body188,rendered
182,188,bd_ninjya,ninja suit,1,85,lightgrey,LightGrey,D3D3D3,body_body188,rendered
182,188,bd_ninjya,ninja suit,2,56,deep_cyan_2,Deep cyan 2,004240,body_body188,rendered
182,188,bd_ninjya,ninja suit,3,18,moderate_red,Moderate red,CB0F0F,body_body188,rendered
182,188,bd_ninjya,ninja suit,4,25,light_brilliant_crimson,Light brilliant crimson,FF4C87,body_body188,rendered
182,188,bd_ninjya,ninja suit,5,47,darkblue_2,DarkBlue_2,1E1E4C,body_body188,rendered
182,188,bd_ninjya,ninja suit,6,38,deep_magenta,Deep magenta,5C005C,body_body188,rendered
182,188,bd_ninjya,ninja suit,7,42,luminous_vivid_azure,Luminous vivid azure,0066FF,body_body188,rendered
183,189,bd_baikin,unitail,0,91,black,Black,000000,body_body189,rendered
183,189,bd_baikin,unitail,1,84,white,White,FFFFFF,body_body189,rendered
183,189,bd_baikin,unitail,2,47,darkblue_2,DarkBlue_2,1E1E4C,body_body189,rendered
183,189,bd_baikin,unitail,3,36,indigo,Indigo,4B0082,body_body189,rendered
183,189,bd_baikin,unitail,4,81,deep_brown_red,Deep brown red,3E1300,body_body189,rendered
184,190,bd_bodycon,zebra-print dress,0,85,lightgrey,LightGrey,D3D3D3,body_body190,rendered
184,190,bd_bodycon,zebra-print dress,1,51,cadetblue,CadetBlue,5F9EA0,body_body190,rendered
184,190,bd_bodycon,zebra-print dress,2,34,light_brilliant_violet,Light brilliant violet,9933FF,body_body190,rendered
184,190,bd_bodycon,zebra-print dress,3,6,gold,Gold,FFD700,body_body190,rendered
184,190,bd_bodycon,zebra-print dress,4,81,deep_brown_red,Deep brown red,3E1300,body_body190,rendered
184,190,bd_bodycon,zebra-print dress,5,17,orangered,OrangeRed,FF4500,body_body190,rendered
184,190,bd_bodycon,zebra-print dress,6,62,lime,Lime,00FF00,body_body190,rendered
184,190,bd_bodycon,zebra-print dress,7,45,blue,Blue,0000FF,body_body190,rendered
185,191,bd_koshimino,grass skirt,0,77,chocolate,Chocolate,D2691E,body_body191|body_body191F,rendered
185,191,bd_koshimino,grass skirt,1,65,olivedrab,OliveDrab,6B8E23,body_body191|body_body191F,rendered
185,191,bd_koshimino,grass skirt,2,82,dark_gamboge,Dark gamboge,452F12,body_body191|body_body191F,rendered
185,191,bd_koshimino,grass skirt,3,62,lime,Lime,00FF00,body_body191|body_body191F,rendered
185,191,bd_koshimino,grass skirt,4,11,orange,Orange,FFA500,body_body191|body_body191F,rendered
185,191,bd_koshimino,grass skirt,5,50,aquamarine,Aquamarine,7FFFD4,body_body191|body_body191F,rendered
185,191,bd_koshimino,grass skirt,6,84,white,White,FFFFFF,body_body191|body_body191F,rendered
185,191,bd_koshimino,grass skirt,7,16,red,Red,FF0000,body_body191|body_body191F,rendered
186,192,bd_tanktop,tank top,0,52,steelblue,SteelBlue,4682B4,body_body192,rendered
186,192,bd_tanktop,tank top,1,67,darkolivegreen,DarkOliveGreen,556B2F,body_body192,rendered
186,192,bd_tanktop,tank top,2,82,dark_gamboge,Dark gamboge,452F12,body_body192,rendered
186,192,bd_tanktop,tank top,3,2,lemonchiffon,LemonChiffon,FFFACD,body_body192,rendered
186,192,bd_tanktop,tank top,4,19,darkred,DarkRed,8B0000,body_body192,rendered
186,192,bd_tanktop,tank top,5,53,cyan,Cyan,00FFFF,body_body192,rendered
186,192,bd_tanktop,tank top,6,5,yellow,Yellow,FFFF00,body_body192,rendered
186,192,bd_tanktop,tank top,7,90,very_dark_gray_2,Very dark gray 2,232323,body_body192,rendered
187,194,bd_ethnicskirt,exotic skirt,0,17,orangered,OrangeRed,FF4500,body_body194,rendered
187,194,bd_ethnicskirt,exotic skirt,1,41,deepskyblue,DeepSkyBlue,00BFFF,body_body194,rendered
187,194,bd_ethnicskirt,exotic skirt,2,60,greenyellow,GreenYellow,ADFF2F,body_body194,rendered
187,194,bd_ethnicskirt,exotic skirt,3,28,fuchsia,Fuchsia,FF00FF,body_body194,rendered
187,194,bd_ethnicskirt,exotic skirt,4,69,very_deep_green,Very deep green,003300,body_body194,rendered
188,195,bd_chemical,checkered shirt & jeans,0,16,red,Red,FF0000,body_body195,rendered
188,195,bd_chemical,checkered shirt & jeans,1,40,lightskyblue,LightSkyBlue,87CEFA,body_body195,rendered
188,195,bd_chemical,checkered shirt & jeans,2,27,very_light_magenta,Very light magenta,FF99FF,body_body195,rendered
188,195,bd_chemical,checkered shirt & jeans,3,76,dark_amber,Dark amber,624806,body_body195,rendered
188,195,bd_chemical,checkered shirt & jeans,4,6,gold,Gold,FFD700,body_body195,rendered
188,195,bd_chemical,checkered shirt & jeans,5,62,lime,Lime,00FF00,body_body195,rendered
188,195,bd_chemical,checkered shirt & jeans,6,41,deepskyblue,DeepSkyBlue,00BFFF,body_body195,rendered
188,195,bd_chemical,checkered shirt & jeans,7,85,lightgrey,LightGrey,D3D3D3,body_body195,rendered
189,196,bd_chemical2,acid-washed jeans,0,52,steelblue,SteelBlue,4682B4,body_body196,rendered
189,196,bd_chemical2,acid-washed jeans,1,91,black,Black,000000,body_body196,rendered
189,196,bd_chemical2,acid-washed jeans,2,47,darkblue_2,DarkBlue_2,1E1E4C,body_body196,rendered
189,196,bd_chemical2,acid-washed jeans,3,42,luminous_vivid_azure,Luminous vivid azure,0066FF,body_body196,rendered
189,196,bd_chemical2,acid-washed jeans,4,26,deeppink,DeepPink,FF1493,body_body196,rendered
189,196,bd_chemical2,acid-washed jeans,5,5,yellow,Yellow,FFFF00,body_body196,rendered
189,196,bd_chemical2,acid-washed jeans,6,16,red,Red,FF0000,body_body196,rendered
189,196,bd_chemical2,acid-washed jeans,7,62,lime,Lime,00FF00,body_body196,rendered
190,197,bd_goth,punk outfit,0,16,red,Red,FF0000,body_body197,rendered
190,197,bd_goth,punk outfit,1,62,lime,Lime,00FF00,body_body197,rendered
190,197,bd_goth,punk outfit,2,42,luminous_vivid_azure,Luminous vivid azure,0066FF,body_body197,rendered
190,197,bd_goth,punk outfit,3,6,gold,Gold,FFD700,body_body197,rendered
190,197,bd_goth,punk outfit,4,28,fuchsia,Fuchsia,FF00FF,body_body197,rendered
190,197,bd_goth,punk outfit,5,53,cyan,Cyan,00FFFF,body_body197,rendered
190,197,bd_goth,punk outfit,6,84,white,White,FFFFFF,body_body197,rendered
190,197,bd_goth,punk outfit,7,87,gray,Gray,808080,body_body197,rendered
191,198,bd_future,future suit,0,64,mediumseagreen,MediumSeaGreen,3CB371,body_body198,rendered
191,198,bd_future,future suit,1,36,indigo,Indigo,4B0082,body_body198,rendered
191,198,bd_future,future suit,2,31,plum,Plum,DDA0DD,body_body198,rendered
191,198,bd_future,future suit,3,91,black,Black,000000,body_body198,rendered
191,198,bd_future,future suit,4,16,red,Red,FF0000,body_body198,rendered
191,198,bd_future,future suit,5,65,olivedrab,OliveDrab,6B8E23,body_body198,rendered
191,198,bd_future,future suit,6,74,darkgoldenrod,DarkGoldenrod,B8860B,body_body198,rendered
191,198,bd_future,future suit,7,42,luminous_vivid_azure,Luminous vivid azure,0066FF,body_body198,rendered
192,199,bd_monster,dinosaur suit,0,69,very_deep_green,Very deep green,003300,body_body199,rendered
192,199,bd_monster,dinosaur suit,1,83,very_dark_gamboge,Very dark gamboge,332819,body_body199,rendered
192,199,bd_monster,dinosaur suit,2,80,deep_reddish_brown,Deep reddish brown,560000,body_body199,rendered
192,199,bd_monster,dinosaur suit,3,26,deeppink,DeepPink,FF1493,body_body199,rendered
192,199,bd_monster,dinosaur suit,4,67,darkolivegreen,DarkOliveGreen,556B2F,body_body199,rendered
192,199,bd_monster,dinosaur suit,5,75,moderate_amber,Moderate amber,886308,body_body199,rendered
192,199,bd_monster,dinosaur suit,6,91,black,Black,000000,body_body199,rendered
192,199,bd_monster,dinosaur suit,7,11,orange,Orange,FFA500,body_body199,rendered
193,200,bd_pajamas,pajamas,0,40,lightskyblue,LightSkyBlue,87CEFA,body_body200,rendered
193,200,bd_pajamas,pajamas,1,13,luminous_vivid_orange,Luminous vivid orange,FF6600,body_body200,rendered
193,200,bd_pajamas,pajamas,2,86,darkgray,DarkGray,A9A9A9,body_body200,rendered
193,200,bd_pajamas,pajamas,3,22,lightcoral,LightCoral,F08080,body_body200,rendered
193,200,bd_pajamas,pajamas,4,63,limegreen,LimeGreen,32CD32,body_body200,rendered
193,200,bd_pajamas,pajamas,5,18,moderate_red,Moderate red,CB0F0F,body_body200,rendered
193,200,bd_pajamas,pajamas,6,28,fuchsia,Fuchsia,FF00FF,body_body200,rendered
193,200,bd_pajamas,pajamas,7,53,cyan,Cyan,00FFFF,body_body200,rendered
194,201,bd_white_swim,basic swimsuit,0,37,darkmagenta,DarkMagenta,8B008B,body_body201|body_body201F,rendered
194,201,bd_white_swim,basic swimsuit,1,91,black,Black,000000,body_body201|body_body201F,rendered
194,201,bd_white_swim,basic swimsuit,2,16,red,Red,FF0000,body_body201|body_body201F,rendered
194,201,bd_white_swim,basic swimsuit,3,6,gold,Gold,FFD700,body_body201|body_body201F,rendered
194,201,bd_white_swim,basic swimsuit,4,68,darkgreen,DarkGreen,006400,body_body201|body_body201F,rendered
194,201,bd_white_swim,basic swimsuit,5,41,deepskyblue,DeepSkyBlue,00BFFF,body_body201|body_body201F,rendered
194,201,bd_white_swim,basic swimsuit,6,25,light_brilliant_crimson,Light brilliant crimson,FF4C87,body_body201|body_body201F,rendered
194,201,bd_white_swim,basic swimsuit,7,77,chocolate,Chocolate,D2691E,body_body201|body_body201F,rendered
195,202,bd_child_smock,kiddie smock,0,6,gold,Gold,FFD700,body_body202,rendered
195,202,bd_child_smock,kiddie smock,1,23,very_light_crimson,Very light crimson,FF82AB,body_body202,rendered
195,202,bd_child_smock,kiddie smock,2,64,mediumseagreen,MediumSeaGreen,3CB371,body_body202,rendered
195,202,bd_child_smock,kiddie smock,3,13,luminous_vivid_orange,Luminous vivid orange,FF6600,body_body202,rendered
195,202,bd_child_smock,kiddie smock,4,79,saddlebrown,SaddleBrown,8B4513,body_body202,rendered
195,202,bd_child_smock,kiddie smock,5,84,white,White,FFFFFF,body_body202,rendered
195,202,bd_child_smock,kiddie smock,6,42,luminous_vivid_azure,Luminous vivid azure,0066FF,body_body202,rendered
195,202,bd_child_smock,kiddie smock,7,28,fuchsia,Fuchsia,FF00FF,body_body202,rendered
196,205,bd_fairy,fairy costume,0,26,deeppink,DeepPink,FF1493,body_body205,rendered
196,205,bd_fairy,fairy costume,1,34,light_brilliant_violet,Light brilliant violet,9933FF,body_body205,rendered
196,205,bd_fairy,fairy costume,2,42,luminous_vivid_azure,Luminous vivid azure,0066FF,body_body205,rendered
196,205,bd_fairy,fairy costume,3,58,yellowgreen,YellowGreen,9ACD32,body_body205,rendered
196,205,bd_fairy,fairy costume,4,74,darkgoldenrod,DarkGoldenrod,B8860B,body_body205,rendered
196,205,bd_fairy,fairy costume,5,53,cyan,Cyan,00FFFF,body_body205,rendered
196,205,bd_fairy,fairy costume,6,91,black,Black,000000,body_body205,rendered
196,205,bd_fairy,fairy costume,7,87,gray,Gray,808080,body_body205,rendered
197,206,bd_post,postal uniform,0,56,deep_cyan_2,Deep cyan 2,004240,body_body206,rendered
197,206,bd_post,postal uniform,1,47,darkblue_2,DarkBlue_2,1E1E4C,body_body206,rendered
197,206,bd_post,postal uniform,2,19,darkred,DarkRed,8B0000,body_body206,rendered
197,206,bd_post,postal uniform,3,86,darkgray,DarkGray,A9A9A9,body_body206,rendered
197,206,bd_post,postal uniform,4,74,darkgoldenrod,DarkGoldenrod,B8860B,body_body206,rendered
198,207,bd_ryoutei,sous-chef outfit,0,84,white,White,FFFFFF,body_body207,rendered
198,207,bd_ryoutei,sous-chef outfit,1,49,paleturquoise,PaleTurquoise,AFEEEE,body_body207,rendered
198,207,bd_ryoutei,sous-chef outfit,2,21,pink,Pink,FFC0CB,body_body207,rendered
198,207,bd_ryoutei,sous-chef outfit,3,89,very_dark_gray,Very dark gray,333333,body_body207,rendered
198,207,bd_ryoutei,sous-chef outfit,4,73,goldenrod,Goldenrod,DAA520,body_body207,rendered
198,207,bd_ryoutei,sous-chef outfit,5,70,rosybrown,RosyBrown,BC8F8F,body_body207,rendered
198,207,bd_ryoutei,sous-chef outfit,6,64,mediumseagreen,MediumSeaGreen,3CB371,body_body207,rendered
198,207,bd_ryoutei,sous-chef outfit,7,19,darkred,DarkRed,8B0000,body_body207,rendered
199,208,bd_kimono2,,0,22,lightcoral,LightCoral,F08080,,missing_physical_asset
199,208,bd_kimono2,,1,40,lightskyblue,LightSkyBlue,87CEFA,,missing_physical_asset
199,208,bd_kimono2,,2,65,olivedrab,OliveDrab,6B8E23,,missing_physical_asset
199,208,bd_kimono2,,3,87,gray,Gray,808080,,missing_physical_asset
199,208,bd_kimono2,,4,78,brown,Brown,A52A2A,,missing_physical_asset
199,208,bd_kimono2,,5,11,orange,Orange,FFA500,,missing_physical_asset
199,208,bd_kimono2,,6,44,moderate_blue,Moderate blue,323296,,missing_physical_asset
199,208,bd_kimono2,,7,90,very_dark_gray_2,Very dark gray 2,232323,,missing_physical_asset
200,209,bd_knit_best,sweater-vest,0,67,darkolivegreen,DarkOliveGreen,556B2F,body_body209,rendered
200,209,bd_knit_best,sweater-vest,1,44,moderate_blue,Moderate blue,323296,body_body209,rendered
200,209,bd_knit_best,sweater-vest,2,81,deep_brown_red,Deep brown red,3E1300,body_body209,rendered
200,209,bd_knit_best,sweater-vest,3,8,salmon,Salmon,FA8072,body_body209,rendered
200,209,bd_knit_best,sweater-vest,4,72,tan,Tan,D2B48C,body_body209,rendered
200,209,bd_knit_best,sweater-vest,5,41,deepskyblue,DeepSkyBlue,00BFFF,body_body209,rendered
200,209,bd_knit_best,sweater-vest,6,58,yellowgreen,YellowGreen,9ACD32,body_body209,rendered
200,209,bd_knit_best,sweater-vest,7,77,chocolate,Chocolate,D2691E,body_body209,rendered
201,210,bd_bellbottom,bell-bottoms,0,17,orangered,OrangeRed,FF4500,body_body210,rendered
201,210,bd_bellbottom,bell-bottoms,1,41,deepskyblue,DeepSkyBlue,00BFFF,body_body210,rendered
201,210,bd_bellbottom,bell-bottoms,2,61,chartreuse,Chartreuse,7FFF00,body_body210,rendered
201,210,bd_bellbottom,bell-bottoms,3,38,deep_magenta,Deep magenta,5C005C,body_body210,rendered
201,210,bd_bellbottom,bell-bottoms,4,74,darkgoldenrod,DarkGoldenrod,B8860B,body_body210,rendered
201,210,bd_bellbottom,bell-bottoms,5,6,gold,Gold,FFD700,body_body210,rendered
201,210,bd_bellbottom,bell-bottoms,6,16,red,Red,FF0000,body_body210,rendered
201,210,bd_bellbottom,bell-bottoms,7,56,deep_cyan_2,Deep cyan 2,004240,body_body210,rendered
202,211,bd_autum,fall dress,0,17,orangered,OrangeRed,FF4500,body_body211,rendered
202,211,bd_autum,fall dress,1,76,dark_amber,Dark amber,624806,body_body211,rendered
202,211,bd_autum,fall dress,2,89,very_dark_gray,Very dark gray,333333,body_body211,rendered
202,211,bd_autum,fall dress,3,19,darkred,DarkRed,8B0000,body_body211,rendered
202,211,bd_autum,fall dress,4,11,orange,Orange,FFA500,body_body211,rendered
202,211,bd_autum,fall dress,5,47,darkblue_2,DarkBlue_2,1E1E4C,body_body211,rendered
203,212,bd_winter,winter dress,0,47,darkblue_2,DarkBlue_2,1E1E4C,body_body212,rendered
203,212,bd_winter,winter dress,1,86,darkgray,DarkGray,A9A9A9,body_body212,rendered
203,212,bd_winter,winter dress,2,29,mediumvioletred,MediumVioletRed,C71585,body_body212,rendered
203,212,bd_winter,winter dress,3,80,deep_reddish_brown,Deep reddish brown,560000,body_body212,rendered
203,212,bd_winter,winter dress,4,51,cadetblue,CadetBlue,5F9EA0,body_body212,rendered
203,212,bd_winter,winter dress,5,70,rosybrown,RosyBrown,BC8F8F,body_body212,rendered
204,213,bd_spring,spring dress,0,50,aquamarine,Aquamarine,7FFFD4,body_body213,rendered
204,213,bd_spring,spring dress,1,71,burlywood,BurlyWood,DEB887,body_body213,rendered
204,213,bd_spring,spring dress,2,19,darkred,DarkRed,8B0000,body_body213,rendered
204,213,bd_spring,spring dress,3,25,light_brilliant_crimson,Light brilliant crimson,FF4C87,body_body213,rendered
204,213,bd_spring,spring dress,4,6,gold,Gold,FFD700,body_body213,rendered
204,213,bd_spring,spring dress,5,32,mediumpurple,MediumPurple,9370DB,body_body213,rendered
205,214,bd_summer,summer dress,0,40,lightskyblue,LightSkyBlue,87CEFA,body_body214,rendered
205,214,bd_summer,summer dress,1,68,darkgreen,DarkGreen,006400,body_body214,rendered
205,214,bd_summer,summer dress,2,45,blue,Blue,0000FF,body_body214,rendered
205,214,bd_summer,summer dress,3,11,orange,Orange,FFA500,body_body214,rendered
205,214,bd_summer,summer dress,4,33,mediumslateblue,MediumSlateBlue,7B68EE,body_body214,rendered
205,214,bd_summer,summer dress,5,54,darkturquoise,DarkTurquoise,00CED1,body_body214,rendered
206,216,bd_wrestling,wrestling outfit,0,45,blue,Blue,0000FF,body_body216|body_body216F,rendered
206,216,bd_wrestling,wrestling outfit,1,80,deep_reddish_brown,Deep reddish brown,560000,body_body216|body_body216F,rendered
206,216,bd_wrestling,wrestling outfit,2,6,gold,Gold,FFD700,body_body216|body_body216F,rendered
206,216,bd_wrestling,wrestling outfit,3,16,red,Red,FF0000,body_body216|body_body216F,rendered
206,216,bd_wrestling,wrestling outfit,4,85,lightgrey,LightGrey,D3D3D3,body_body216|body_body216F,rendered
206,216,bd_wrestling,wrestling outfit,5,28,fuchsia,Fuchsia,FF00FF,body_body216|body_body216F,rendered
206,216,bd_wrestling,wrestling outfit,6,61,chartreuse,Chartreuse,7FFF00,body_body216|body_body216F,rendered
206,216,bd_wrestling,wrestling outfit,7,90,very_dark_gray_2,Very dark gray 2,232323,body_body216|body_body216F,rendered
207,217,bd_denim_skirt,denim miniskirt,0,59,light_brilliant_yellow_lime,Light brilliant yellow lime,E7FF33,body_body217,rendered
207,217,bd_denim_skirt,denim miniskirt,1,50,aquamarine,Aquamarine,7FFFD4,body_body217,rendered
207,217,bd_denim_skirt,denim miniskirt,2,8,salmon,Salmon,FA8072,body_body217,rendered
207,217,bd_denim_skirt,denim miniskirt,3,91,black,Black,000000,body_body217,rendered
207,217,bd_denim_skirt,denim miniskirt,4,29,mediumvioletred,MediumVioletRed,C71585,body_body217,rendered
207,217,bd_denim_skirt,denim miniskirt,5,84,white,White,FFFFFF,body_body217,rendered
207,217,bd_denim_skirt,denim miniskirt,6,16,red,Red,FF0000,body_body217,rendered
207,217,bd_denim_skirt,denim miniskirt,7,74,darkgoldenrod,DarkGoldenrod,B8860B,body_body217,rendered
208,218,bd_bukabuka_cutsaw,logo sweater,0,19,darkred,DarkRed,8B0000,body_body218,rendered
208,218,bd_bukabuka_cutsaw,logo sweater,1,46,darkblue,DarkBlue,00008B,body_body218,rendered
208,218,bd_bukabuka_cutsaw,logo sweater,2,69,very_deep_green,Very deep green,003300,body_body218,rendered
208,218,bd_bukabuka_cutsaw,logo sweater,3,76,dark_amber,Dark amber,624806,body_body218,rendered
208,218,bd_bukabuka_cutsaw,logo sweater,4,38,deep_magenta,Deep magenta,5C005C,body_body218,rendered
208,218,bd_bukabuka_cutsaw,logo sweater,5,91,black,Black,000000,body_body218,rendered
208,218,bd_bukabuka_cutsaw,logo sweater,6,62,lime,Lime,00FF00,body_body218,rendered
208,218,bd_bukabuka_cutsaw,logo sweater,7,26,deeppink,DeepPink,FF1493,body_body218,rendered
209,219,bd_fleece,fleece jacket,0,37,darkmagenta,DarkMagenta,8B008B,body_body219,rendered
209,219,bd_fleece,fleece jacket,1,61,chartreuse,Chartreuse,7FFF00,body_body219,rendered
209,219,bd_fleece,fleece jacket,2,42,luminous_vivid_azure,Luminous vivid azure,0066FF,body_body219,rendered
209,219,bd_fleece,fleece jacket,3,91,black,Black,000000,body_body219,rendered
209,219,bd_fleece,fleece jacket,4,6,gold,Gold,FFD700,body_body219,rendered
209,219,bd_fleece,fleece jacket,5,77,chocolate,Chocolate,D2691E,body_body219,rendered
209,219,bd_fleece,fleece jacket,6,56,deep_cyan_2,Deep cyan 2,004240,body_body219,rendered
209,219,bd_fleece,fleece jacket,7,19,darkred,DarkRed,8B0000,body_body219,rendered
210,220,bd_dwarf,elf outfit,0,68,darkgreen,DarkGreen,006400,body_body220,rendered
210,220,bd_dwarf,elf outfit,1,45,blue,Blue,0000FF,body_body220,rendered
210,220,bd_dwarf,elf outfit,2,81,deep_brown_red,Deep brown red,3E1300,body_body220,rendered
210,220,bd_dwarf,elf outfit,3,16,red,Red,FF0000,body_body220,rendered
210,220,bd_dwarf,elf outfit,4,13,luminous_vivid_orange,Luminous vivid orange,FF6600,body_body220,rendered
210,220,bd_dwarf,elf outfit,5,37,darkmagenta,DarkMagenta,8B008B,body_body220,rendered
210,220,bd_dwarf,elf outfit,6,91,black,Black,000000,body_body220,rendered
210,220,bd_dwarf,elf outfit,7,58,yellowgreen,YellowGreen,9ACD32,body_body220,rendered
211,221,bd_roomwear,loungewear,0,79,saddlebrown,SaddleBrown,8B4513,body_body221,rendered
211,221,bd_roomwear,loungewear,1,46,darkblue,DarkBlue,00008B,body_body221,rendered
211,221,bd_roomwear,loungewear,2,83,very_dark_gamboge,Very dark gamboge,332819,body_body221,rendered
211,221,bd_roomwear,loungewear,3,65,olivedrab,OliveDrab,6B8E23,body_body221,rendered
211,221,bd_roomwear,loungewear,4,15,indianred,IndianRed,CD5C5C,body_body221,rendered
211,221,bd_roomwear,loungewear,5,55,darkcyan,DarkCyan,008B8B,body_body221,rendered
211,221,bd_roomwear,loungewear,6,3,khaki,Khaki,F0E68C,body_body221,rendered
211,221,bd_roomwear,loungewear,7,70,rosybrown,RosyBrown,BC8F8F,body_body221,rendered
212,222,bd_marueri,round-collar blouse,0,22,lightcoral,LightCoral,F08080,body_body222,rendered
212,222,bd_marueri,round-collar blouse,1,49,paleturquoise,PaleTurquoise,AFEEEE,body_body222,rendered
212,222,bd_marueri,round-collar blouse,2,66,olive,Olive,808000,body_body222,rendered
212,222,bd_marueri,round-collar blouse,3,73,goldenrod,Goldenrod,DAA520,body_body222,rendered
212,222,bd_marueri,round-collar blouse,4,4,light_brilliant_amber_yellow,Light brilliant amber yellow,FFEC65,body_body222,rendered
212,222,bd_marueri,round-collar blouse,5,90,very_dark_gray_2,Very dark gray 2,232323,body_body222,rendered
212,222,bd_marueri,round-collar blouse,6,84,white,White,FFFFFF,body_body222,rendered
212,222,bd_marueri,round-collar blouse,7,60,greenyellow,GreenYellow,ADFF2F,body_body222,rendered
213,224,bd_rain,raincoat,0,6,gold,Gold,FFD700,body_body224,rendered
213,224,bd_rain,raincoat,1,45,blue,Blue,0000FF,body_body224,rendered
213,224,bd_rain,raincoat,2,26,deeppink,DeepPink,FF1493,body_body224,rendered
213,224,bd_rain,raincoat,3,61,chartreuse,Chartreuse,7FFF00,body_body224,rendered
213,224,bd_rain,raincoat,4,85,lightgrey,LightGrey,D3D3D3,body_body224,rendered
213,224,bd_rain,raincoat,5,16,red,Red,FF0000,body_body224,rendered
213,224,bd_rain,raincoat,6,54,darkturquoise,DarkTurquoise,00CED1,body_body224,rendered
213,224,bd_rain,raincoat,7,80,deep_reddish_brown,Deep reddish brown,560000,body_body224,rendered
214,226,bd_girl_cropped,logo dress,0,31,plum,Plum,DDA0DD,body_body226,rendered
214,226,bd_girl_cropped,logo dress,1,61,chartreuse,Chartreuse,7FFF00,body_body226,rendered
214,226,bd_girl_cropped,logo dress,2,41,deepskyblue,DeepSkyBlue,00BFFF,body_body226,rendered
214,226,bd_girl_cropped,logo dress,3,3,khaki,Khaki,F0E68C,body_body226,rendered
214,226,bd_girl_cropped,logo dress,4,55,darkcyan,DarkCyan,008B8B,body_body226,rendered
214,226,bd_girl_cropped,logo dress,5,88,dark_gray,Dark gray,4D4D4D,body_body226,rendered
214,226,bd_girl_cropped,logo dress,6,6,gold,Gold,FFD700,body_body226,rendered
214,226,bd_girl_cropped,logo dress,7,84,white,White,FFFFFF,body_body226,rendered
215,227,bd_nel_shirts,flannel shirt,0,56,deep_cyan_2,Deep cyan 2,004240,body_body227,rendered
215,227,bd_nel_shirts,flannel shirt,1,35,darkslateblue,DarkSlateBlue,483D8B,body_body227,rendered
215,227,bd_nel_shirts,flannel shirt,2,91,black,Black,000000,body_body227,rendered
215,227,bd_nel_shirts,flannel shirt,3,66,olive,Olive,808000,body_body227,rendered
215,227,bd_nel_shirts,flannel shirt,4,17,orangered,OrangeRed,FF4500,body_body227,rendered
215,227,bd_nel_shirts,flannel shirt,5,41,deepskyblue,DeepSkyBlue,00BFFF,body_body227,rendered
215,227,bd_nel_shirts,flannel shirt,6,5,yellow,Yellow,FFFF00,body_body227,rendered
215,227,bd_nel_shirts,flannel shirt,7,84,white,White,FFFFFF,body_body227,rendered
216,228,bd_bearT,li'l bear T-shirt,0,82,dark_gamboge,Dark gamboge,452F12,body_body228,rendered
216,228,bd_bearT,li'l bear T-shirt,1,62,lime,Lime,00FF00,body_body228,rendered
216,228,bd_bearT,li'l bear T-shirt,2,84,white,White,FFFFFF,body_body228,rendered
217,256,bd_dolphin,dolphin T-shirt,0,58,yellowgreen,YellowGreen,9ACD32,body_body256,rendered
217,256,bd_dolphin,dolphin T-shirt,1,6,gold,Gold,FFD700,body_body256,rendered
217,256,bd_dolphin,dolphin T-shirt,2,37,darkmagenta,DarkMagenta,8B008B,body_body256,rendered
217,256,bd_dolphin,dolphin T-shirt,3,86,darkgray,DarkGray,A9A9A9,body_body256,rendered
217,256,bd_dolphin,dolphin T-shirt,4,8,salmon,Salmon,FA8072,body_body256,rendered
217,256,bd_dolphin,dolphin T-shirt,5,41,deepskyblue,DeepSkyBlue,00BFFF,body_body256,rendered
217,256,bd_dolphin,dolphin T-shirt,6,74,darkgoldenrod,DarkGoldenrod,B8860B,body_body256,rendered
217,256,bd_dolphin,dolphin T-shirt,7,91,black,Black,000000,body_body256,rendered
218,257,bd_bukabuka_Yshirts,baggy shirt,0,1,ivory,Ivory,FFFFF0,body_body257,rendered
218,257,bd_bukabuka_Yshirts,baggy shirt,1,40,lightskyblue,LightSkyBlue,87CEFA,body_body257,rendered
218,257,bd_bukabuka_Yshirts,baggy shirt,2,3,khaki,Khaki,F0E68C,body_body257,rendered
218,257,bd_bukabuka_Yshirts,baggy shirt,3,89,very_dark_gray,Very dark gray,333333,body_body257,rendered
219,258,bd_pineapple_aloha,pineapple shirt,0,17,orangered,OrangeRed,FF4500,body_body258,rendered
219,258,bd_pineapple_aloha,pineapple shirt,1,41,deepskyblue,DeepSkyBlue,00BFFF,body_body258,rendered
219,258,bd_pineapple_aloha,pineapple shirt,2,75,moderate_amber,Moderate amber,886308,body_body258,rendered
219,258,bd_pineapple_aloha,pineapple shirt,3,84,white,White,FFFFFF,body_body258,rendered
219,258,bd_pineapple_aloha,pineapple shirt,4,91,black,Black,000000,body_body258,rendered
219,258,bd_pineapple_aloha,pineapple shirt,5,35,darkslateblue,DarkSlateBlue,483D8B,body_body258,rendered
219,258,bd_pineapple_aloha,pineapple shirt,6,18,moderate_red,Moderate red,CB0F0F,body_body258,rendered
219,258,bd_pineapple_aloha,pineapple shirt,7,61,chartreuse,Chartreuse,7FFF00,body_body258,rendered
220,259,bd_taidaiT,tie-dye T-shirt,0,40,lightskyblue,LightSkyBlue,87CEFA,body_body259,rendered
220,259,bd_taidaiT,tie-dye T-shirt,1,14,palevioletred,PaleVioletRed,DB7093,body_body259,rendered
220,259,bd_taidaiT,tie-dye T-shirt,2,67,darkolivegreen,DarkOliveGreen,556B2F,body_body259,rendered
220,259,bd_taidaiT,tie-dye T-shirt,3,42,luminous_vivid_azure,Luminous vivid azure,0066FF,body_body259,rendered
220,259,bd_taidaiT,tie-dye T-shirt,4,31,plum,Plum,DDA0DD,body_body259,rendered
220,259,bd_taidaiT,tie-dye T-shirt,5,62,lime,Lime,00FF00,body_body259,rendered
220,259,bd_taidaiT,tie-dye T-shirt,6,16,red,Red,FF0000,body_body259,rendered
220,259,bd_taidaiT,tie-dye T-shirt,7,84,white,White,FFFFFF,body_body259,rendered
221,260,bd_onepiece_leggings,embroidered tunic,0,13,luminous_vivid_orange,Luminous vivid orange,FF6600,body_body260,rendered
221,260,bd_onepiece_leggings,embroidered tunic,1,19,darkred,DarkRed,8B0000,body_body260,rendered
221,260,bd_onepiece_leggings,embroidered tunic,2,22,lightcoral,LightCoral,F08080,body_body260,rendered
221,260,bd_onepiece_leggings,embroidered tunic,3,32,mediumpurple,MediumPurple,9370DB,body_body260,rendered
221,260,bd_onepiece_leggings,embroidered tunic,4,51,cadetblue,CadetBlue,5F9EA0,body_body260,rendered
221,260,bd_onepiece_leggings,embroidered tunic,5,87,gray,Gray,808080,body_body260,rendered
221,260,bd_onepiece_leggings,embroidered tunic,6,21,pink,Pink,FFC0CB,body_body260,rendered
221,260,bd_onepiece_leggings,embroidered tunic,7,6,gold,Gold,FFD700,body_body260,rendered
222,261,bd_starT,star T-shirt,0,62,lime,Lime,00FF00,body_body261,rendered
222,261,bd_starT,star T-shirt,1,37,darkmagenta,DarkMagenta,8B008B,body_body261,rendered
222,261,bd_starT,star T-shirt,2,5,yellow,Yellow,FFFF00,body_body261,rendered
222,261,bd_starT,star T-shirt,3,26,deeppink,DeepPink,FF1493,body_body261,rendered
222,261,bd_starT,star T-shirt,4,19,darkred,DarkRed,8B0000,body_body261,rendered
222,261,bd_starT,star T-shirt,5,86,darkgray,DarkGray,A9A9A9,body_body261,rendered
222,261,bd_starT,star T-shirt,6,53,cyan,Cyan,00FFFF,body_body261,rendered
222,261,bd_starT,star T-shirt,7,89,very_dark_gray,Very dark gray,333333,body_body261,rendered
223,262,bd_wetsuit,wet suit,0,13,luminous_vivid_orange,Luminous vivid orange,FF6600,body_body262,rendered
223,262,bd_wetsuit,wet suit,1,42,luminous_vivid_azure,Luminous vivid azure,0066FF,body_body262,rendered
223,262,bd_wetsuit,wet suit,2,26,deeppink,DeepPink,FF1493,body_body262,rendered
223,262,bd_wetsuit,wet suit,3,34,light_brilliant_violet,Light brilliant violet,9933FF,body_body262,rendered
223,262,bd_wetsuit,wet suit,4,60,greenyellow,GreenYellow,ADFF2F,body_body262,rendered
224,263,bd_cowgirl,cowgirl duds,0,80,deep_reddish_brown,Deep reddish brown,560000,body_body263,rendered
224,263,bd_cowgirl,cowgirl duds,1,17,orangered,OrangeRed,FF4500,body_body263,rendered
224,263,bd_cowgirl,cowgirl duds,2,29,mediumvioletred,MediumVioletRed,C71585,body_body263,rendered
224,263,bd_cowgirl,cowgirl duds,3,5,yellow,Yellow,FFFF00,body_body263,rendered
224,263,bd_cowgirl,cowgirl duds,4,53,cyan,Cyan,00FFFF,body_body263,rendered
224,263,bd_cowgirl,cowgirl duds,5,61,chartreuse,Chartreuse,7FFF00,body_body263,rendered
224,263,bd_cowgirl,cowgirl duds,6,39,lightcyan,LightCyan,E0FFFF,body_body263,rendered
224,263,bd_cowgirl,cowgirl duds,7,34,light_brilliant_violet,Light brilliant violet,9933FF,body_body263,rendered
225,264,bd_jacket_jeans,jacket & jeans,0,47,darkblue_2,DarkBlue_2,1E1E4C,body_body264,rendered
225,264,bd_jacket_jeans,jacket & jeans,1,12,light_brilliant_amber,Light brilliant amber,FFC950,body_body264,rendered
225,264,bd_jacket_jeans,jacket & jeans,2,88,dark_gray,Dark gray,4D4D4D,body_body264,rendered
225,264,bd_jacket_jeans,jacket & jeans,3,67,darkolivegreen,DarkOliveGreen,556B2F,body_body264,rendered
225,264,bd_jacket_jeans,jacket & jeans,4,76,dark_amber,Dark amber,624806,body_body264,rendered
225,264,bd_jacket_jeans,jacket & jeans,5,40,lightskyblue,LightSkyBlue,87CEFA,body_body264,rendered
225,264,bd_jacket_jeans,jacket & jeans,6,82,dark_gamboge,Dark gamboge,452F12,body_body264,rendered
225,264,bd_jacket_jeans,jacket & jeans,7,56,deep_cyan_2,Deep cyan 2,004240,body_body264,rendered
226,265,bd_knit_vest,knitted vest & tie,0,72,tan,Tan,D2B48C,body_body265,rendered
226,265,bd_knit_vest,knitted vest & tie,1,22,lightcoral,LightCoral,F08080,body_body265,rendered
226,265,bd_knit_vest,knitted vest & tie,2,51,cadetblue,CadetBlue,5F9EA0,body_body265,rendered
226,265,bd_knit_vest,knitted vest & tie,3,56,deep_cyan_2,Deep cyan 2,004240,body_body265,rendered
226,265,bd_knit_vest,knitted vest & tie,4,81,deep_brown_red,Deep brown red,3E1300,body_body265,rendered
226,265,bd_knit_vest,knitted vest & tie,5,88,dark_gray,Dark gray,4D4D4D,body_body265,rendered
226,265,bd_knit_vest,knitted vest & tie,6,68,darkgreen,DarkGreen,006400,body_body265,rendered
226,265,bd_knit_vest,knitted vest & tie,7,31,plum,Plum,DDA0DD,body_body265,rendered
227,266,bd_cycle_wear,cycling outfit,0,41,deepskyblue,DeepSkyBlue,00BFFF,body_body266,rendered
227,266,bd_cycle_wear,cycling outfit,1,28,fuchsia,Fuchsia,FF00FF,body_body266,rendered
227,266,bd_cycle_wear,cycling outfit,2,11,orange,Orange,FFA500,body_body266,rendered
227,266,bd_cycle_wear,cycling outfit,3,62,lime,Lime,00FF00,body_body266,rendered
227,266,bd_cycle_wear,cycling outfit,4,16,red,Red,FF0000,body_body266,rendered
227,266,bd_cycle_wear,cycling outfit,5,64,mediumseagreen,MediumSeaGreen,3CB371,body_body266,rendered
227,266,bd_cycle_wear,cycling outfit,6,6,gold,Gold,FFD700,body_body266,rendered
227,266,bd_cycle_wear,cycling outfit,7,88,dark_gray,Dark gray,4D4D4D,body_body266,rendered
228,267,bd_salopette,salopettes,0,89,very_dark_gray,Very dark gray,333333,body_body267,rendered
228,267,bd_salopette,salopettes,1,2,lemonchiffon,LemonChiffon,FFFACD,body_body267,rendered
228,267,bd_salopette,salopettes,2,6,gold,Gold,FFD700,body_body267,rendered
228,267,bd_salopette,salopettes,3,25,light_brilliant_crimson,Light brilliant crimson,FF4C87,body_body267,rendered
228,267,bd_salopette,salopettes,4,48,deep_blue,Deep blue,000054,body_body267,rendered
228,267,bd_salopette,salopettes,5,50,aquamarine,Aquamarine,7FFFD4,body_body267,rendered
228,267,bd_salopette,salopettes,6,58,yellowgreen,YellowGreen,9ACD32,body_body267,rendered
228,267,bd_salopette,salopettes,7,19,darkred,DarkRed,8B0000,body_body267,rendered
229,268,bd_parka_01,hoodie & shorts,0,55,darkcyan,DarkCyan,008B8B,body_body268,rendered
229,268,bd_parka_01,hoodie & shorts,1,42,luminous_vivid_azure,Luminous vivid azure,0066FF,body_body268,rendered
229,268,bd_parka_01,hoodie & shorts,2,69,very_deep_green,Very deep green,003300,body_body268,rendered
229,268,bd_parka_01,hoodie & shorts,3,6,gold,Gold,FFD700,body_body268,rendered
229,268,bd_parka_01,hoodie & shorts,4,1,ivory,Ivory,FFFFF0,body_body268,rendered
229,268,bd_parka_01,hoodie & shorts,5,74,darkgoldenrod,DarkGoldenrod,B8860B,body_body268,rendered
229,268,bd_parka_01,hoodie & shorts,6,91,black,Black,000000,body_body268,rendered
229,268,bd_parka_01,hoodie & shorts,7,18,moderate_red,Moderate red,CB0F0F,body_body268,rendered
230,269,bd_skirt_tights,skirt & scarf,0,7,peachpuff,PeachPuff,FFDAB9,body_body269,rendered
230,269,bd_skirt_tights,skirt & scarf,1,13,luminous_vivid_orange,Luminous vivid orange,FF6600,body_body269,rendered
230,269,bd_skirt_tights,skirt & scarf,2,56,deep_cyan_2,Deep cyan 2,004240,body_body269,rendered
230,269,bd_skirt_tights,skirt & scarf,3,15,indianred,IndianRed,CD5C5C,body_body269,rendered
230,269,bd_skirt_tights,skirt & scarf,4,91,black,Black,000000,body_body269,rendered
230,269,bd_skirt_tights,skirt & scarf,5,59,light_brilliant_yellow_lime,Light brilliant yellow lime,E7FF33,body_body269,rendered
230,269,bd_skirt_tights,skirt & scarf,6,6,gold,Gold,FFD700,body_body269,rendered
230,269,bd_skirt_tights,skirt & scarf,7,19,darkred,DarkRed,8B0000,body_body269,rendered
231,270,bd_parka_02,strawberry hoodie,0,6,gold,Gold,FFD700,body_body270,rendered
231,270,bd_parka_02,strawberry hoodie,1,26,deeppink,DeepPink,FF1493,body_body270,rendered
231,270,bd_parka_02,strawberry hoodie,2,41,deepskyblue,DeepSkyBlue,00BFFF,body_body270,rendered
231,270,bd_parka_02,strawberry hoodie,3,62,lime,Lime,00FF00,body_body270,rendered
231,270,bd_parka_02,strawberry hoodie,4,34,light_brilliant_violet,Light brilliant violet,9933FF,body_body270,rendered
231,270,bd_parka_02,strawberry hoodie,5,91,black,Black,000000,body_body270,rendered
231,270,bd_parka_02,strawberry hoodie,6,18,moderate_red,Moderate red,CB0F0F,body_body270,rendered
231,270,bd_parka_02,strawberry hoodie,7,45,blue,Blue,0000FF,body_body270,rendered
232,271,bd_trekking,hiking outfit,0,42,luminous_vivid_azure,Luminous vivid azure,0066FF,body_body271,rendered
232,271,bd_trekking,hiking outfit,1,11,orange,Orange,FFA500,body_body271,rendered
232,271,bd_trekking,hiking outfit,2,14,palevioletred,PaleVioletRed,DB7093,body_body271,rendered
232,271,bd_trekking,hiking outfit,3,38,deep_magenta,Deep magenta,5C005C,body_body271,rendered
232,271,bd_trekking,hiking outfit,4,48,deep_blue,Deep blue,000054,body_body271,rendered
232,271,bd_trekking,hiking outfit,5,56,deep_cyan_2,Deep cyan 2,004240,body_body271,rendered
232,271,bd_trekking,hiking outfit,6,58,yellowgreen,YellowGreen,9ACD32,body_body271,rendered
232,271,bd_trekking,hiking outfit,7,91,black,Black,000000,body_body271,rendered
233,272,bd_dot_shirts,polka-dot shirt,0,48,deep_blue,Deep blue,000054,body_body272,rendered
233,272,bd_dot_shirts,polka-dot shirt,1,17,orangered,OrangeRed,FF4500,body_body272,rendered
233,272,bd_dot_shirts,polka-dot shirt,2,40,lightskyblue,LightSkyBlue,87CEFA,body_body272,rendered
233,272,bd_dot_shirts,polka-dot shirt,3,58,yellowgreen,YellowGreen,9ACD32,body_body272,rendered
233,272,bd_dot_shirts,polka-dot shirt,4,68,darkgreen,DarkGreen,006400,body_body272,rendered
233,272,bd_dot_shirts,polka-dot shirt,5,86,darkgray,DarkGray,A9A9A9,body_body272,rendered
233,272,bd_dot_shirts,polka-dot shirt,6,19,darkred,DarkRed,8B0000,body_body272,rendered
233,272,bd_dot_shirts,polka-dot shirt,7,64,mediumseagreen,MediumSeaGreen,3CB371,body_body272,rendered
234,273,bd_poro_onep,polo dress,0,1,ivory,Ivory,FFFFF0,body_body273,rendered
234,273,bd_poro_onep,polo dress,1,6,gold,Gold,FFD700,body_body273,rendered
234,273,bd_poro_onep,polo dress,2,22,lightcoral,LightCoral,F08080,body_body273,rendered
234,273,bd_poro_onep,polo dress,3,18,moderate_red,Moderate red,CB0F0F,body_body273,rendered
234,273,bd_poro_onep,polo dress,4,31,plum,Plum,DDA0DD,body_body273,rendered
234,273,bd_poro_onep,polo dress,5,40,lightskyblue,LightSkyBlue,87CEFA,body_body273,rendered
234,273,bd_poro_onep,polo dress,6,68,darkgreen,DarkGreen,006400,body_body273,rendered
234,273,bd_poro_onep,polo dress,7,91,black,Black,000000,body_body273,rendered
235,274,bd_heroine,superheroine costume,0,26,deeppink,DeepPink,FF1493,body_body274,rendered
235,274,bd_heroine,superheroine costume,1,62,lime,Lime,00FF00,body_body274,rendered
235,274,bd_heroine,superheroine costume,2,91,black,Black,000000,body_body274,rendered
235,274,bd_heroine,superheroine costume,3,11,orange,Orange,FFA500,body_body274,rendered
235,274,bd_heroine,superheroine costume,4,42,luminous_vivid_azure,Luminous vivid azure,0066FF,body_body274,rendered
235,274,bd_heroine,superheroine costume,5,16,red,Red,FF0000,body_body274,rendered
235,274,bd_heroine,superheroine costume,6,34,light_brilliant_violet,Light brilliant violet,9933FF,body_body274,rendered
235,274,bd_heroine,superheroine costume,7,85,lightgrey,LightGrey,D3D3D3,body_body274,rendered
236,275,bd_jaket_onep,dress & jacket,0,1,ivory,Ivory,FFFFF0,body_body275,rendered
236,275,bd_jaket_onep,dress & jacket,1,23,very_light_crimson,Very light crimson,FF82AB,body_body275,rendered
236,275,bd_jaket_onep,dress & jacket,2,52,steelblue,SteelBlue,4682B4,body_body275,rendered
236,275,bd_jaket_onep,dress & jacket,3,73,goldenrod,Goldenrod,DAA520,body_body275,rendered
236,275,bd_jaket_onep,dress & jacket,4,90,very_dark_gray_2,Very dark gray 2,232323,body_body275,rendered
236,275,bd_jaket_onep,dress & jacket,5,63,limegreen,LimeGreen,32CD32,body_body275,rendered
236,275,bd_jaket_onep,dress & jacket,6,34,light_brilliant_violet,Light brilliant violet,9933FF,body_body275,rendered
236,275,bd_jaket_onep,dress & jacket,7,35,darkslateblue,DarkSlateBlue,483D8B,body_body275,rendered
237,276,bd_shirt_onep,shirt dress,0,1,ivory,Ivory,FFFFF0,body_body276,rendered
237,276,bd_shirt_onep,shirt dress,1,57,palegreen,PaleGreen,98FB98,body_body276,rendered
237,276,bd_shirt_onep,shirt dress,2,90,very_dark_gray_2,Very dark gray 2,232323,body_body276,rendered
237,276,bd_shirt_onep,shirt dress,3,32,mediumpurple,MediumPurple,9370DB,body_body276,rendered
237,276,bd_shirt_onep,shirt dress,4,4,light_brilliant_amber_yellow,Light brilliant amber yellow,FFEC65,body_body276,rendered
237,276,bd_shirt_onep,shirt dress,5,21,pink,Pink,FFC0CB,body_body276,rendered
237,276,bd_shirt_onep,shirt dress,6,72,tan,Tan,D2B48C,body_body276,rendered
237,276,bd_shirt_onep,shirt dress,7,73,goldenrod,Goldenrod,DAA520,body_body276,rendered
238,277,bd_kneehigt_boots,thigh-high boots,0,77,chocolate,Chocolate,D2691E,body_body277,rendered
238,277,bd_kneehigt_boots,thigh-high boots,1,22,lightcoral,LightCoral,F08080,body_body277,rendered
238,277,bd_kneehigt_boots,thigh-high boots,2,39,lightcyan,LightCyan,E0FFFF,body_body277,rendered
238,277,bd_kneehigt_boots,thigh-high boots,3,57,palegreen,PaleGreen,98FB98,body_body277,rendered
238,277,bd_kneehigt_boots,thigh-high boots,4,74,darkgoldenrod,DarkGoldenrod,B8860B,body_body277,rendered
238,277,bd_kneehigt_boots,thigh-high boots,5,87,gray,Gray,808080,body_body277,rendered
238,277,bd_kneehigt_boots,thigh-high boots,6,61,chartreuse,Chartreuse,7FFF00,body_body277,rendered
238,277,bd_kneehigt_boots,thigh-high boots,7,32,mediumpurple,MediumPurple,9370DB,body_body277,rendered
239,278,bd_kimono_hime,flower kimono,0,26,deeppink,DeepPink,FF1493,body_body278,rendered
239,278,bd_kimono_hime,flower kimono,1,91,black,Black,000000,body_body278,rendered
239,278,bd_kimono_hime,flower kimono,2,42,luminous_vivid_azure,Luminous vivid azure,0066FF,body_body278,rendered
239,278,bd_kimono_hime,flower kimono,3,68,darkgreen,DarkGreen,006400,body_body278,rendered
239,278,bd_kimono_hime,flower kimono,4,36,indigo,Indigo,4B0082,body_body278,rendered
239,278,bd_kimono_hime,flower kimono,5,7,peachpuff,PeachPuff,FFDAB9,body_body278,rendered
239,278,bd_kimono_hime,flower kimono,6,4,light_brilliant_amber_yellow,Light brilliant amber yellow,FFEC65,body_body278,rendered
239,278,bd_kimono_hime,flower kimono,7,16,red,Red,FF0000,body_body278,rendered
240,279,bd_all_tights,bodysuit,0,6,gold,Gold,FFD700,body_body279,rendered
240,279,bd_all_tights,bodysuit,1,26,deeppink,DeepPink,FF1493,body_body279,rendered
240,279,bd_all_tights,bodysuit,2,16,red,Red,FF0000,body_body279,rendered
240,279,bd_all_tights,bodysuit,3,45,blue,Blue,0000FF,body_body279,rendered
240,279,bd_all_tights,bodysuit,4,62,lime,Lime,00FF00,body_body279,rendered
240,279,bd_all_tights,bodysuit,5,41,deepskyblue,DeepSkyBlue,00BFFF,body_body279,rendered
240,279,bd_all_tights,bodysuit,6,91,black,Black,000000,body_body279,rendered
240,279,bd_all_tights,bodysuit,7,84,white,White,FFFFFF,body_body279,rendered
241,280,bd_racing_suit,race-driver suit,0,46,darkblue,DarkBlue,00008B,body_body280,rendered
241,280,bd_racing_suit,race-driver suit,1,6,gold,Gold,FFD700,body_body280,rendered
241,280,bd_racing_suit,race-driver suit,2,16,red,Red,FF0000,body_body280,rendered
241,280,bd_racing_suit,race-driver suit,3,25,light_brilliant_crimson,Light brilliant crimson,FF4C87,body_body280,rendered
241,280,bd_racing_suit,race-driver suit,4,62,lime,Lime,00FF00,body_body280,rendered
241,280,bd_racing_suit,race-driver suit,5,74,darkgoldenrod,DarkGoldenrod,B8860B,body_body280,rendered
241,280,bd_racing_suit,race-driver suit,6,85,lightgrey,LightGrey,D3D3D3,body_body280,rendered
241,280,bd_racing_suit,race-driver suit,7,88,dark_gray,Dark gray,4D4D4D,body_body280,rendered
242,281,bd_garcon,waiter's apron,0,90,very_dark_gray_2,Very dark gray 2,232323,body_body281,rendered
242,281,bd_garcon,waiter's apron,1,48,deep_blue,Deep blue,000054,body_body281,rendered
242,281,bd_garcon,waiter's apron,2,71,burlywood,BurlyWood,DEB887,body_body281,rendered
242,281,bd_garcon,waiter's apron,3,69,very_deep_green,Very deep green,003300,body_body281,rendered
242,281,bd_garcon,waiter's apron,4,82,dark_gamboge,Dark gamboge,452F12,body_body281,rendered
242,281,bd_garcon,waiter's apron,5,56,deep_cyan_2,Deep cyan 2,004240,body_body281,rendered
242,281,bd_garcon,waiter's apron,6,12,light_brilliant_amber,Light brilliant amber,FFC950,body_body281,rendered
242,281,bd_garcon,waiter's apron,7,51,cadetblue,CadetBlue,5F9EA0,body_body281,rendered
243,282,bd_ribbon_onep,big-ribbon dress,0,16,red,Red,FF0000,body_body282,rendered
243,282,bd_ribbon_onep,big-ribbon dress,1,22,lightcoral,LightCoral,F08080,body_body282,rendered
243,282,bd_ribbon_onep,big-ribbon dress,2,40,lightskyblue,LightSkyBlue,87CEFA,body_body282,rendered
243,282,bd_ribbon_onep,big-ribbon dress,3,68,darkgreen,DarkGreen,006400,body_body282,rendered
243,282,bd_ribbon_onep,big-ribbon dress,4,73,goldenrod,Goldenrod,DAA520,body_body282,rendered
243,282,bd_ribbon_onep,big-ribbon dress,5,90,very_dark_gray_2,Very dark gray 2,232323,body_body282,rendered
243,282,bd_ribbon_onep,big-ribbon dress,6,48,deep_blue,Deep blue,000054,body_body282,rendered
243,282,bd_ribbon_onep,big-ribbon dress,7,3,khaki,Khaki,F0E68C,body_body282,rendered
244,283,bd_easy_knit,loose sweater,0,70,rosybrown,RosyBrown,BC8F8F,body_body283,rendered
244,283,bd_easy_knit,loose sweater,1,83,very_dark_gamboge,Very dark gamboge,332819,body_body283,rendered
244,283,bd_easy_knit,loose sweater,2,13,luminous_vivid_orange,Luminous vivid orange,FF6600,body_body283,rendered
244,283,bd_easy_knit,loose sweater,3,76,dark_amber,Dark amber,624806,body_body283,rendered
244,283,bd_easy_knit,loose sweater,4,64,mediumseagreen,MediumSeaGreen,3CB371,body_body283,rendered
244,283,bd_easy_knit,loose sweater,5,32,mediumpurple,MediumPurple,9370DB,body_body283,rendered
244,283,bd_easy_knit,loose sweater,6,22,lightcoral,LightCoral,F08080,body_body283,rendered
244,283,bd_easy_knit,loose sweater,7,12,light_brilliant_amber,Light brilliant amber,FFC950,body_body283,rendered
245,284,bd_gaku_ran_summer,shirt & slacks,0,84,white,White,FFFFFF,body_body284,rendered
245,284,bd_gaku_ran_summer,shirt & slacks,1,3,khaki,Khaki,F0E68C,body_body284,rendered
245,284,bd_gaku_ran_summer,shirt & slacks,2,21,pink,Pink,FFC0CB,body_body284,rendered
245,284,bd_gaku_ran_summer,shirt & slacks,3,57,palegreen,PaleGreen,98FB98,body_body284,rendered
245,284,bd_gaku_ran_summer,shirt & slacks,4,49,paleturquoise,PaleTurquoise,AFEEEE,body_body284,rendered
245,284,bd_gaku_ran_summer,shirt & slacks,5,87,gray,Gray,808080,body_body284,rendered
245,284,bd_gaku_ran_summer,shirt & slacks,6,73,goldenrod,Goldenrod,DAA520,body_body284,rendered
245,284,bd_gaku_ran_summer,shirt & slacks,7,66,olive,Olive,808000,body_body284,rendered
246,285,bd_sailor_winter,,0,90,very_dark_gray_2,Very dark gray 2,232323,,missing_physical_asset
246,285,bd_sailor_winter,,1,87,gray,Gray,808080,,missing_physical_asset
246,285,bd_sailor_winter,,2,30,lavender,Lavender,E6E6FA,,missing_physical_asset
246,285,bd_sailor_winter,,3,37,darkmagenta,DarkMagenta,8B008B,,missing_physical_asset
246,285,bd_sailor_winter,,4,48,deep_blue,Deep blue,000054,,missing_physical_asset
246,285,bd_sailor_winter,,5,35,darkslateblue,DarkSlateBlue,483D8B,,missing_physical_asset
246,285,bd_sailor_winter,,6,60,greenyellow,GreenYellow,ADFF2F,,missing_physical_asset
246,285,bd_sailor_winter,,7,78,brown,Brown,A52A2A,,missing_physical_asset
247,286,bd_cat_plain,cat suit,0,73,goldenrod,Goldenrod,DAA520,body_body286,rendered
247,286,bd_cat_plain,cat suit,1,1,ivory,Ivory,FFFFF0,body_body286,rendered
247,286,bd_cat_plain,cat suit,2,86,darkgray,DarkGray,A9A9A9,body_body286,rendered
247,286,bd_cat_plain,cat suit,3,71,burlywood,BurlyWood,DEB887,body_body286,rendered
247,286,bd_cat_plain,cat suit,4,70,rosybrown,RosyBrown,BC8F8F,body_body286,rendered
247,286,bd_cat_plain,cat suit,5,91,black,Black,000000,body_body286,rendered
247,286,bd_cat_plain,cat suit,6,36,indigo,Indigo,4B0082,body_body286,rendered
247,286,bd_cat_plain,cat suit,7,60,greenyellow,GreenYellow,ADFF2F,body_body286,rendered
248,287,bd_cat_spot,calico-cat suit,0,79,saddlebrown,SaddleBrown,8B4513,body_body287,rendered
248,287,bd_cat_spot,calico-cat suit,1,87,gray,Gray,808080,body_body287,rendered
248,287,bd_cat_spot,calico-cat suit,2,12,light_brilliant_amber,Light brilliant amber,FFC950,body_body287,rendered
248,287,bd_cat_spot,calico-cat suit,3,74,darkgoldenrod,DarkGoldenrod,B8860B,body_body287,rendered
248,287,bd_cat_spot,calico-cat suit,4,76,dark_amber,Dark amber,624806,body_body287,rendered
248,287,bd_cat_spot,calico-cat suit,5,91,black,Black,000000,body_body287,rendered
248,287,bd_cat_spot,calico-cat suit,6,71,burlywood,BurlyWood,DEB887,body_body287,rendered
248,287,bd_cat_spot,calico-cat suit,7,6,gold,Gold,FFD700,body_body287,rendered
249,288,bd_cat_socks,socks-cat suit,0,88,dark_gray,Dark gray,4D4D4D,body_body288,rendered
249,288,bd_cat_socks,socks-cat suit,1,82,dark_gamboge,Dark gamboge,452F12,body_body288,rendered
249,288,bd_cat_socks,socks-cat suit,2,73,goldenrod,Goldenrod,DAA520,body_body288,rendered
249,288,bd_cat_socks,socks-cat suit,3,71,burlywood,BurlyWood,DEB887,body_body288,rendered
249,288,bd_cat_socks,socks-cat suit,4,43,royalblue,RoyalBlue,4169E1,body_body288,rendered
249,288,bd_cat_socks,socks-cat suit,5,91,black,Black,000000,body_body288,rendered
249,288,bd_cat_socks,socks-cat suit,6,16,red,Red,FF0000,body_body288,rendered
249,288,bd_cat_socks,socks-cat suit,7,77,chocolate,Chocolate,D2691E,body_body288,rendered
250,289,bd_dog_whitesocks,socks-dog suit,0,79,saddlebrown,SaddleBrown,8B4513,body_body289,rendered
250,289,bd_dog_whitesocks,socks-dog suit,1,91,black,Black,000000,body_body289,rendered
250,289,bd_dog_whitesocks,socks-dog suit,2,81,deep_brown_red,Deep brown red,3E1300,body_body289,rendered
250,289,bd_dog_whitesocks,socks-dog suit,3,87,gray,Gray,808080,body_body289,rendered
250,289,bd_dog_whitesocks,socks-dog suit,4,77,chocolate,Chocolate,D2691E,body_body289,rendered
250,289,bd_dog_whitesocks,socks-dog suit,5,11,orange,Orange,FFA500,body_body289,rendered
250,289,bd_dog_whitesocks,socks-dog suit,6,82,dark_gamboge,Dark gamboge,452F12,body_body289,rendered
250,289,bd_dog_whitesocks,socks-dog suit,7,13,luminous_vivid_orange,Luminous vivid orange,FF6600,body_body289,rendered
251,290,bd_dog_plain,puppy suit,0,73,goldenrod,Goldenrod,DAA520,body_body290,rendered
251,290,bd_dog_plain,puppy suit,1,91,black,Black,000000,body_body290,rendered
251,290,bd_dog_plain,puppy suit,2,71,burlywood,BurlyWood,DEB887,body_body290,rendered
251,290,bd_dog_plain,puppy suit,3,6,gold,Gold,FFD700,body_body290,rendered
251,290,bd_dog_plain,puppy suit,4,81,deep_brown_red,Deep brown red,3E1300,body_body290,rendered
251,290,bd_dog_plain,puppy suit,5,30,lavender,Lavender,E6E6FA,body_body290,rendered
251,290,bd_dog_plain,puppy suit,6,82,dark_gamboge,Dark gamboge,452F12,body_body290,rendered
251,290,bd_dog_plain,puppy suit,7,87,gray,Gray,808080,body_body290,rendered
252,291,bd_concert_girl,formal dress,0,48,deep_blue,Deep blue,000054,body_body291,rendered
252,291,bd_concert_girl,formal dress,1,19,darkred,DarkRed,8B0000,body_body291,rendered
252,291,bd_concert_girl,formal dress,2,25,light_brilliant_crimson,Light brilliant crimson,FF4C87,body_body291,rendered
252,291,bd_concert_girl,formal dress,3,43,royalblue,RoyalBlue,4169E1,body_body291,rendered
252,291,bd_concert_girl,formal dress,4,56,deep_cyan_2,Deep cyan 2,004240,body_body291,rendered
252,291,bd_concert_girl,formal dress,5,70,rosybrown,RosyBrown,BC8F8F,body_body291,rendered
252,291,bd_concert_girl,formal dress,6,89,very_dark_gray,Very dark gray,333333,body_body291,rendered
252,291,bd_concert_girl,formal dress,7,41,deepskyblue,DeepSkyBlue,00BFFF,body_body291,rendered
253,292,bd_golfware,golf outfit,0,72,tan,Tan,D2B48C,body_body292,rendered
253,292,bd_golfware,golf outfit,1,22,lightcoral,LightCoral,F08080,body_body292,rendered
253,292,bd_golfware,golf outfit,2,47,darkblue_2,DarkBlue_2,1E1E4C,body_body292,rendered
253,292,bd_golfware,golf outfit,3,38,deep_magenta,Deep magenta,5C005C,body_body292,rendered
253,292,bd_golfware,golf outfit,4,67,darkolivegreen,DarkOliveGreen,556B2F,body_body292,rendered
253,292,bd_golfware,golf outfit,5,90,very_dark_gray_2,Very dark gray 2,232323,body_body292,rendered
253,292,bd_golfware,golf outfit,6,41,deepskyblue,DeepSkyBlue,00BFFF,body_body292,rendered
253,292,bd_golfware,golf outfit,7,4,light_brilliant_amber_yellow,Light brilliant amber yellow,FFEC65,body_body292,rendered
254,293,bd_comedian,comedian outfit,0,74,darkgoldenrod,DarkGoldenrod,B8860B,body_body293,rendered
254,293,bd_comedian,comedian outfit,1,87,gray,Gray,808080,body_body293,rendered
254,293,bd_comedian,comedian outfit,2,17,orangered,OrangeRed,FF4500,body_body293,rendered
254,293,bd_comedian,comedian outfit,3,38,deep_magenta,Deep magenta,5C005C,body_body293,rendered
254,293,bd_comedian,comedian outfit,4,42,luminous_vivid_azure,Luminous vivid azure,0066FF,body_body293,rendered
254,293,bd_comedian,comedian outfit,5,68,darkgreen,DarkGreen,006400,body_body293,rendered
254,293,bd_comedian,comedian outfit,6,91,black,Black,000000,body_body293,rendered
254,293,bd_comedian,comedian outfit,7,26,deeppink,DeepPink,FF1493,body_body293,rendered
255,294,bd_pumpkin,pumpkin suit,0,11,orange,Orange,FFA500,body_body294,rendered
255,294,bd_pumpkin,pumpkin suit,1,19,darkred,DarkRed,8B0000,body_body294,rendered
255,294,bd_pumpkin,pumpkin suit,2,28,fuchsia,Fuchsia,FF00FF,body_body294,rendered
255,294,bd_pumpkin,pumpkin suit,3,41,deepskyblue,DeepSkyBlue,00BFFF,body_body294,rendered
255,294,bd_pumpkin,pumpkin suit,4,62,lime,Lime,00FF00,body_body294,rendered
255,294,bd_pumpkin,pumpkin suit,5,91,black,Black,000000,body_body294,rendered
256,295,bd_bowtie_jeans,bow tie & jeans,0,74,darkgoldenrod,DarkGoldenrod,B8860B,body_body295,rendered
256,295,bd_bowtie_jeans,bow tie & jeans,1,38,deep_magenta,Deep magenta,5C005C,body_body295,rendered
256,295,bd_bowtie_jeans,bow tie & jeans,2,67,darkolivegreen,DarkOliveGreen,556B2F,body_body295,rendered
256,295,bd_bowtie_jeans,bow tie & jeans,3,81,deep_brown_red,Deep brown red,3E1300,body_body295,rendered
256,295,bd_bowtie_jeans,bow tie & jeans,4,90,very_dark_gray_2,Very dark gray 2,232323,body_body295,rendered
256,295,bd_bowtie_jeans,bow tie & jeans,5,79,saddlebrown,SaddleBrown,8B4513,body_body295,rendered
256,295,bd_bowtie_jeans,bow tie & jeans,6,71,burlywood,BurlyWood,DEB887,body_body295,rendered
256,295,bd_bowtie_jeans,bow tie & jeans,7,62,lime,Lime,00FF00,body_body295,rendered
257,296,bd_expedition,safari outfit,0,73,goldenrod,Goldenrod,DAA520,body_body296,rendered
257,296,bd_expedition,safari outfit,1,8,salmon,Salmon,FA8072,body_body296,rendered
257,296,bd_expedition,safari outfit,2,47,darkblue_2,DarkBlue_2,1E1E4C,body_body296,rendered
257,296,bd_expedition,safari outfit,3,52,steelblue,SteelBlue,4682B4,body_body296,rendered
257,296,bd_expedition,safari outfit,4,65,olivedrab,OliveDrab,6B8E23,body_body296,rendered
257,296,bd_expedition,safari outfit,5,79,saddlebrown,SaddleBrown,8B4513,body_body296,rendered
257,296,bd_expedition,safari outfit,6,87,gray,Gray,808080,body_body296,rendered
257,296,bd_expedition,safari outfit,7,84,white,White,FFFFFF,body_body296,rendered
258,297,bd_navigator,pilot uniform,0,91,black,Black,000000,body_body297,rendered
258,297,bd_navigator,pilot uniform,1,33,mediumslateblue,MediumSlateBlue,7B68EE,body_body297,rendered
258,297,bd_navigator,pilot uniform,2,47,darkblue_2,DarkBlue_2,1E1E4C,body_body297,rendered
258,297,bd_navigator,pilot uniform,3,56,deep_cyan_2,Deep cyan 2,004240,body_body297,rendered
258,297,bd_navigator,pilot uniform,4,80,deep_reddish_brown,Deep reddish brown,560000,body_body297,rendered
258,297,bd_navigator,pilot uniform,5,84,white,White,FFFFFF,body_body297,rendered
258,297,bd_navigator,pilot uniform,6,6,gold,Gold,FFD700,body_body297,rendered
258,297,bd_navigator,pilot uniform,7,41,deepskyblue,DeepSkyBlue,00BFFF,body_body297,rendered
259,298,bd_spiderT,spiderweb T-shirt,0,85,lightgrey,LightGrey,D3D3D3,body_body298,rendered
259,298,bd_spiderT,spiderweb T-shirt,1,28,fuchsia,Fuchsia,FF00FF,body_body298,rendered
259,298,bd_spiderT,spiderweb T-shirt,2,42,luminous_vivid_azure,Luminous vivid azure,0066FF,body_body298,rendered
259,298,bd_spiderT,spiderweb T-shirt,3,62,lime,Lime,00FF00,body_body298,rendered
259,298,bd_spiderT,spiderweb T-shirt,4,5,yellow,Yellow,FFFF00,body_body298,rendered
259,298,bd_spiderT,spiderweb T-shirt,5,34,light_brilliant_violet,Light brilliant violet,9933FF,body_body298,rendered
259,298,bd_spiderT,spiderweb T-shirt,6,50,aquamarine,Aquamarine,7FFFD4,body_body298,rendered
259,298,bd_spiderT,spiderweb T-shirt,7,90,very_dark_gray_2,Very dark gray 2,232323,body_body298,rendered
260,300,bd_collarneck,silk dress,0,68,darkgreen,DarkGreen,006400,body_body300,rendered
260,300,bd_collarneck,silk dress,1,91,black,Black,000000,body_body300,rendered
260,300,bd_collarneck,silk dress,2,11,orange,Orange,FFA500,body_body300,rendered
260,300,bd_collarneck,silk dress,3,78,brown,Brown,A52A2A,body_body300,rendered
260,300,bd_collarneck,silk dress,4,34,light_brilliant_violet,Light brilliant violet,9933FF,body_body300,rendered
260,300,bd_collarneck,silk dress,5,43,royalblue,RoyalBlue,4169E1,body_body300,rendered
260,300,bd_collarneck,silk dress,6,70,rosybrown,RosyBrown,BC8F8F,body_body300,rendered
260,300,bd_collarneck,silk dress,7,85,lightgrey,LightGrey,D3D3D3,body_body300,rendered
261,301,bd_longknit,long knit sweater,0,87,gray,Gray,808080,body_body301,rendered
261,301,bd_longknit,long knit sweater,1,19,darkred,DarkRed,8B0000,body_body301,rendered
261,301,bd_longknit,long knit sweater,2,48,deep_blue,Deep blue,000054,body_body301,rendered
261,301,bd_longknit,long knit sweater,3,51,cadetblue,CadetBlue,5F9EA0,body_body301,rendered
261,301,bd_longknit,long knit sweater,4,69,very_deep_green,Very deep green,003300,body_body301,rendered
261,301,bd_longknit,long knit sweater,5,73,goldenrod,Goldenrod,DAA520,body_body301,rendered
261,301,bd_longknit,long knit sweater,6,41,deepskyblue,DeepSkyBlue,00BFFF,body_body301,rendered
261,301,bd_longknit,long knit sweater,7,6,gold,Gold,FFD700,body_body301,rendered
262,302,bd_cowichan,cowichan sweater,0,75,moderate_amber,Moderate amber,886308,body_body302,rendered
262,302,bd_cowichan,cowichan sweater,1,87,gray,Gray,808080,body_body302,rendered
262,302,bd_cowichan,cowichan sweater,2,19,darkred,DarkRed,8B0000,body_body302,rendered
262,302,bd_cowichan,cowichan sweater,3,55,darkcyan,DarkCyan,008B8B,body_body302,rendered
262,302,bd_cowichan,cowichan sweater,4,67,darkolivegreen,DarkOliveGreen,556B2F,body_body302,rendered
262,302,bd_cowichan,cowichan sweater,5,90,very_dark_gray_2,Very dark gray 2,232323,body_body302,rendered
262,302,bd_cowichan,cowichan sweater,6,11,orange,Orange,FFA500,body_body302,rendered
262,302,bd_cowichan,cowichan sweater,7,15,indianred,IndianRed,CD5C5C,body_body302,rendered
263,303,bd_collar_sweater,collared sweater,0,47,darkblue_2,DarkBlue_2,1E1E4C,body_body303,rendered
263,303,bd_collar_sweater,collared sweater,1,91,black,Black,000000,body_body303,rendered
263,303,bd_collar_sweater,collared sweater,2,11,orange,Orange,FFA500,body_body303,rendered
263,303,bd_collar_sweater,collared sweater,3,70,rosybrown,RosyBrown,BC8F8F,body_body303,rendered
263,303,bd_collar_sweater,collared sweater,4,82,dark_gamboge,Dark gamboge,452F12,body_body303,rendered
263,303,bd_collar_sweater,collared sweater,5,78,brown,Brown,A52A2A,body_body303,rendered
263,303,bd_collar_sweater,collared sweater,6,77,chocolate,Chocolate,D2691E,body_body303,rendered
263,303,bd_collar_sweater,collared sweater,7,66,olive,Olive,808000,body_body303,rendered
264,304,bd_baseballT,baseball shirt,0,47,darkblue_2,DarkBlue_2,1E1E4C,body_body304,rendered
264,304,bd_baseballT,baseball shirt,1,8,salmon,Salmon,FA8072,body_body304,rendered
264,304,bd_baseballT,baseball shirt,2,38,deep_magenta,Deep magenta,5C005C,body_body304,rendered
264,304,bd_baseballT,baseball shirt,3,52,steelblue,SteelBlue,4682B4,body_body304,rendered
264,304,bd_baseballT,baseball shirt,4,68,darkgreen,DarkGreen,006400,body_body304,rendered
264,304,bd_baseballT,baseball shirt,5,91,black,Black,000000,body_body304,rendered
264,304,bd_baseballT,baseball shirt,6,86,darkgray,DarkGray,A9A9A9,body_body304,rendered
264,304,bd_baseballT,baseball shirt,7,16,red,Red,FF0000,body_body304,rendered
265,305,bd_stripe_jacket,striped jacket,0,18,moderate_red,Moderate red,CB0F0F,body_body305,rendered
265,305,bd_stripe_jacket,striped jacket,1,85,lightgrey,LightGrey,D3D3D3,body_body305,rendered
265,305,bd_stripe_jacket,striped jacket,2,22,lightcoral,LightCoral,F08080,body_body305,rendered
265,305,bd_stripe_jacket,striped jacket,3,77,chocolate,Chocolate,D2691E,body_body305,rendered
265,305,bd_stripe_jacket,striped jacket,4,73,goldenrod,Goldenrod,DAA520,body_body305,rendered
265,305,bd_stripe_jacket,striped jacket,5,55,darkcyan,DarkCyan,008B8B,body_body305,rendered
265,305,bd_stripe_jacket,striped jacket,6,37,darkmagenta,DarkMagenta,8B008B,body_body305,rendered
265,305,bd_stripe_jacket,striped jacket,7,42,luminous_vivid_azure,Luminous vivid azure,0066FF,body_body305,rendered
266,306,bd_cactusT,cactus T-shirt,0,13,luminous_vivid_orange,Luminous vivid orange,FF6600,body_body306,rendered
266,306,bd_cactusT,cactus T-shirt,1,6,gold,Gold,FFD700,body_body306,rendered
266,306,bd_cactusT,cactus T-shirt,2,19,darkred,DarkRed,8B0000,body_body306,rendered
266,306,bd_cactusT,cactus T-shirt,3,38,deep_magenta,Deep magenta,5C005C,body_body306,rendered
266,306,bd_cactusT,cactus T-shirt,4,43,royalblue,RoyalBlue,4169E1,body_body306,rendered
266,306,bd_cactusT,cactus T-shirt,5,66,olive,Olive,808000,body_body306,rendered
266,306,bd_cactusT,cactus T-shirt,6,91,black,Black,000000,body_body306,rendered
266,306,bd_cactusT,cactus T-shirt,7,72,tan,Tan,D2B48C,body_body306,rendered
267,307,bd_buildingT,skyline T-shirt,0,88,dark_gray,Dark gray,4D4D4D,body_body307,rendered
267,307,bd_buildingT,skyline T-shirt,1,25,light_brilliant_crimson,Light brilliant crimson,FF4C87,body_body307,rendered
267,307,bd_buildingT,skyline T-shirt,2,38,deep_magenta,Deep magenta,5C005C,body_body307,rendered
267,307,bd_buildingT,skyline T-shirt,3,67,darkolivegreen,DarkOliveGreen,556B2F,body_body307,rendered
267,307,bd_buildingT,skyline T-shirt,4,70,rosybrown,RosyBrown,BC8F8F,body_body307,rendered
267,307,bd_buildingT,skyline T-shirt,5,56,deep_cyan_2,Deep cyan 2,004240,body_body307,rendered
267,307,bd_buildingT,skyline T-shirt,6,74,darkgoldenrod,DarkGoldenrod,B8860B,body_body307,rendered
267,307,bd_buildingT,skyline T-shirt,7,41,deepskyblue,DeepSkyBlue,00BFFF,body_body307,rendered
268,308,bd_mascle,muscle suit,0,92,mii_skin_0,MiiSkin_0,FFD3AD,body_body308|body_body308F,rendered
268,308,bd_mascle,muscle suit,1,93,mii_skin_1,MiiSkin_1,FFB66B,body_body308|body_body308F,rendered
268,308,bd_mascle,muscle suit,2,94,mii_skin_2,MiiSkin_2,DE7942,body_body308|body_body308F,rendered
268,308,bd_mascle,muscle suit,3,95,mii_skin_3,MiiSkin_3,FFAA8C,body_body308|body_body308F,rendered
268,308,bd_mascle,muscle suit,4,96,mii_skin_4,MiiSkin_4,AD5129,body_body308|body_body308F,rendered
268,308,bd_mascle,muscle suit,5,97,mii_skin_5,MiiSkin_5,632C18,body_body308|body_body308F,rendered
269,309,bd_concert_boy,formal shorts suit,0,48,deep_blue,Deep blue,000054,body_body309,rendered
269,309,bd_concert_boy,formal shorts suit,1,19,darkred,DarkRed,8B0000,body_body309,rendered
269,309,bd_concert_boy,formal shorts suit,2,25,light_brilliant_crimson,Light brilliant crimson,FF4C87,body_body309,rendered
269,309,bd_concert_boy,formal shorts suit,3,43,royalblue,RoyalBlue,4169E1,body_body309,rendered
269,309,bd_concert_boy,formal shorts suit,4,56,deep_cyan_2,Deep cyan 2,004240,body_body309,rendered
269,309,bd_concert_boy,formal shorts suit,5,70,rosybrown,RosyBrown,BC8F8F,body_body309,rendered
269,309,bd_concert_boy,formal shorts suit,6,89,very_dark_gray,Very dark gray,333333,body_body309,rendered
269,309,bd_concert_boy,formal shorts suit,7,41,deepskyblue,DeepSkyBlue,00BFFF,body_body309,rendered
270,310,bd_maxiT,T-shirt maxi dress,0,89,very_dark_gray,Very dark gray,333333,body_body310,rendered
270,310,bd_maxiT,T-shirt maxi dress,1,16,red,Red,FF0000,body_body310,rendered
270,310,bd_maxiT,T-shirt maxi dress,2,22,lightcoral,LightCoral,F08080,body_body310,rendered
270,310,bd_maxiT,T-shirt maxi dress,3,44,moderate_blue,Moderate blue,323296,body_body310,rendered
270,310,bd_maxiT,T-shirt maxi dress,4,69,very_deep_green,Very deep green,003300,body_body310,rendered
270,310,bd_maxiT,T-shirt maxi dress,5,74,darkgoldenrod,DarkGoldenrod,B8860B,body_body310,rendered
270,310,bd_maxiT,T-shirt maxi dress,6,6,gold,Gold,FFD700,body_body310,rendered
270,310,bd_maxiT,T-shirt maxi dress,7,81,deep_brown_red,Deep brown red,3E1300,body_body310,rendered
271,311,bd_frog_rompers,frog romper,0,85,lightgrey,LightGrey,D3D3D3,body_body311,rendered
271,311,bd_frog_rompers,frog romper,1,6,gold,Gold,FFD700,body_body311,rendered
271,311,bd_frog_rompers,frog romper,2,10,tomato,Tomato,FF6347,body_body311,rendered
271,311,bd_frog_rompers,frog romper,3,48,deep_blue,Deep blue,000054,body_body311,rendered
271,311,bd_frog_rompers,frog romper,4,58,yellowgreen,YellowGreen,9ACD32,body_body311,rendered
271,311,bd_frog_rompers,frog romper,5,91,black,Black,000000,body_body311,rendered
271,311,bd_frog_rompers,frog romper,6,66,olive,Olive,808000,body_body311,rendered
271,311,bd_frog_rompers,frog romper,7,19,darkred,DarkRed,8B0000,body_body311,rendered
272,312,bd_college_sweater_boy,boys' college sweater,0,48,deep_blue,Deep blue,000054,body_body312,rendered
272,312,bd_college_sweater_boy,boys' college sweater,1,22,lightcoral,LightCoral,F08080,body_body312,rendered
272,312,bd_college_sweater_boy,boys' college sweater,2,51,cadetblue,CadetBlue,5F9EA0,body_body312,rendered
272,312,bd_college_sweater_boy,boys' college sweater,3,69,very_deep_green,Very deep green,003300,body_body312,rendered
272,312,bd_college_sweater_boy,boys' college sweater,4,74,darkgoldenrod,DarkGoldenrod,B8860B,body_body312,rendered
272,312,bd_college_sweater_boy,boys' college sweater,5,82,dark_gamboge,Dark gamboge,452F12,body_body312,rendered
272,312,bd_college_sweater_boy,boys' college sweater,6,19,darkred,DarkRed,8B0000,body_body312,rendered
272,312,bd_college_sweater_boy,boys' college sweater,7,61,chartreuse,Chartreuse,7FFF00,body_body312,rendered
273,313,bd_college_sweater_girl,girls' college sweater,0,48,deep_blue,Deep blue,000054,body_body313,rendered
273,313,bd_college_sweater_girl,girls' college sweater,1,22,lightcoral,LightCoral,F08080,body_body313,rendered
273,313,bd_college_sweater_girl,girls' college sweater,2,51,cadetblue,CadetBlue,5F9EA0,body_body313,rendered
273,313,bd_college_sweater_girl,girls' college sweater,3,69,very_deep_green,Very deep green,003300,body_body313,rendered
273,313,bd_college_sweater_girl,girls' college sweater,4,74,darkgoldenrod,DarkGoldenrod,B8860B,body_body313,rendered
273,313,bd_college_sweater_girl,girls' college sweater,5,82,dark_gamboge,Dark gamboge,452F12,body_body313,rendered
273,313,bd_college_sweater_girl,girls' college sweater,6,19,darkred,DarkRed,8B0000,body_body313,rendered
273,313,bd_college_sweater_girl,girls' college sweater,7,61,chartreuse,Chartreuse,7FFF00,body_body313,rendered
274,314,bd_mocomoco_roomwear,comfy loungewear,0,21,pink,Pink,FFC0CB,body_body314,rendered
274,314,bd_mocomoco_roomwear,comfy loungewear,1,4,light_brilliant_amber_yellow,Light brilliant amber yellow,FFEC65,body_body314,rendered
274,314,bd_mocomoco_roomwear,comfy loungewear,2,29,mediumvioletred,MediumVioletRed,C71585,body_body314,rendered
274,314,bd_mocomoco_roomwear,comfy loungewear,3,40,lightskyblue,LightSkyBlue,87CEFA,body_body314,rendered
274,314,bd_mocomoco_roomwear,comfy loungewear,4,57,palegreen,PaleGreen,98FB98,body_body314,rendered
274,314,bd_mocomoco_roomwear,comfy loungewear,5,91,black,Black,000000,body_body314,rendered
274,314,bd_mocomoco_roomwear,comfy loungewear,6,34,light_brilliant_violet,Light brilliant violet,9933FF,body_body314,rendered
274,314,bd_mocomoco_roomwear,comfy loungewear,7,48,deep_blue,Deep blue,000054,body_body314,rendered
275,315,bd_camisole_onep,camisole dress,0,86,darkgray,DarkGray,A9A9A9,body_body315,rendered
275,315,bd_camisole_onep,camisole dress,1,16,red,Red,FF0000,body_body315,rendered
275,315,bd_camisole_onep,camisole dress,2,24,hotpink,HotPink,FF69B4,body_body315,rendered
275,315,bd_camisole_onep,camisole dress,3,34,light_brilliant_violet,Light brilliant violet,9933FF,body_body315,rendered
275,315,bd_camisole_onep,camisole dress,4,41,deepskyblue,DeepSkyBlue,00BFFF,body_body315,rendered
275,315,bd_camisole_onep,camisole dress,5,63,limegreen,LimeGreen,32CD32,body_body315,rendered
275,315,bd_camisole_onep,camisole dress,6,91,black,Black,000000,body_body315,rendered
276,316,bd_bootneck,boatneck shirt,0,68,darkgreen,DarkGreen,006400,body_body316,rendered
276,316,bd_bootneck,boatneck shirt,1,91,black,Black,000000,body_body316,rendered
276,316,bd_bootneck,boatneck shirt,2,8,salmon,Salmon,FA8072,body_body316,rendered
276,316,bd_bootneck,boatneck shirt,3,28,fuchsia,Fuchsia,FF00FF,body_body316,rendered
276,316,bd_bootneck,boatneck shirt,4,41,deepskyblue,DeepSkyBlue,00BFFF,body_body316,rendered
276,316,bd_bootneck,boatneck shirt,5,73,goldenrod,Goldenrod,DAA520,body_body316,rendered
276,316,bd_bootneck,boatneck shirt,6,16,red,Red,FF0000,body_body316,rendered
276,316,bd_bootneck,boatneck shirt,7,6,gold,Gold,FFD700,body_body316,rendered
277,317,bd_stagedress,stage-performer dress,0,32,mediumpurple,MediumPurple,9370DB,body_body317,rendered
277,317,bd_stagedress,stage-performer dress,1,9,coral,Coral,FF7F50,body_body317,rendered
277,317,bd_stagedress,stage-performer dress,2,44,moderate_blue,Moderate blue,323296,body_body317,rendered
277,317,bd_stagedress,stage-performer dress,3,58,yellowgreen,YellowGreen,9ACD32,body_body317,rendered
277,317,bd_stagedress,stage-performer dress,4,41,deepskyblue,DeepSkyBlue,00BFFF,body_body317,rendered
277,317,bd_stagedress,stage-performer dress,5,5,yellow,Yellow,FFFF00,body_body317,rendered
277,317,bd_stagedress,stage-performer dress,6,23,very_light_crimson,Very light crimson,FF82AB,body_body317,rendered
277,317,bd_stagedress,stage-performer dress,7,88,dark_gray,Dark gray,4D4D4D,body_body317,rendered
278,318,bd_belt_suits,belted shirt,0,51,cadetblue,CadetBlue,5F9EA0,body_body318,rendered
278,318,bd_belt_suits,belted shirt,1,80,deep_reddish_brown,Deep reddish brown,560000,body_body318,rendered
278,318,bd_belt_suits,belted shirt,2,76,dark_amber,Dark amber,624806,body_body318,rendered
278,318,bd_belt_suits,belted shirt,3,89,very_dark_gray,Very dark gray,333333,body_body318,rendered
278,318,bd_belt_suits,belted shirt,4,84,white,White,FFFFFF,body_body318,rendered
278,318,bd_belt_suits,belted shirt,5,62,lime,Lime,00FF00,body_body318,rendered
278,318,bd_belt_suits,belted shirt,6,5,yellow,Yellow,FFFF00,body_body318,rendered
278,318,bd_belt_suits,belted shirt,7,53,cyan,Cyan,00FFFF,body_body318,rendered
279,319,bd_fur_dress,bolero & dress,0,34,light_brilliant_violet,Light brilliant violet,9933FF,body_body319,rendered
279,319,bd_fur_dress,bolero & dress,1,91,black,Black,000000,body_body319,rendered
279,319,bd_fur_dress,bolero & dress,2,8,salmon,Salmon,FA8072,body_body319,rendered
279,319,bd_fur_dress,bolero & dress,3,52,steelblue,SteelBlue,4682B4,body_body319,rendered
279,319,bd_fur_dress,bolero & dress,4,11,orange,Orange,FFA500,body_body319,rendered
279,319,bd_fur_dress,bolero & dress,5,61,chartreuse,Chartreuse,7FFF00,body_body319,rendered
279,319,bd_fur_dress,bolero & dress,6,41,deepskyblue,DeepSkyBlue,00BFFF,body_body319,rendered
279,319,bd_fur_dress,bolero & dress,7,19,darkred,DarkRed,8B0000,body_body319,rendered
280,320,bd_marbledot,marble-dots shirt,0,88,dark_gray,Dark gray,4D4D4D,body_body320,rendered
280,320,bd_marbledot,marble-dots shirt,1,11,orange,Orange,FFA500,body_body320,rendered
280,320,bd_marbledot,marble-dots shirt,2,18,moderate_red,Moderate red,CB0F0F,body_body320,rendered
280,320,bd_marbledot,marble-dots shirt,3,49,paleturquoise,PaleTurquoise,AFEEEE,body_body320,rendered
280,320,bd_marbledot,marble-dots shirt,4,60,greenyellow,GreenYellow,ADFF2F,body_body320,rendered
280,320,bd_marbledot,marble-dots shirt,5,91,black,Black,000000,body_body320,rendered
280,320,bd_marbledot,marble-dots shirt,6,37,darkmagenta,DarkMagenta,8B008B,body_body320,rendered
280,320,bd_marbledot,marble-dots shirt,7,45,blue,Blue,0000FF,body_body320,rendered
281,321,bd_color_pants,colorful pants,0,55,darkcyan,DarkCyan,008B8B,body_body321,rendered
281,321,bd_color_pants,colorful pants,1,17,orangered,OrangeRed,FF4500,body_body321,rendered
281,321,bd_color_pants,colorful pants,2,38,deep_magenta,Deep magenta,5C005C,body_body321,rendered
281,321,bd_color_pants,colorful pants,3,42,luminous_vivid_azure,Luminous vivid azure,0066FF,body_body321,rendered
281,321,bd_color_pants,colorful pants,4,60,greenyellow,GreenYellow,ADFF2F,body_body321,rendered
281,321,bd_color_pants,colorful pants,5,74,darkgoldenrod,DarkGoldenrod,B8860B,body_body321,rendered
281,321,bd_color_pants,colorful pants,6,22,lightcoral,LightCoral,F08080,body_body321,rendered
281,321,bd_color_pants,colorful pants,7,84,white,White,FFFFFF,body_body321,rendered
282,322,bd_hakama3,,0,53,cyan,Cyan,00FFFF,,missing_physical_asset
282,322,bd_hakama3,,1,16,red,Red,FF0000,,missing_physical_asset
282,322,bd_hakama3,,2,90,very_dark_gray_2,Very dark gray 2,232323,,missing_physical_asset
282,322,bd_hakama3,,3,87,gray,Gray,808080,,missing_physical_asset
282,322,bd_hakama3,,4,56,deep_cyan_2,Deep cyan 2,004240,,missing_physical_asset
282,322,bd_hakama3,,5,73,goldenrod,Goldenrod,DAA520,,missing_physical_asset
282,322,bd_hakama3,,6,48,deep_blue,Deep blue,000054,,missing_physical_asset
282,322,bd_hakama3,,7,23,very_light_crimson,Very light crimson,FF82AB,,missing_physical_asset
283,323,bd_wrap_onep,wrap dress,0,51,cadetblue,CadetBlue,5F9EA0,body_body323,rendered
283,323,bd_wrap_onep,wrap dress,1,9,coral,Coral,FF7F50,body_body323,rendered
283,323,bd_wrap_onep,wrap dress,2,70,rosybrown,RosyBrown,BC8F8F,body_body323,rendered
283,323,bd_wrap_onep,wrap dress,3,74,darkgoldenrod,DarkGoldenrod,B8860B,body_body323,rendered
283,323,bd_wrap_onep,wrap dress,4,48,deep_blue,Deep blue,000054,body_body323,rendered
283,323,bd_wrap_onep,wrap dress,5,64,mediumseagreen,MediumSeaGreen,3CB371,body_body323,rendered
283,323,bd_wrap_onep,wrap dress,6,91,black,Black,000000,body_body323,rendered
283,323,bd_wrap_onep,wrap dress,7,36,indigo,Indigo,4B0082,body_body323,rendered
284,324,bd_leatherjacket_parka,leather blazer & hoodie,0,37,darkmagenta,DarkMagenta,8B008B,body_body324,rendered
284,324,bd_leatherjacket_parka,leather blazer & hoodie,1,6,gold,Gold,FFD700,body_body324,rendered
284,324,bd_leatherjacket_parka,leather blazer & hoodie,2,55,darkcyan,DarkCyan,008B8B,body_body324,rendered
284,324,bd_leatherjacket_parka,leather blazer & hoodie,3,69,very_deep_green,Very deep green,003300,body_body324,rendered
284,324,bd_leatherjacket_parka,leather blazer & hoodie,4,82,dark_gamboge,Dark gamboge,452F12,body_body324,rendered
284,324,bd_leatherjacket_parka,leather blazer & hoodie,5,84,white,White,FFFFFF,body_body324,rendered
284,324,bd_leatherjacket_parka,leather blazer & hoodie,6,19,darkred,DarkRed,8B0000,body_body324,rendered
284,324,bd_leatherjacket_parka,leather blazer & hoodie,7,61,chartreuse,Chartreuse,7FFF00,body_body324,rendered
285,325,bd_camouflage_T,camo trousers,0,1,ivory,Ivory,FFFFF0,body_body325,rendered
285,325,bd_camouflage_T,camo trousers,1,19,darkred,DarkRed,8B0000,body_body325,rendered
285,325,bd_camouflage_T,camo trousers,2,55,darkcyan,DarkCyan,008B8B,body_body325,rendered
285,325,bd_camouflage_T,camo trousers,3,63,limegreen,LimeGreen,32CD32,body_body325,rendered
285,325,bd_camouflage_T,camo trousers,4,70,rosybrown,RosyBrown,BC8F8F,body_body325,rendered
285,325,bd_camouflage_T,camo trousers,5,73,goldenrod,Goldenrod,DAA520,body_body325,rendered
285,325,bd_camouflage_T,camo trousers,6,91,black,Black,000000,body_body325,rendered
285,325,bd_camouflage_T,camo trousers,7,37,darkmagenta,DarkMagenta,8B008B,body_body325,rendered
286,326,bd_vallerino,ballerino costume,0,73,goldenrod,Goldenrod,DAA520,body_body326,rendered
286,326,bd_vallerino,ballerino costume,1,8,salmon,Salmon,FA8072,body_body326,rendered
286,326,bd_vallerino,ballerino costume,2,32,mediumpurple,MediumPurple,9370DB,body_body326,rendered
286,326,bd_vallerino,ballerino costume,3,42,luminous_vivid_azure,Luminous vivid azure,0066FF,body_body326,rendered
286,326,bd_vallerino,ballerino costume,4,64,mediumseagreen,MediumSeaGreen,3CB371,body_body326,rendered
286,326,bd_vallerino,ballerino costume,5,88,dark_gray,Dark gray,4D4D4D,body_body326,rendered
286,326,bd_vallerino,ballerino costume,6,80,deep_reddish_brown,Deep reddish brown,560000,body_body326,rendered
286,326,bd_vallerino,ballerino costume,7,13,luminous_vivid_orange,Luminous vivid orange,FF6600,body_body326,rendered
287,327,bd_half_suit,,0,86,darkgray,DarkGray,A9A9A9,body_body327F,rendered
287,327,bd_half_suit,,1,42,luminous_vivid_azure,Luminous vivid azure,0066FF,body_body327F,rendered
287,327,bd_half_suit,,2,82,dark_gamboge,Dark gamboge,452F12,body_body327F,rendered
287,327,bd_half_suit,,3,91,black,Black,000000,body_body327F,rendered
287,327,bd_half_suit,,4,5,yellow,Yellow,FFFF00,body_body327F,rendered
287,327,bd_half_suit,,5,31,plum,Plum,DDA0DD,body_body327F,rendered
287,327,bd_half_suit,,6,84,white,White,FFFFFF,body_body327F,rendered
288,328,bd_sleeveless,sleeveless shirt,0,85,lightgrey,LightGrey,D3D3D3,body_body328,rendered
288,328,bd_sleeveless,sleeveless shirt,1,6,gold,Gold,FFD700,body_body328,rendered
288,328,bd_sleeveless,sleeveless shirt,2,23,very_light_crimson,Very light crimson,FF82AB,body_body328,rendered
288,328,bd_sleeveless,sleeveless shirt,3,41,deepskyblue,DeepSkyBlue,00BFFF,body_body328,rendered
288,328,bd_sleeveless,sleeveless shirt,4,37,darkmagenta,DarkMagenta,8B008B,body_body328,rendered
288,328,bd_sleeveless,sleeveless shirt,5,62,lime,Lime,00FF00,body_body328,rendered
288,328,bd_sleeveless,sleeveless shirt,6,16,red,Red,FF0000,body_body328,rendered
288,328,bd_sleeveless,sleeveless shirt,7,73,goldenrod,Goldenrod,DAA520,body_body328,rendered
289,329,bd_soccerT,soccer shirt,0,47,darkblue_2,DarkBlue_2,1E1E4C,body_body329,rendered
289,329,bd_soccerT,soccer shirt,1,59,light_brilliant_yellow_lime,Light brilliant yellow lime,E7FF33,body_body329,rendered
289,329,bd_soccerT,soccer shirt,2,56,deep_cyan_2,Deep cyan 2,004240,body_body329,rendered
289,329,bd_soccerT,soccer shirt,3,84,white,White,FFFFFF,body_body329,rendered
289,329,bd_soccerT,soccer shirt,4,52,steelblue,SteelBlue,4682B4,body_body329,rendered
289,329,bd_soccerT,soccer shirt,5,34,light_brilliant_violet,Light brilliant violet,9933FF,body_body329,rendered
289,329,bd_soccerT,soccer shirt,6,26,deeppink,DeepPink,FF1493,body_body329,rendered
289,329,bd_soccerT,soccer shirt,7,16,red,Red,FF0000,body_body329,rendered
290,330,bd_figureskate,ice-skating costume,0,54,darkturquoise,DarkTurquoise,00CED1,body_body330,rendered
290,330,bd_figureskate,ice-skating costume,1,34,light_brilliant_violet,Light brilliant violet,9933FF,body_body330,rendered
290,330,bd_figureskate,ice-skating costume,2,73,goldenrod,Goldenrod,DAA520,body_body330,rendered
290,330,bd_figureskate,ice-skating costume,3,26,deeppink,DeepPink,FF1493,body_body330,rendered
290,330,bd_figureskate,ice-skating costume,4,63,limegreen,LimeGreen,32CD32,body_body330,rendered
290,330,bd_figureskate,ice-skating costume,5,16,red,Red,FF0000,body_body330,rendered
290,330,bd_figureskate,ice-skating costume,6,45,blue,Blue,0000FF,body_body330,rendered
290,330,bd_figureskate,ice-skating costume,7,87,gray,Gray,808080,body_body330,rendered
291,331,bd_officework,office outfit,0,86,darkgray,DarkGray,A9A9A9,body_body331,rendered
291,331,bd_officework,office outfit,1,16,red,Red,FF0000,body_body331,rendered
291,331,bd_officework,office outfit,2,33,mediumslateblue,MediumSlateBlue,7B68EE,body_body331,rendered
291,331,bd_officework,office outfit,3,55,darkcyan,DarkCyan,008B8B,body_body331,rendered
291,331,bd_officework,office outfit,4,63,limegreen,LimeGreen,32CD32,body_body331,rendered
291,331,bd_officework,office outfit,5,5,yellow,Yellow,FFFF00,body_body331,rendered
291,331,bd_officework,office outfit,6,26,deeppink,DeepPink,FF1493,body_body331,rendered
291,331,bd_officework,office outfit,7,45,blue,Blue,0000FF,body_body331,rendered
292,332,bd_dirndl,alpine dress,0,16,red,Red,FF0000,body_body332,rendered
292,332,bd_dirndl,alpine dress,1,25,light_brilliant_crimson,Light brilliant crimson,FF4C87,body_body332,rendered
292,332,bd_dirndl,alpine dress,2,41,deepskyblue,DeepSkyBlue,00BFFF,body_body332,rendered
292,332,bd_dirndl,alpine dress,3,68,darkgreen,DarkGreen,006400,body_body332,rendered
292,332,bd_dirndl,alpine dress,4,74,darkgoldenrod,DarkGoldenrod,B8860B,body_body332,rendered
292,332,bd_dirndl,alpine dress,5,87,gray,Gray,808080,body_body332,rendered
292,332,bd_dirndl,alpine dress,6,47,darkblue_2,DarkBlue_2,1E1E4C,body_body332,rendered
292,332,bd_dirndl,alpine dress,7,80,deep_reddish_brown,Deep reddish brown,560000,body_body332,rendered
293,333,bd_border_pleated,shirt & skirt,0,1,ivory,Ivory,FFFFF0,body_body333,rendered
293,333,bd_border_pleated,shirt & skirt,1,74,darkgoldenrod,DarkGoldenrod,B8860B,body_body333,rendered
293,333,bd_border_pleated,shirt & skirt,2,19,darkred,DarkRed,8B0000,body_body333,rendered
293,333,bd_border_pleated,shirt & skirt,3,25,light_brilliant_crimson,Light brilliant crimson,FF4C87,body_body333,rendered
293,333,bd_border_pleated,shirt & skirt,4,38,deep_magenta,Deep magenta,5C005C,body_body333,rendered
293,333,bd_border_pleated,shirt & skirt,5,46,darkblue,DarkBlue,00008B,body_body333,rendered
293,333,bd_border_pleated,shirt & skirt,6,69,very_deep_green,Very deep green,003300,body_body333,rendered
293,333,bd_border_pleated,shirt & skirt,7,90,very_dark_gray_2,Very dark gray 2,232323,body_body333,rendered
294,334,bd_tweed_onep,tweed dress,0,13,luminous_vivid_orange,Luminous vivid orange,FF6600,body_body334,rendered
294,334,bd_tweed_onep,tweed dress,1,4,light_brilliant_amber_yellow,Light brilliant amber yellow,FFEC65,body_body334,rendered
294,334,bd_tweed_onep,tweed dress,2,44,moderate_blue,Moderate blue,323296,body_body334,rendered
294,334,bd_tweed_onep,tweed dress,3,64,mediumseagreen,MediumSeaGreen,3CB371,body_body334,rendered
294,334,bd_tweed_onep,tweed dress,4,78,brown,Brown,A52A2A,body_body334,rendered
294,334,bd_tweed_onep,tweed dress,5,29,mediumvioletred,MediumVioletRed,C71585,body_body334,rendered
294,334,bd_tweed_onep,tweed dress,6,56,deep_cyan_2,Deep cyan 2,004240,body_body334,rendered
294,334,bd_tweed_onep,tweed dress,7,40,lightskyblue,LightSkyBlue,87CEFA,body_body334,rendered
295,335,bd_goalkeeper,goalkeeper uniform,0,68,darkgreen,DarkGreen,006400,body_body335,rendered
295,335,bd_goalkeeper,goalkeeper uniform,1,11,orange,Orange,FFA500,body_body335,rendered
295,335,bd_goalkeeper,goalkeeper uniform,2,16,red,Red,FF0000,body_body335,rendered
295,335,bd_goalkeeper,goalkeeper uniform,3,26,deeppink,DeepPink,FF1493,body_body335,rendered
295,335,bd_goalkeeper,goalkeeper uniform,4,36,indigo,Indigo,4B0082,body_body335,rendered
295,335,bd_goalkeeper,goalkeeper uniform,5,46,darkblue,DarkBlue,00008B,body_body335,rendered
295,335,bd_goalkeeper,goalkeeper uniform,6,61,chartreuse,Chartreuse,7FFF00,body_body335,rendered
295,335,bd_goalkeeper,goalkeeper uniform,7,89,very_dark_gray,Very dark gray,333333,body_body335,rendered
296,336,bd_oni,,0,16,red,Red,FF0000,body_body336F,rendered
296,336,bd_oni,,1,91,black,Black,000000,body_body336F,rendered
296,336,bd_oni,,2,71,burlywood,BurlyWood,DEB887,body_body336F,rendered
296,336,bd_oni,,3,41,deepskyblue,DeepSkyBlue,00BFFF,body_body336F,rendered
296,336,bd_oni,,4,23,very_light_crimson,Very light crimson,FF82AB,body_body336F,rendered
296,336,bd_oni,,5,46,darkblue,DarkBlue,00008B,body_body336F,rendered
296,336,bd_oni,,6,79,saddlebrown,SaddleBrown,8B4513,body_body336F,rendered
296,336,bd_oni,,7,62,lime,Lime,00FF00,body_body336F,rendered
297,337,bd_frillT,frilled shirt,0,8,salmon,Salmon,FA8072,body_body337,rendered
297,337,bd_frillT,frilled shirt,1,31,plum,Plum,DDA0DD,body_body337,rendered
297,337,bd_frillT,frilled shirt,2,40,lightskyblue,LightSkyBlue,87CEFA,body_body337,rendered
297,337,bd_frillT,frilled shirt,3,58,yellowgreen,YellowGreen,9ACD32,body_body337,rendered
297,337,bd_frillT,frilled shirt,4,71,burlywood,BurlyWood,DEB887,body_body337,rendered
297,337,bd_frillT,frilled shirt,5,85,lightgrey,LightGrey,D3D3D3,body_body337,rendered
297,337,bd_frillT,frilled shirt,6,68,darkgreen,DarkGreen,006400,body_body337,rendered
297,337,bd_frillT,frilled shirt,7,42,luminous_vivid_azure,Luminous vivid azure,0066FF,body_body337,rendered
298,338,bd_crazypattern,crazy-pattern shirt,0,52,steelblue,SteelBlue,4682B4,body_body338,rendered
298,338,bd_crazypattern,crazy-pattern shirt,1,11,orange,Orange,FFA500,body_body338,rendered
298,338,bd_crazypattern,crazy-pattern shirt,2,18,moderate_red,Moderate red,CB0F0F,body_body338,rendered
298,338,bd_crazypattern,crazy-pattern shirt,3,68,darkgreen,DarkGreen,006400,body_body338,rendered
298,338,bd_crazypattern,crazy-pattern shirt,4,73,goldenrod,Goldenrod,DAA520,body_body338,rendered
298,338,bd_crazypattern,crazy-pattern shirt,5,86,darkgray,DarkGray,A9A9A9,body_body338,rendered
298,338,bd_crazypattern,crazy-pattern shirt,6,5,yellow,Yellow,FFFF00,body_body338,rendered
298,338,bd_crazypattern,crazy-pattern shirt,7,91,black,Black,000000,body_body338,rendered
299,339,bd_flower_camisole,flower camisole dress,0,18,moderate_red,Moderate red,CB0F0F,body_body339,rendered
299,339,bd_flower_camisole,flower camisole dress,1,33,mediumslateblue,MediumSlateBlue,7B68EE,body_body339,rendered
299,339,bd_flower_camisole,flower camisole dress,2,55,darkcyan,DarkCyan,008B8B,body_body339,rendered
299,339,bd_flower_camisole,flower camisole dress,3,63,limegreen,LimeGreen,32CD32,body_body339,rendered
299,339,bd_flower_camisole,flower camisole dress,4,73,goldenrod,Goldenrod,DAA520,body_body339,rendered
299,339,bd_flower_camisole,flower camisole dress,5,26,deeppink,DeepPink,FF1493,body_body339,rendered
299,339,bd_flower_camisole,flower camisole dress,6,40,lightskyblue,LightSkyBlue,87CEFA,body_body339,rendered
299,339,bd_flower_camisole,flower camisole dress,7,59,light_brilliant_yellow_lime,Light brilliant yellow lime,E7FF33,body_body339,rendered
300,340,bd_surfing,surfer T-shirt,0,15,indianred,IndianRed,CD5C5C,body_body340,rendered
300,340,bd_surfing,surfer T-shirt,1,35,darkslateblue,DarkSlateBlue,483D8B,body_body340,rendered
300,340,bd_surfing,surfer T-shirt,2,51,cadetblue,CadetBlue,5F9EA0,body_body340,rendered
300,340,bd_surfing,surfer T-shirt,3,76,dark_amber,Dark amber,624806,body_body340,rendered
300,340,bd_surfing,surfer T-shirt,4,91,black,Black,000000,body_body340,rendered
300,340,bd_surfing,surfer T-shirt,5,19,darkred,DarkRed,8B0000,body_body340,rendered
300,340,bd_surfing,surfer T-shirt,6,5,yellow,Yellow,FFFF00,body_body340,rendered
300,340,bd_surfing,surfer T-shirt,7,66,olive,Olive,808000,body_body340,rendered
301,341,bd_border_smock,smock,0,57,palegreen,PaleGreen,98FB98,body_body341,rendered
301,341,bd_border_smock,smock,1,84,white,White,FFFFFF,body_body341,rendered
301,341,bd_border_smock,smock,2,15,indianred,IndianRed,CD5C5C,body_body341,rendered
301,341,bd_border_smock,smock,3,4,light_brilliant_amber_yellow,Light brilliant amber yellow,FFEC65,body_body341,rendered
301,341,bd_border_smock,smock,4,67,darkolivegreen,DarkOliveGreen,556B2F,body_body341,rendered
301,341,bd_border_smock,smock,5,91,black,Black,000000,body_body341,rendered
301,341,bd_border_smock,smock,6,34,light_brilliant_violet,Light brilliant violet,9933FF,body_body341,rendered
301,341,bd_border_smock,smock,7,58,yellowgreen,YellowGreen,9ACD32,body_body341,rendered
302,342,bd_flontribbon,front-tied shirt,0,16,red,Red,FF0000,body_body342,rendered
302,342,bd_flontribbon,front-tied shirt,1,91,black,Black,000000,body_body342,rendered
302,342,bd_flontribbon,front-tied shirt,2,27,very_light_magenta,Very light magenta,FF99FF,body_body342,rendered
302,342,bd_flontribbon,front-tied shirt,3,50,aquamarine,Aquamarine,7FFFD4,body_body342,rendered
302,342,bd_flontribbon,front-tied shirt,4,12,light_brilliant_amber,Light brilliant amber,FFC950,body_body342,rendered
302,342,bd_flontribbon,front-tied shirt,5,85,lightgrey,LightGrey,D3D3D3,body_body342,rendered
302,342,bd_flontribbon,front-tied shirt,6,55,darkcyan,DarkCyan,008B8B,body_body342,rendered
302,342,bd_flontribbon,front-tied shirt,7,6,gold,Gold,FFD700,body_body342,rendered
303,343,bd_summerknit,summer ensemble,0,91,black,Black,000000,body_body343,rendered
303,343,bd_summerknit,summer ensemble,1,42,luminous_vivid_azure,Luminous vivid azure,0066FF,body_body343,rendered
303,343,bd_summerknit,summer ensemble,2,32,mediumpurple,MediumPurple,9370DB,body_body343,rendered
303,343,bd_summerknit,summer ensemble,3,66,olive,Olive,808000,body_body343,rendered
303,343,bd_summerknit,summer ensemble,4,8,salmon,Salmon,FA8072,body_body343,rendered
303,343,bd_summerknit,summer ensemble,5,19,darkred,DarkRed,8B0000,body_body343,rendered
303,343,bd_summerknit,summer ensemble,6,77,chocolate,Chocolate,D2691E,body_body343,rendered
303,343,bd_summerknit,summer ensemble,7,55,darkcyan,DarkCyan,008B8B,body_body343,rendered
304,344,bd_command_sweater,commando sweater,0,11,orange,Orange,FFA500,body_body344,rendered
304,344,bd_command_sweater,commando sweater,1,16,red,Red,FF0000,body_body344,rendered
304,344,bd_command_sweater,commando sweater,2,48,deep_blue,Deep blue,000054,body_body344,rendered
304,344,bd_command_sweater,commando sweater,3,84,white,White,FFFFFF,body_body344,rendered
304,344,bd_command_sweater,commando sweater,4,91,black,Black,000000,body_body344,rendered
304,344,bd_command_sweater,commando sweater,5,54,darkturquoise,DarkTurquoise,00CED1,body_body344,rendered
304,344,bd_command_sweater,commando sweater,6,37,darkmagenta,DarkMagenta,8B008B,body_body344,rendered
304,344,bd_command_sweater,commando sweater,7,68,darkgreen,DarkGreen,006400,body_body344,rendered
305,345,bd_sweets,dessert T-shirt,0,43,royalblue,RoyalBlue,4169E1,body_body345,rendered
305,345,bd_sweets,dessert T-shirt,1,87,gray,Gray,808080,body_body345,rendered
305,345,bd_sweets,dessert T-shirt,2,6,gold,Gold,FFD700,body_body345,rendered
305,345,bd_sweets,dessert T-shirt,3,69,very_deep_green,Very deep green,003300,body_body345,rendered
305,345,bd_sweets,dessert T-shirt,4,37,darkmagenta,DarkMagenta,8B008B,body_body345,rendered
305,345,bd_sweets,dessert T-shirt,5,62,lime,Lime,00FF00,body_body345,rendered
305,345,bd_sweets,dessert T-shirt,6,73,goldenrod,Goldenrod,DAA520,body_body345,rendered
305,345,bd_sweets,dessert T-shirt,7,91,black,Black,000000,body_body345,rendered
306,346,bd_quilting,quilted coat,0,47,darkblue_2,DarkBlue_2,1E1E4C,body_body346,rendered
306,346,bd_quilting,quilted coat,1,82,dark_gamboge,Dark gamboge,452F12,body_body346,rendered
306,346,bd_quilting,quilted coat,2,38,deep_magenta,Deep magenta,5C005C,body_body346,rendered
306,346,bd_quilting,quilted coat,3,51,cadetblue,CadetBlue,5F9EA0,body_body346,rendered
306,346,bd_quilting,quilted coat,4,11,orange,Orange,FFA500,body_body346,rendered
306,346,bd_quilting,quilted coat,5,42,luminous_vivid_azure,Luminous vivid azure,0066FF,body_body346,rendered
306,346,bd_quilting,quilted coat,6,9,coral,Coral,FF7F50,body_body346,rendered
306,346,bd_quilting,quilted coat,7,19,darkred,DarkRed,8B0000,body_body346,rendered
307,347,bd_flower_tunic,flower tunic,0,28,fuchsia,Fuchsia,FF00FF,body_body347,rendered
307,347,bd_flower_tunic,flower tunic,1,13,luminous_vivid_orange,Luminous vivid orange,FF6600,body_body347,rendered
307,347,bd_flower_tunic,flower tunic,2,63,limegreen,LimeGreen,32CD32,body_body347,rendered
307,347,bd_flower_tunic,flower tunic,3,16,red,Red,FF0000,body_body347,rendered
307,347,bd_flower_tunic,flower tunic,4,42,luminous_vivid_azure,Luminous vivid azure,0066FF,body_body347,rendered
307,347,bd_flower_tunic,flower tunic,5,56,deep_cyan_2,Deep cyan 2,004240,body_body347,rendered
308,348,bd_long_flannel,flannel-shirt maxi dress,0,19,darkred,DarkRed,8B0000,body_body348,rendered
308,348,bd_long_flannel,flannel-shirt maxi dress,1,84,white,White,FFFFFF,body_body348,rendered
308,348,bd_long_flannel,flannel-shirt maxi dress,2,40,lightskyblue,LightSkyBlue,87CEFA,body_body348,rendered
308,348,bd_long_flannel,flannel-shirt maxi dress,3,11,orange,Orange,FFA500,body_body348,rendered
308,348,bd_long_flannel,flannel-shirt maxi dress,4,91,black,Black,000000,body_body348,rendered
308,348,bd_long_flannel,flannel-shirt maxi dress,5,68,darkgreen,DarkGreen,006400,body_body348,rendered
308,348,bd_long_flannel,flannel-shirt maxi dress,6,15,indianred,IndianRed,CD5C5C,body_body348,rendered
308,348,bd_long_flannel,flannel-shirt maxi dress,7,74,darkgoldenrod,DarkGoldenrod,B8860B,body_body348,rendered
309,349,bd_long_denim,long denim skirt,0,68,darkgreen,DarkGreen,006400,body_body349,rendered
309,349,bd_long_denim,long denim skirt,1,91,black,Black,000000,body_body349,rendered
309,349,bd_long_denim,long denim skirt,2,18,moderate_red,Moderate red,CB0F0F,body_body349,rendered
309,349,bd_long_denim,long denim skirt,3,47,darkblue_2,DarkBlue_2,1E1E4C,body_body349,rendered
309,349,bd_long_denim,long denim skirt,4,11,orange,Orange,FFA500,body_body349,rendered
309,349,bd_long_denim,long denim skirt,5,41,deepskyblue,DeepSkyBlue,00BFFF,body_body349,rendered
309,349,bd_long_denim,long denim skirt,6,26,deeppink,DeepPink,FF1493,body_body349,rendered
309,349,bd_long_denim,long denim skirt,7,87,gray,Gray,808080,body_body349,rendered
310,350,bd_stall,stole & leggings,0,85,lightgrey,LightGrey,D3D3D3,body_body350,rendered
310,350,bd_stall,stole & leggings,1,91,black,Black,000000,body_body350,rendered
310,350,bd_stall,stole & leggings,2,70,rosybrown,RosyBrown,BC8F8F,body_body350,rendered
310,350,bd_stall,stole & leggings,3,66,olive,Olive,808000,body_body350,rendered
310,350,bd_stall,stole & leggings,4,9,coral,Coral,FF7F50,body_body350,rendered
310,350,bd_stall,stole & leggings,5,77,chocolate,Chocolate,D2691E,body_body350,rendered
310,350,bd_stall,stole & leggings,6,33,mediumslateblue,MediumSlateBlue,7B68EE,body_body350,rendered
310,350,bd_stall,stole & leggings,7,64,mediumseagreen,MediumSeaGreen,3CB371,body_body350,rendered
311,351,bd_folklore,folklore skirt,0,19,darkred,DarkRed,8B0000,body_body351,rendered
311,351,bd_folklore,folklore skirt,1,39,lightcyan,LightCyan,E0FFFF,body_body351,rendered
311,351,bd_folklore,folklore skirt,2,38,deep_magenta,Deep magenta,5C005C,body_body351,rendered
311,351,bd_folklore,folklore skirt,3,6,gold,Gold,FFD700,body_body351,rendered
311,351,bd_folklore,folklore skirt,4,60,greenyellow,GreenYellow,ADFF2F,body_body351,rendered
311,351,bd_folklore,folklore skirt,5,76,dark_amber,Dark amber,624806,body_body351,rendered
311,351,bd_folklore,folklore skirt,6,83,very_dark_gamboge,Very dark gamboge,332819,body_body351,rendered
311,351,bd_folklore,folklore skirt,7,45,blue,Blue,0000FF,body_body351,rendered
312,352,bd_messenger,messenger uniform,0,1,ivory,Ivory,FFFFF0,body_body352,rendered
312,352,bd_messenger,messenger uniform,1,60,greenyellow,GreenYellow,ADFF2F,body_body352,rendered
312,352,bd_messenger,messenger uniform,2,35,darkslateblue,DarkSlateBlue,483D8B,body_body352,rendered
312,352,bd_messenger,messenger uniform,3,90,very_dark_gray_2,Very dark gray 2,232323,body_body352,rendered
312,352,bd_messenger,messenger uniform,4,64,mediumseagreen,MediumSeaGreen,3CB371,body_body352,rendered
312,352,bd_messenger,messenger uniform,5,11,orange,Orange,FFA500,body_body352,rendered
312,352,bd_messenger,messenger uniform,6,41,deepskyblue,DeepSkyBlue,00BFFF,body_body352,rendered
312,352,bd_messenger,messenger uniform,7,19,darkred,DarkRed,8B0000,body_body352,rendered
313,353,bd_stripe_pullover,striped pullover,0,1,ivory,Ivory,FFFFF0,body_body353,rendered
313,353,bd_stripe_pullover,striped pullover,1,87,gray,Gray,808080,body_body353,rendered
313,353,bd_stripe_pullover,striped pullover,2,41,deepskyblue,DeepSkyBlue,00BFFF,body_body353,rendered
313,353,bd_stripe_pullover,striped pullover,3,11,orange,Orange,FFA500,body_body353,rendered
313,353,bd_stripe_pullover,striped pullover,4,61,chartreuse,Chartreuse,7FFF00,body_body353,rendered
313,353,bd_stripe_pullover,striped pullover,5,16,red,Red,FF0000,body_body353,rendered
313,353,bd_stripe_pullover,striped pullover,6,45,blue,Blue,0000FF,body_body353,rendered
313,353,bd_stripe_pullover,striped pullover,7,28,fuchsia,Fuchsia,FF00FF,body_body353,rendered
314,354,bd_snood,snood,0,25,light_brilliant_crimson,Light brilliant crimson,FF4C87,body_body354,rendered
314,354,bd_snood,snood,1,73,goldenrod,Goldenrod,DAA520,body_body354,rendered
314,354,bd_snood,snood,2,35,darkslateblue,DarkSlateBlue,483D8B,body_body354,rendered
314,354,bd_snood,snood,3,91,black,Black,000000,body_body354,rendered
314,354,bd_snood,snood,4,63,limegreen,LimeGreen,32CD32,body_body354,rendered
314,354,bd_snood,snood,5,56,deep_cyan_2,Deep cyan 2,004240,body_body354,rendered
314,354,bd_snood,snood,6,41,deepskyblue,DeepSkyBlue,00BFFF,body_body354,rendered
314,354,bd_snood,snood,7,18,moderate_red,Moderate red,CB0F0F,body_body354,rendered
315,355,bd_short_pants,ribbon cardigan,0,37,darkmagenta,DarkMagenta,8B008B,body_body355,rendered
315,355,bd_short_pants,ribbon cardigan,1,50,aquamarine,Aquamarine,7FFFD4,body_body355,rendered
315,355,bd_short_pants,ribbon cardigan,2,91,black,Black,000000,body_body355,rendered
315,355,bd_short_pants,ribbon cardigan,3,25,light_brilliant_crimson,Light brilliant crimson,FF4C87,body_body355,rendered
315,355,bd_short_pants,ribbon cardigan,4,61,chartreuse,Chartreuse,7FFF00,body_body355,rendered
315,355,bd_short_pants,ribbon cardigan,5,75,moderate_amber,Moderate amber,886308,body_body355,rendered
315,355,bd_short_pants,ribbon cardigan,6,84,white,White,FFFFFF,body_body355,rendered
315,355,bd_short_pants,ribbon cardigan,7,45,blue,Blue,0000FF,body_body355,rendered
316,356,bd_maid_mini,cute maid outfit,0,91,black,Black,000000,body_body356,rendered
316,356,bd_maid_mini,cute maid outfit,1,56,deep_cyan_2,Deep cyan 2,004240,body_body356,rendered
316,356,bd_maid_mini,cute maid outfit,2,87,gray,Gray,808080,body_body356,rendered
316,356,bd_maid_mini,cute maid outfit,3,80,deep_reddish_brown,Deep reddish brown,560000,body_body356,rendered
316,356,bd_maid_mini,cute maid outfit,4,23,very_light_crimson,Very light crimson,FF82AB,body_body356,rendered
316,356,bd_maid_mini,cute maid outfit,5,64,mediumseagreen,MediumSeaGreen,3CB371,body_body356,rendered
316,356,bd_maid_mini,cute maid outfit,6,38,deep_magenta,Deep magenta,5C005C,body_body356,rendered
316,356,bd_maid_mini,cute maid outfit,7,47,darkblue_2,DarkBlue_2,1E1E4C,body_body356,rendered
317,357,bd_ethnicwear,earthy clothes,0,16,red,Red,FF0000,body_body357,rendered
317,357,bd_ethnicwear,earthy clothes,1,37,darkmagenta,DarkMagenta,8B008B,body_body357,rendered
317,357,bd_ethnicwear,earthy clothes,2,42,luminous_vivid_azure,Luminous vivid azure,0066FF,body_body357,rendered
317,357,bd_ethnicwear,earthy clothes,3,68,darkgreen,DarkGreen,006400,body_body357,rendered
317,357,bd_ethnicwear,earthy clothes,4,41,deepskyblue,DeepSkyBlue,00BFFF,body_body357,rendered
317,357,bd_ethnicwear,earthy clothes,5,91,black,Black,000000,body_body357,rendered
317,357,bd_ethnicwear,earthy clothes,6,84,white,White,FFFFFF,body_body357,rendered
317,357,bd_ethnicwear,earthy clothes,7,6,gold,Gold,FFD700,body_body357,rendered
318,358,bd_jellyfishT,jellyfish T-shirt,0,91,black,Black,000000,body_body358,rendered
318,358,bd_jellyfishT,jellyfish T-shirt,1,45,blue,Blue,0000FF,body_body358,rendered
318,358,bd_jellyfishT,jellyfish T-shirt,2,16,red,Red,FF0000,body_body358,rendered
318,358,bd_jellyfishT,jellyfish T-shirt,3,68,darkgreen,DarkGreen,006400,body_body358,rendered
318,358,bd_jellyfishT,jellyfish T-shirt,4,36,indigo,Indigo,4B0082,body_body358,rendered
318,358,bd_jellyfishT,jellyfish T-shirt,5,82,dark_gamboge,Dark gamboge,452F12,body_body358,rendered
318,358,bd_jellyfishT,jellyfish T-shirt,6,8,salmon,Salmon,FA8072,body_body358,rendered
318,358,bd_jellyfishT,jellyfish T-shirt,7,13,luminous_vivid_orange,Luminous vivid orange,FF6600,body_body358,rendered
319,359,bd_dot_onep,polka-dot dress,0,22,lightcoral,LightCoral,F08080,body_body359,rendered
319,359,bd_dot_onep,polka-dot dress,1,11,orange,Orange,FFA500,body_body359,rendered
319,359,bd_dot_onep,polka-dot dress,2,58,yellowgreen,YellowGreen,9ACD32,body_body359,rendered
319,359,bd_dot_onep,polka-dot dress,3,40,lightskyblue,LightSkyBlue,87CEFA,body_body359,rendered
319,359,bd_dot_onep,polka-dot dress,4,81,deep_brown_red,Deep brown red,3E1300,body_body359,rendered
319,359,bd_dot_onep,polka-dot dress,5,31,plum,Plum,DDA0DD,body_body359,rendered
319,359,bd_dot_onep,polka-dot dress,6,42,luminous_vivid_azure,Luminous vivid azure,0066FF,body_body359,rendered
319,359,bd_dot_onep,polka-dot dress,7,16,red,Red,FF0000,body_body359,rendered
320,360,bd_tricoloreT,tricolor shirt,0,1,ivory,Ivory,FFFFF0,body_body360,rendered
320,360,bd_tricoloreT,tricolor shirt,1,47,darkblue_2,DarkBlue_2,1E1E4C,body_body360,rendered
320,360,bd_tricoloreT,tricolor shirt,2,49,paleturquoise,PaleTurquoise,AFEEEE,body_body360,rendered
320,360,bd_tricoloreT,tricolor shirt,3,60,greenyellow,GreenYellow,ADFF2F,body_body360,rendered
320,360,bd_tricoloreT,tricolor shirt,4,89,very_dark_gray,Very dark gray,333333,body_body360,rendered
320,360,bd_tricoloreT,tricolor shirt,5,31,plum,Plum,DDA0DD,body_body360,rendered
320,360,bd_tricoloreT,tricolor shirt,6,5,yellow,Yellow,FFFF00,body_body360,rendered
320,360,bd_tricoloreT,tricolor shirt,7,19,darkred,DarkRed,8B0000,body_body360,rendered
321,361,bd_skelton,skeleton suit,0,1,ivory,Ivory,FFFFF0,body_body361,rendered
321,361,bd_skelton,skeleton suit,1,16,red,Red,FF0000,body_body361,rendered
321,361,bd_skelton,skeleton suit,2,59,light_brilliant_yellow_lime,Light brilliant yellow lime,E7FF33,body_body361,rendered
321,361,bd_skelton,skeleton suit,3,62,lime,Lime,00FF00,body_body361,rendered
321,361,bd_skelton,skeleton suit,4,41,deepskyblue,DeepSkyBlue,00BFFF,body_body361,rendered
321,361,bd_skelton,skeleton suit,5,74,darkgoldenrod,DarkGoldenrod,B8860B,body_body361,rendered
321,361,bd_skelton,skeleton suit,6,28,fuchsia,Fuchsia,FF00FF,body_body361,rendered
321,361,bd_skelton,skeleton suit,7,91,black,Black,000000,body_body361,rendered
322,362,bd_bunnygirl,,0,91,black,Black,000000,,missing_physical_asset
322,362,bd_bunnygirl,,1,16,red,Red,FF0000,,missing_physical_asset
322,362,bd_bunnygirl,,2,74,darkgoldenrod,DarkGoldenrod,B8860B,,missing_physical_asset
322,362,bd_bunnygirl,,3,26,deeppink,DeepPink,FF1493,,missing_physical_asset
322,362,bd_bunnygirl,,4,68,darkgreen,DarkGreen,006400,,missing_physical_asset
322,362,bd_bunnygirl,,5,84,white,White,FFFFFF,,missing_physical_asset
322,362,bd_bunnygirl,,6,46,darkblue,DarkBlue,00008B,,missing_physical_asset
322,362,bd_bunnygirl,,7,41,deepskyblue,DeepSkyBlue,00BFFF,,missing_physical_asset
323,363,bd_dog_brownsocks,dog suit,0,79,saddlebrown,SaddleBrown,8B4513,body_body363,rendered
323,363,bd_dog_brownsocks,dog suit,1,91,black,Black,000000,body_body363,rendered
323,363,bd_dog_brownsocks,dog suit,2,9,coral,Coral,FF7F50,body_body363,rendered
323,363,bd_dog_brownsocks,dog suit,3,85,lightgrey,LightGrey,D3D3D3,body_body363,rendered
323,363,bd_dog_brownsocks,dog suit,4,12,light_brilliant_amber,Light brilliant amber,FFC950,body_body363,rendered
323,363,bd_dog_brownsocks,dog suit,5,87,gray,Gray,808080,body_body363,rendered
323,363,bd_dog_brownsocks,dog suit,6,74,darkgoldenrod,DarkGoldenrod,B8860B,body_body363,rendered
323,363,bd_dog_brownsocks,dog suit,7,81,deep_brown_red,Deep brown red,3E1300,body_body363,rendered
324,364,bd_gown,dressing gown,0,29,mediumvioletred,MediumVioletRed,C71585,body_body364,rendered
324,364,bd_gown,dressing gown,1,69,very_deep_green,Very deep green,003300,body_body364,rendered
324,364,bd_gown,dressing gown,2,81,deep_brown_red,Deep brown red,3E1300,body_body364,rendered
324,364,bd_gown,dressing gown,3,90,very_dark_gray_2,Very dark gray 2,232323,body_body364,rendered
324,364,bd_gown,dressing gown,4,43,royalblue,RoyalBlue,4169E1,body_body364,rendered
324,364,bd_gown,dressing gown,5,73,goldenrod,Goldenrod,DAA520,body_body364,rendered
324,364,bd_gown,dressing gown,6,61,chartreuse,Chartreuse,7FFF00,body_body364,rendered
324,364,bd_gown,dressing gown,7,51,cadetblue,CadetBlue,5F9EA0,body_body364,rendered
325,365,bd_mysteryman,phantom outfit,0,91,black,Black,000000,body_body365,rendered
325,365,bd_mysteryman,phantom outfit,1,86,darkgray,DarkGray,A9A9A9,body_body365,rendered
325,365,bd_mysteryman,phantom outfit,2,80,deep_reddish_brown,Deep reddish brown,560000,body_body365,rendered
325,365,bd_mysteryman,phantom outfit,3,38,deep_magenta,Deep magenta,5C005C,body_body365,rendered
325,365,bd_mysteryman,phantom outfit,4,45,blue,Blue,0000FF,body_body365,rendered
325,365,bd_mysteryman,phantom outfit,5,61,chartreuse,Chartreuse,7FFF00,body_body365,rendered
325,365,bd_mysteryman,phantom outfit,6,25,light_brilliant_crimson,Light brilliant crimson,FF4C87,body_body365,rendered
325,365,bd_mysteryman,phantom outfit,7,41,deepskyblue,DeepSkyBlue,00BFFF,body_body365,rendered
326,366,bd_wild_jacket,wild jacket,0,82,dark_gamboge,Dark gamboge,452F12,body_body366,rendered
326,366,bd_wild_jacket,wild jacket,1,86,darkgray,DarkGray,A9A9A9,body_body366,rendered
326,366,bd_wild_jacket,wild jacket,2,71,burlywood,BurlyWood,DEB887,body_body366,rendered
326,366,bd_wild_jacket,wild jacket,3,22,lightcoral,LightCoral,F08080,body_body366,rendered
326,366,bd_wild_jacket,wild jacket,4,47,darkblue_2,DarkBlue_2,1E1E4C,body_body366,rendered
326,366,bd_wild_jacket,wild jacket,5,67,darkolivegreen,DarkOliveGreen,556B2F,body_body366,rendered
326,366,bd_wild_jacket,wild jacket,6,80,deep_reddish_brown,Deep reddish brown,560000,body_body366,rendered
326,366,bd_wild_jacket,wild jacket,7,91,black,Black,000000,body_body366,rendered
327,367,bd_jersey_skirt,jacket & skirt,0,13,luminous_vivid_orange,Luminous vivid orange,FF6600,body_body367,rendered
327,367,bd_jersey_skirt,jacket & skirt,1,69,very_deep_green,Very deep green,003300,body_body367,rendered
327,367,bd_jersey_skirt,jacket & skirt,2,48,deep_blue,Deep blue,000054,body_body367,rendered
327,367,bd_jersey_skirt,jacket & skirt,3,19,darkred,DarkRed,8B0000,body_body367,rendered
327,367,bd_jersey_skirt,jacket & skirt,4,26,deeppink,DeepPink,FF1493,body_body367,rendered
327,367,bd_jersey_skirt,jacket & skirt,5,6,gold,Gold,FFD700,body_body367,rendered
327,367,bd_jersey_skirt,jacket & skirt,6,41,deepskyblue,DeepSkyBlue,00BFFF,body_body367,rendered
327,367,bd_jersey_skirt,jacket & skirt,7,88,dark_gray,Dark gray,4D4D4D,body_body367,rendered
328,368,bd_mermaid,mermaid costume,0,64,mediumseagreen,MediumSeaGreen,3CB371,body_body368,rendered
328,368,bd_mermaid,mermaid costume,1,11,orange,Orange,FFA500,body_body368,rendered
328,368,bd_mermaid,mermaid costume,2,65,olivedrab,OliveDrab,6B8E23,body_body368,rendered
328,368,bd_mermaid,mermaid costume,3,14,palevioletred,PaleVioletRed,DB7093,body_body368,rendered
328,368,bd_mermaid,mermaid costume,4,42,luminous_vivid_azure,Luminous vivid azure,0066FF,body_body368,rendered
328,368,bd_mermaid,mermaid costume,5,85,lightgrey,LightGrey,D3D3D3,body_body368,rendered
328,368,bd_mermaid,mermaid costume,6,91,black,Black,000000,body_body368,rendered
328,368,bd_mermaid,mermaid costume,7,16,red,Red,FF0000,body_body368,rendered
329,369,bd_longshirts_vest,long waistcoat,0,1,ivory,Ivory,FFFFF0,body_body369,rendered
329,369,bd_longshirts_vest,long waistcoat,1,23,very_light_crimson,Very light crimson,FF82AB,body_body369,rendered
329,369,bd_longshirts_vest,long waistcoat,2,47,darkblue_2,DarkBlue_2,1E1E4C,body_body369,rendered
329,369,bd_longshirts_vest,long waistcoat,3,10,tomato,Tomato,FF6347,body_body369,rendered
329,369,bd_longshirts_vest,long waistcoat,4,58,yellowgreen,YellowGreen,9ACD32,body_body369,rendered
329,369,bd_longshirts_vest,long waistcoat,5,89,very_dark_gray,Very dark gray,333333,body_body369,rendered
329,369,bd_longshirts_vest,long waistcoat,6,74,darkgoldenrod,DarkGoldenrod,B8860B,body_body369,rendered
329,369,bd_longshirts_vest,long waistcoat,7,78,brown,Brown,A52A2A,body_body369,rendered
330,370,bd_yukata_mini,,0,25,light_brilliant_crimson,Light brilliant crimson,FF4C87,,missing_physical_asset
330,370,bd_yukata_mini,,1,91,black,Black,000000,,missing_physical_asset
330,370,bd_yukata_mini,,2,54,darkturquoise,DarkTurquoise,00CED1,,missing_physical_asset
330,370,bd_yukata_mini,,3,38,deep_magenta,Deep magenta,5C005C,,missing_physical_asset
330,370,bd_yukata_mini,,4,11,orange,Orange,FFA500,,missing_physical_asset
330,370,bd_yukata_mini,,5,57,palegreen,PaleGreen,98FB98,,missing_physical_asset
330,370,bd_yukata_mini,,6,31,plum,Plum,DDA0DD,,missing_physical_asset
330,370,bd_yukata_mini,,7,5,yellow,Yellow,FFFF00,,missing_physical_asset
331,371,bd_queer,pinafore,0,42,luminous_vivid_azure,Luminous vivid azure,0066FF,body_body371,rendered
331,371,bd_queer,pinafore,1,91,black,Black,000000,body_body371,rendered
331,371,bd_queer,pinafore,2,12,light_brilliant_amber,Light brilliant amber,FFC950,body_body371,rendered
331,371,bd_queer,pinafore,3,16,red,Red,FF0000,body_body371,rendered
331,371,bd_queer,pinafore,4,47,darkblue_2,DarkBlue_2,1E1E4C,body_body371,rendered
331,371,bd_queer,pinafore,5,73,goldenrod,Goldenrod,DAA520,body_body371,rendered
331,371,bd_queer,pinafore,6,54,darkturquoise,DarkTurquoise,00CED1,body_body371,rendered
331,371,bd_queer,pinafore,7,61,chartreuse,Chartreuse,7FFF00,body_body371,rendered
332,372,bd_rollerskate,roller-skater outfit,0,28,fuchsia,Fuchsia,FF00FF,body_body372,rendered
332,372,bd_rollerskate,roller-skater outfit,1,41,deepskyblue,DeepSkyBlue,00BFFF,body_body372,rendered
332,372,bd_rollerskate,roller-skater outfit,2,61,chartreuse,Chartreuse,7FFF00,body_body372,rendered
332,372,bd_rollerskate,roller-skater outfit,3,16,red,Red,FF0000,body_body372,rendered
332,372,bd_rollerskate,roller-skater outfit,4,13,luminous_vivid_orange,Luminous vivid orange,FF6600,body_body372,rendered
332,372,bd_rollerskate,roller-skater outfit,5,6,gold,Gold,FFD700,body_body372,rendered
332,372,bd_rollerskate,roller-skater outfit,6,45,blue,Blue,0000FF,body_body372,rendered
332,372,bd_rollerskate,roller-skater outfit,7,91,black,Black,000000,body_body372,rendered
333,373,bd_tights_metallic,metallic bodysuit,0,11,orange,Orange,FFA500,body_body373,rendered
333,373,bd_tights_metallic,metallic bodysuit,1,86,darkgray,DarkGray,A9A9A9,body_body373,rendered
333,373,bd_tights_metallic,metallic bodysuit,2,77,chocolate,Chocolate,D2691E,body_body373,rendered
333,373,bd_tights_metallic,metallic bodysuit,3,16,red,Red,FF0000,body_body373,rendered
333,373,bd_tights_metallic,metallic bodysuit,4,42,luminous_vivid_azure,Luminous vivid azure,0066FF,body_body373,rendered
333,373,bd_tights_metallic,metallic bodysuit,5,91,black,Black,000000,body_body373,rendered
333,373,bd_tights_metallic,metallic bodysuit,6,68,darkgreen,DarkGreen,006400,body_body373,rendered
333,373,bd_tights_metallic,metallic bodysuit,7,28,fuchsia,Fuchsia,FF00FF,body_body373,rendered
334,374,bd_moga,1920s dress,0,36,indigo,Indigo,4B0082,body_body374,rendered
334,374,bd_moga,1920s dress,1,66,olive,Olive,808000,body_body374,rendered
334,374,bd_moga,1920s dress,2,6,gold,Gold,FFD700,body_body374,rendered
334,374,bd_moga,1920s dress,3,46,darkblue,DarkBlue,00008B,body_body374,rendered
334,374,bd_moga,1920s dress,4,70,rosybrown,RosyBrown,BC8F8F,body_body374,rendered
334,374,bd_moga,1920s dress,5,80,deep_reddish_brown,Deep reddish brown,560000,body_body374,rendered
334,374,bd_moga,1920s dress,6,23,very_light_crimson,Very light crimson,FF82AB,body_body374,rendered
334,374,bd_moga,1920s dress,7,84,white,White,FFFFFF,body_body374,rendered
335,375,bd_chick,baby-chick suit,0,11,orange,Orange,FFA500,body_body375,rendered
335,375,bd_chick,baby-chick suit,1,8,salmon,Salmon,FA8072,body_body375,rendered
335,375,bd_chick,baby-chick suit,2,77,chocolate,Chocolate,D2691E,body_body375,rendered
335,375,bd_chick,baby-chick suit,3,91,black,Black,000000,body_body375,rendered
335,375,bd_chick,baby-chick suit,4,3,khaki,Khaki,F0E68C,body_body375,rendered
335,375,bd_chick,baby-chick suit,5,17,orangered,OrangeRed,FF4500,body_body375,rendered
335,375,bd_chick,baby-chick suit,6,56,deep_cyan_2,Deep cyan 2,004240,body_body375,rendered
335,375,bd_chick,baby-chick suit,7,34,light_brilliant_violet,Light brilliant violet,9933FF,body_body375,rendered
336,376,bd_dolmanT,dolman T-shirt,0,16,red,Red,FF0000,body_body376,rendered
336,376,bd_dolmanT,dolman T-shirt,1,5,yellow,Yellow,FFFF00,body_body376,rendered
336,376,bd_dolmanT,dolman T-shirt,2,62,lime,Lime,00FF00,body_body376,rendered
336,376,bd_dolmanT,dolman T-shirt,3,28,fuchsia,Fuchsia,FF00FF,body_body376,rendered
336,376,bd_dolmanT,dolman T-shirt,4,53,cyan,Cyan,00FFFF,body_body376,rendered
336,376,bd_dolmanT,dolman T-shirt,5,91,black,Black,000000,body_body376,rendered
336,376,bd_dolmanT,dolman T-shirt,6,34,light_brilliant_violet,Light brilliant violet,9933FF,body_body376,rendered
336,376,bd_dolmanT,dolman T-shirt,7,46,darkblue,DarkBlue,00008B,body_body376,rendered
337,377,bd_bootneck_sarueru,harem jeans,0,85,lightgrey,LightGrey,D3D3D3,body_body377,rendered
337,377,bd_bootneck_sarueru,harem jeans,1,47,darkblue_2,DarkBlue_2,1E1E4C,body_body377,rendered
337,377,bd_bootneck_sarueru,harem jeans,2,65,olivedrab,OliveDrab,6B8E23,body_body377,rendered
337,377,bd_bootneck_sarueru,harem jeans,3,29,mediumvioletred,MediumVioletRed,C71585,body_body377,rendered
337,377,bd_bootneck_sarueru,harem jeans,4,82,dark_gamboge,Dark gamboge,452F12,body_body377,rendered
337,377,bd_bootneck_sarueru,harem jeans,5,51,cadetblue,CadetBlue,5F9EA0,body_body377,rendered
337,377,bd_bootneck_sarueru,harem jeans,6,70,rosybrown,RosyBrown,BC8F8F,body_body377,rendered
337,377,bd_bootneck_sarueru,harem jeans,7,74,darkgoldenrod,DarkGoldenrod,B8860B,body_body377,rendered
338,378,bd_spring_trench,spring trench coat,0,64,mediumseagreen,MediumSeaGreen,3CB371,body_body378,rendered
338,378,bd_spring_trench,spring trench coat,1,15,indianred,IndianRed,CD5C5C,body_body378,rendered
338,378,bd_spring_trench,spring trench coat,2,4,light_brilliant_amber_yellow,Light brilliant amber yellow,FFEC65,body_body378,rendered
338,378,bd_spring_trench,spring trench coat,3,58,yellowgreen,YellowGreen,9ACD32,body_body378,rendered
338,378,bd_spring_trench,spring trench coat,4,73,goldenrod,Goldenrod,DAA520,body_body378,rendered
338,378,bd_spring_trench,spring trench coat,5,85,lightgrey,LightGrey,D3D3D3,body_body378,rendered
338,378,bd_spring_trench,spring trench coat,6,40,lightskyblue,LightSkyBlue,87CEFA,body_body378,rendered
338,378,bd_spring_trench,spring trench coat,7,32,mediumpurple,MediumPurple,9370DB,body_body378,rendered
339,379,bd_robot,robot suit,0,88,dark_gray,Dark gray,4D4D4D,body_body379,rendered
339,379,bd_robot,robot suit,1,48,deep_blue,Deep blue,000054,body_body379,rendered
339,379,bd_robot,robot suit,2,19,darkred,DarkRed,8B0000,body_body379,rendered
339,379,bd_robot,robot suit,3,74,darkgoldenrod,DarkGoldenrod,B8860B,body_body379,rendered
339,379,bd_robot,robot suit,4,62,lime,Lime,00FF00,body_body379,rendered
339,379,bd_robot,robot suit,5,26,deeppink,DeepPink,FF1493,body_body379,rendered
339,379,bd_robot,robot suit,6,42,luminous_vivid_azure,Luminous vivid azure,0066FF,body_body379,rendered
339,379,bd_robot,robot suit,7,86,darkgray,DarkGray,A9A9A9,body_body379,rendered
340,380,bd_largeT,purple-blot T-shirt,0,47,darkblue_2,DarkBlue_2,1E1E4C,body_body380,rendered
340,380,bd_largeT,purple-blot T-shirt,1,51,cadetblue,CadetBlue,5F9EA0,body_body380,rendered
340,380,bd_largeT,purple-blot T-shirt,2,70,rosybrown,RosyBrown,BC8F8F,body_body380,rendered
340,380,bd_largeT,purple-blot T-shirt,3,84,white,White,FFFFFF,body_body380,rendered
340,380,bd_largeT,purple-blot T-shirt,4,61,chartreuse,Chartreuse,7FFF00,body_body380,rendered
340,380,bd_largeT,purple-blot T-shirt,5,53,cyan,Cyan,00FFFF,body_body380,rendered
340,380,bd_largeT,purple-blot T-shirt,6,28,fuchsia,Fuchsia,FF00FF,body_body380,rendered
340,380,bd_largeT,purple-blot T-shirt,7,5,yellow,Yellow,FFFF00,body_body380,rendered
341,381,bd_psychedelic,psychedelic jumpsuit,0,34,light_brilliant_violet,Light brilliant violet,9933FF,body_body381,rendered
341,381,bd_psychedelic,psychedelic jumpsuit,1,83,very_dark_gamboge,Very dark gamboge,332819,body_body381,rendered
341,381,bd_psychedelic,psychedelic jumpsuit,2,56,deep_cyan_2,Deep cyan 2,004240,body_body381,rendered
341,381,bd_psychedelic,psychedelic jumpsuit,3,26,deeppink,DeepPink,FF1493,body_body381,rendered
341,381,bd_psychedelic,psychedelic jumpsuit,4,41,deepskyblue,DeepSkyBlue,00BFFF,body_body381,rendered
341,381,bd_psychedelic,psychedelic jumpsuit,5,63,limegreen,LimeGreen,32CD32,body_body381,rendered
341,381,bd_psychedelic,psychedelic jumpsuit,6,5,yellow,Yellow,FFFF00,body_body381,rendered
341,381,bd_psychedelic,psychedelic jumpsuit,7,7,peachpuff,PeachPuff,FFDAB9,body_body381,rendered
342,382,bd_flare,flared miniskirt,0,8,salmon,Salmon,FA8072,body_body382,rendered
342,382,bd_flare,flared miniskirt,1,4,light_brilliant_amber_yellow,Light brilliant amber yellow,FFEC65,body_body382,rendered
342,382,bd_flare,flared miniskirt,2,41,deepskyblue,DeepSkyBlue,00BFFF,body_body382,rendered
342,382,bd_flare,flared miniskirt,3,88,dark_gray,Dark gray,4D4D4D,body_body382,rendered
342,382,bd_flare,flared miniskirt,4,52,steelblue,SteelBlue,4682B4,body_body382,rendered
342,382,bd_flare,flared miniskirt,5,32,mediumpurple,MediumPurple,9370DB,body_body382,rendered
342,382,bd_flare,flared miniskirt,6,58,yellowgreen,YellowGreen,9ACD32,body_body382,rendered
342,382,bd_flare,flared miniskirt,7,30,lavender,Lavender,E6E6FA,body_body382,rendered
343,383,bd_cardigan_sarueru,cardigan & harem pants,0,51,cadetblue,CadetBlue,5F9EA0,body_body383,rendered
343,383,bd_cardigan_sarueru,cardigan & harem pants,1,38,deep_magenta,Deep magenta,5C005C,body_body383,rendered
343,383,bd_cardigan_sarueru,cardigan & harem pants,2,19,darkred,DarkRed,8B0000,body_body383,rendered
343,383,bd_cardigan_sarueru,cardigan & harem pants,3,79,saddlebrown,SaddleBrown,8B4513,body_body383,rendered
343,383,bd_cardigan_sarueru,cardigan & harem pants,4,82,dark_gamboge,Dark gamboge,452F12,body_body383,rendered
343,383,bd_cardigan_sarueru,cardigan & harem pants,5,15,indianred,IndianRed,CD5C5C,body_body383,rendered
343,383,bd_cardigan_sarueru,cardigan & harem pants,6,64,mediumseagreen,MediumSeaGreen,3CB371,body_body383,rendered
343,383,bd_cardigan_sarueru,cardigan & harem pants,7,75,moderate_amber,Moderate amber,886308,body_body383,rendered
344,384,bd_hippie,hippie clothes,0,77,chocolate,Chocolate,D2691E,body_body384,rendered
344,384,bd_hippie,hippie clothes,1,82,dark_gamboge,Dark gamboge,452F12,body_body384,rendered
344,384,bd_hippie,hippie clothes,2,23,very_light_crimson,Very light crimson,FF82AB,body_body384,rendered
344,384,bd_hippie,hippie clothes,3,64,mediumseagreen,MediumSeaGreen,3CB371,body_body384,rendered
344,384,bd_hippie,hippie clothes,4,42,luminous_vivid_azure,Luminous vivid azure,0066FF,body_body384,rendered
344,384,bd_hippie,hippie clothes,5,61,chartreuse,Chartreuse,7FFF00,body_body384,rendered
344,384,bd_hippie,hippie clothes,6,87,gray,Gray,808080,body_body384,rendered
344,384,bd_hippie,hippie clothes,7,80,deep_reddish_brown,Deep reddish brown,560000,body_body384,rendered
345,385,bd_balloon,bubble skirt,0,2,lemonchiffon,LemonChiffon,FFFACD,body_body385,rendered
345,385,bd_balloon,bubble skirt,1,89,very_dark_gray,Very dark gray,333333,body_body385,rendered
345,385,bd_balloon,bubble skirt,2,65,olivedrab,OliveDrab,6B8E23,body_body385,rendered
345,385,bd_balloon,bubble skirt,3,55,darkcyan,DarkCyan,008B8B,body_body385,rendered
345,385,bd_balloon,bubble skirt,4,12,light_brilliant_amber,Light brilliant amber,FFC950,body_body385,rendered
345,385,bd_balloon,bubble skirt,5,19,darkred,DarkRed,8B0000,body_body385,rendered
345,385,bd_balloon,bubble skirt,6,6,gold,Gold,FFD700,body_body385,rendered
345,385,bd_balloon,bubble skirt,7,81,deep_brown_red,Deep brown red,3E1300,body_body385,rendered
346,386,bd_gymnastics,boys' gymnastics clothes,0,17,orangered,OrangeRed,FF4500,body_body386,rendered
346,386,bd_gymnastics,boys' gymnastics clothes,1,85,lightgrey,LightGrey,D3D3D3,body_body386,rendered
346,386,bd_gymnastics,boys' gymnastics clothes,2,28,fuchsia,Fuchsia,FF00FF,body_body386,rendered
346,386,bd_gymnastics,boys' gymnastics clothes,3,54,darkturquoise,DarkTurquoise,00CED1,body_body386,rendered
346,386,bd_gymnastics,boys' gymnastics clothes,4,61,chartreuse,Chartreuse,7FFF00,body_body386,rendered
346,386,bd_gymnastics,boys' gymnastics clothes,5,45,blue,Blue,0000FF,body_body386,rendered
346,386,bd_gymnastics,boys' gymnastics clothes,6,70,rosybrown,RosyBrown,BC8F8F,body_body386,rendered
346,386,bd_gymnastics,boys' gymnastics clothes,7,91,black,Black,000000,body_body386,rendered
347,387,bd_shoulderpad,shoulder-pad dress,0,86,darkgray,DarkGray,A9A9A9,body_body387,rendered
347,387,bd_shoulderpad,shoulder-pad dress,1,19,darkred,DarkRed,8B0000,body_body387,rendered
347,387,bd_shoulderpad,shoulder-pad dress,2,42,luminous_vivid_azure,Luminous vivid azure,0066FF,body_body387,rendered
347,387,bd_shoulderpad,shoulder-pad dress,3,38,deep_magenta,Deep magenta,5C005C,body_body387,rendered
347,387,bd_shoulderpad,shoulder-pad dress,4,61,chartreuse,Chartreuse,7FFF00,body_body387,rendered
347,387,bd_shoulderpad,shoulder-pad dress,5,91,black,Black,000000,body_body387,rendered
347,387,bd_shoulderpad,shoulder-pad dress,6,14,palevioletred,PaleVioletRed,DB7093,body_body387,rendered
347,387,bd_shoulderpad,shoulder-pad dress,7,6,gold,Gold,FFD700,body_body387,rendered
348,388,bd_pirate,pirate outfit,0,91,black,Black,000000,body_body388,rendered
348,388,bd_pirate,pirate outfit,1,74,darkgoldenrod,DarkGoldenrod,B8860B,body_body388,rendered
348,388,bd_pirate,pirate outfit,2,48,deep_blue,Deep blue,000054,body_body388,rendered
348,388,bd_pirate,pirate outfit,3,80,deep_reddish_brown,Deep reddish brown,560000,body_body388,rendered
348,388,bd_pirate,pirate outfit,4,11,orange,Orange,FFA500,body_body388,rendered
348,388,bd_pirate,pirate outfit,5,52,steelblue,SteelBlue,4682B4,body_body388,rendered
348,388,bd_pirate,pirate outfit,6,85,lightgrey,LightGrey,D3D3D3,body_body388,rendered
348,388,bd_pirate,pirate outfit,7,63,limegreen,LimeGreen,32CD32,body_body388,rendered
349,389,bd_lace_maxi,lacy maxi dress,0,84,white,White,FFFFFF,body_body389,rendered
349,389,bd_lace_maxi,lacy maxi dress,1,90,very_dark_gray_2,Very dark gray 2,232323,body_body389,rendered
349,389,bd_lace_maxi,lacy maxi dress,2,75,moderate_amber,Moderate amber,886308,body_body389,rendered
349,389,bd_lace_maxi,lacy maxi dress,3,27,very_light_magenta,Very light magenta,FF99FF,body_body389,rendered
349,389,bd_lace_maxi,lacy maxi dress,4,40,lightskyblue,LightSkyBlue,87CEFA,body_body389,rendered
349,389,bd_lace_maxi,lacy maxi dress,5,58,yellowgreen,YellowGreen,9ACD32,body_body389,rendered
349,389,bd_lace_maxi,lacy maxi dress,6,21,pink,Pink,FFC0CB,body_body389,rendered
349,389,bd_lace_maxi,lacy maxi dress,7,77,chocolate,Chocolate,D2691E,body_body389,rendered
350,390,bd_pawnshop,Pawn Shop uniform,0,79,saddlebrown,SaddleBrown,8B4513,body_body390,rendered
350,390,bd_pawnshop,Pawn Shop uniform,1,6,gold,Gold,FFD700,body_body390,rendered
350,390,bd_pawnshop,Pawn Shop uniform,2,37,darkmagenta,DarkMagenta,8B008B,body_body390,rendered
350,390,bd_pawnshop,Pawn Shop uniform,3,54,darkturquoise,DarkTurquoise,00CED1,body_body390,rendered
350,390,bd_pawnshop,Pawn Shop uniform,4,68,darkgreen,DarkGreen,006400,body_body390,rendered
350,390,bd_pawnshop,Pawn Shop uniform,5,47,darkblue_2,DarkBlue_2,1E1E4C,body_body390,rendered
350,390,bd_pawnshop,Pawn Shop uniform,6,91,black,Black,000000,body_body390,rendered
350,390,bd_pawnshop,Pawn Shop uniform,7,19,darkred,DarkRed,8B0000,body_body390,rendered
351,391,bd_hatshop,Hats uniform,0,84,white,White,FFFFFF,body_body391,rendered
351,391,bd_hatshop,Hats uniform,1,6,gold,Gold,FFD700,body_body391,rendered
351,391,bd_hatshop,Hats uniform,2,91,black,Black,000000,body_body391,rendered
351,391,bd_hatshop,Hats uniform,3,38,deep_magenta,Deep magenta,5C005C,body_body391,rendered
351,391,bd_hatshop,Hats uniform,4,62,lime,Lime,00FF00,body_body391,rendered
351,391,bd_hatshop,Hats uniform,5,56,deep_cyan_2,Deep cyan 2,004240,body_body391,rendered
351,391,bd_hatshop,Hats uniform,6,19,darkred,DarkRed,8B0000,body_body391,rendered
351,391,bd_hatshop,Hats uniform,7,66,olive,Olive,808000,body_body391,rendered
352,392,bd_clothesshop,Clothing uniform,0,8,salmon,Salmon,FA8072,body_body392,rendered
352,392,bd_clothesshop,Clothing uniform,1,25,light_brilliant_crimson,Light brilliant crimson,FF4C87,body_body392,rendered
352,392,bd_clothesshop,Clothing uniform,2,51,cadetblue,CadetBlue,5F9EA0,body_body392,rendered
352,392,bd_clothesshop,Clothing uniform,3,89,very_dark_gray,Very dark gray,333333,body_body392,rendered
352,392,bd_clothesshop,Clothing uniform,4,82,dark_gamboge,Dark gamboge,452F12,body_body392,rendered
352,392,bd_clothesshop,Clothing uniform,5,47,darkblue_2,DarkBlue_2,1E1E4C,body_body392,rendered
352,392,bd_clothesshop,Clothing uniform,6,75,moderate_amber,Moderate amber,886308,body_body392,rendered
352,392,bd_clothesshop,Clothing uniform,7,3,khaki,Khaki,F0E68C,body_body392,rendered
353,393,bd_hero_meka,robo-hero suit,0,18,moderate_red,Moderate red,CB0F0F,body_body393,rendered
353,393,bd_hero_meka,robo-hero suit,1,45,blue,Blue,0000FF,body_body393,rendered
353,393,bd_hero_meka,robo-hero suit,2,86,darkgray,DarkGray,A9A9A9,body_body393,rendered
353,393,bd_hero_meka,robo-hero suit,3,54,darkturquoise,DarkTurquoise,00CED1,body_body393,rendered
353,393,bd_hero_meka,robo-hero suit,4,91,black,Black,000000,body_body393,rendered
353,393,bd_hero_meka,robo-hero suit,5,62,lime,Lime,00FF00,body_body393,rendered
353,393,bd_hero_meka,robo-hero suit,6,28,fuchsia,Fuchsia,FF00FF,body_body393,rendered
354,394,bd_mori_girl,forest-maiden outfit,0,73,goldenrod,Goldenrod,DAA520,body_body394,rendered
354,394,bd_mori_girl,forest-maiden outfit,1,61,chartreuse,Chartreuse,7FFF00,body_body394,rendered
354,394,bd_mori_girl,forest-maiden outfit,2,8,salmon,Salmon,FA8072,body_body394,rendered
354,394,bd_mori_girl,forest-maiden outfit,3,6,gold,Gold,FFD700,body_body394,rendered
354,394,bd_mori_girl,forest-maiden outfit,4,85,lightgrey,LightGrey,D3D3D3,body_body394,rendered
354,394,bd_mori_girl,forest-maiden outfit,5,40,lightskyblue,LightSkyBlue,87CEFA,body_body394,rendered
354,394,bd_mori_girl,forest-maiden outfit,6,18,moderate_red,Moderate red,CB0F0F,body_body394,rendered
355,395,bd_gymnastics_female,girls' gymnastics clothes,0,17,orangered,OrangeRed,FF4500,body_body395,rendered
355,395,bd_gymnastics_female,girls' gymnastics clothes,1,85,lightgrey,LightGrey,D3D3D3,body_body395,rendered
355,395,bd_gymnastics_female,girls' gymnastics clothes,2,28,fuchsia,Fuchsia,FF00FF,body_body395,rendered
355,395,bd_gymnastics_female,girls' gymnastics clothes,3,54,darkturquoise,DarkTurquoise,00CED1,body_body395,rendered
355,395,bd_gymnastics_female,girls' gymnastics clothes,4,61,chartreuse,Chartreuse,7FFF00,body_body395,rendered
355,395,bd_gymnastics_female,girls' gymnastics clothes,5,45,blue,Blue,0000FF,body_body395,rendered
355,395,bd_gymnastics_female,girls' gymnastics clothes,6,70,rosybrown,RosyBrown,BC8F8F,body_body395,rendered
355,395,bd_gymnastics_female,girls' gymnastics clothes,7,91,black,Black,000000,body_body395,rendered
356,396,bd_traveler,traveler gear,0,84,white,White,FFFFFF,body_body396|body_body396F,rendered
356,396,bd_traveler,traveler gear,1,87,gray,Gray,808080,body_body396|body_body396F,rendered
356,396,bd_traveler,traveler gear,2,91,black,Black,000000,body_body396|body_body396F,rendered
357,397,bd_highschool_male,loose-tie outfit,0,87,gray,Gray,808080,body_body397,rendered
357,397,bd_highschool_male,loose-tie outfit,1,32,mediumpurple,MediumPurple,9370DB,body_body397,rendered
357,397,bd_highschool_male,loose-tie outfit,2,64,mediumseagreen,MediumSeaGreen,3CB371,body_body397,rendered
357,397,bd_highschool_male,loose-tie outfit,3,15,indianred,IndianRed,CD5C5C,body_body397,rendered
357,397,bd_highschool_male,loose-tie outfit,4,52,steelblue,SteelBlue,4682B4,body_body397,rendered
358,398,bd_knit_pants,patterned shorts,0,16,red,Red,FF0000,body_body398,rendered
358,398,bd_knit_pants,patterned shorts,1,55,darkcyan,DarkCyan,008B8B,body_body398,rendered
358,398,bd_knit_pants,patterned shorts,2,11,orange,Orange,FFA500,body_body398,rendered
358,398,bd_knit_pants,patterned shorts,3,76,dark_amber,Dark amber,624806,body_body398,rendered
358,398,bd_knit_pants,patterned shorts,4,69,very_deep_green,Very deep green,003300,body_body398,rendered
358,398,bd_knit_pants,patterned shorts,5,84,white,White,FFFFFF,body_body398,rendered
359,399,bd_idolunit_a_female,pop-star outfit,0,19,darkred,DarkRed,8B0000,body_body399,rendered
359,399,bd_idolunit_a_female,pop-star outfit,1,41,deepskyblue,DeepSkyBlue,00BFFF,body_body399,rendered
359,399,bd_idolunit_a_female,pop-star outfit,2,62,lime,Lime,00FF00,body_body399,rendered
359,399,bd_idolunit_a_female,pop-star outfit,3,26,deeppink,DeepPink,FF1493,body_body399,rendered
359,399,bd_idolunit_a_female,pop-star outfit,4,6,gold,Gold,FFD700,body_body399,rendered
359,399,bd_idolunit_a_female,pop-star outfit,5,32,mediumpurple,MediumPurple,9370DB,body_body399,rendered
359,399,bd_idolunit_a_female,pop-star outfit,6,75,moderate_amber,Moderate amber,886308,body_body399,rendered
359,399,bd_idolunit_a_female,pop-star outfit,7,89,very_dark_gray,Very dark gray,333333,body_body399,rendered
360,400,bd_idolunit_b_female,cute-pop-star outfit,0,18,moderate_red,Moderate red,CB0F0F,body_body400,rendered
360,400,bd_idolunit_b_female,cute-pop-star outfit,1,43,royalblue,RoyalBlue,4169E1,body_body400,rendered
360,400,bd_idolunit_b_female,cute-pop-star outfit,2,91,black,Black,000000,body_body400,rendered
360,400,bd_idolunit_b_female,cute-pop-star outfit,3,11,orange,Orange,FFA500,body_body400,rendered
360,400,bd_idolunit_b_female,cute-pop-star outfit,4,62,lime,Lime,00FF00,body_body400,rendered
360,400,bd_idolunit_b_female,cute-pop-star outfit,5,28,fuchsia,Fuchsia,FF00FF,body_body400,rendered
360,400,bd_idolunit_b_female,cute-pop-star outfit,6,56,deep_cyan_2,Deep cyan 2,004240,body_body400,rendered
360,400,bd_idolunit_b_female,cute-pop-star outfit,7,88,dark_gray,Dark gray,4D4D4D,body_body400,rendered
361,401,bd_idolunit_c_female,cool-pop-star outfit,0,6,gold,Gold,FFD700,body_body401,rendered
361,401,bd_idolunit_c_female,cool-pop-star outfit,1,42,luminous_vivid_azure,Luminous vivid azure,0066FF,body_body401,rendered
361,401,bd_idolunit_c_female,cool-pop-star outfit,2,84,white,White,FFFFFF,body_body401,rendered
361,401,bd_idolunit_c_female,cool-pop-star outfit,3,36,indigo,Indigo,4B0082,body_body401,rendered
361,401,bd_idolunit_c_female,cool-pop-star outfit,4,16,red,Red,FF0000,body_body401,rendered
361,401,bd_idolunit_c_female,cool-pop-star outfit,5,48,deep_blue,Deep blue,000054,body_body401,rendered
361,401,bd_idolunit_c_female,cool-pop-star outfit,6,61,chartreuse,Chartreuse,7FFF00,body_body401,rendered
361,401,bd_idolunit_c_female,cool-pop-star outfit,7,26,deeppink,DeepPink,FF1493,body_body401,rendered
362,402,bd_idolunit_a_male,friendly-pop-star outfit,0,47,darkblue_2,DarkBlue_2,1E1E4C,body_body402,rendered
362,402,bd_idolunit_a_male,friendly-pop-star outfit,1,54,darkturquoise,DarkTurquoise,00CED1,body_body402,rendered
362,402,bd_idolunit_a_male,friendly-pop-star outfit,2,74,darkgoldenrod,DarkGoldenrod,B8860B,body_body402,rendered
362,402,bd_idolunit_a_male,friendly-pop-star outfit,3,58,yellowgreen,YellowGreen,9ACD32,body_body402,rendered
362,402,bd_idolunit_a_male,friendly-pop-star outfit,4,78,brown,Brown,A52A2A,body_body402,rendered
362,402,bd_idolunit_a_male,friendly-pop-star outfit,5,6,gold,Gold,FFD700,body_body402,rendered
362,402,bd_idolunit_a_male,friendly-pop-star outfit,6,70,rosybrown,RosyBrown,BC8F8F,body_body402,rendered
362,402,bd_idolunit_a_male,friendly-pop-star outfit,7,88,dark_gray,Dark gray,4D4D4D,body_body402,rendered
363,403,bd_idolunit_b_male,stylish-pop-star outfit,0,91,black,Black,000000,body_body403,rendered
363,403,bd_idolunit_b_male,stylish-pop-star outfit,1,86,darkgray,DarkGray,A9A9A9,body_body403,rendered
363,403,bd_idolunit_b_male,stylish-pop-star outfit,2,84,white,White,FFFFFF,body_body403,rendered
363,403,bd_idolunit_b_male,stylish-pop-star outfit,3,40,lightskyblue,LightSkyBlue,87CEFA,body_body403,rendered
363,403,bd_idolunit_b_male,stylish-pop-star outfit,4,74,darkgoldenrod,DarkGoldenrod,B8860B,body_body403,rendered
363,403,bd_idolunit_b_male,stylish-pop-star outfit,5,19,darkred,DarkRed,8B0000,body_body403,rendered
363,403,bd_idolunit_b_male,stylish-pop-star outfit,6,56,deep_cyan_2,Deep cyan 2,004240,body_body403,rendered
363,403,bd_idolunit_b_male,stylish-pop-star outfit,7,66,olive,Olive,808000,body_body403,rendered
364,404,bd_idolunit_c_male,wild-pop-star outfit,0,85,lightgrey,LightGrey,D3D3D3,body_body404|body_body404F,rendered
364,404,bd_idolunit_c_male,wild-pop-star outfit,1,91,black,Black,000000,body_body404|body_body404F,rendered
364,404,bd_idolunit_c_male,wild-pop-star outfit,2,37,darkmagenta,DarkMagenta,8B008B,body_body404|body_body404F,rendered
364,404,bd_idolunit_c_male,wild-pop-star outfit,3,40,lightskyblue,LightSkyBlue,87CEFA,body_body404|body_body404F,rendered
364,404,bd_idolunit_c_male,wild-pop-star outfit,4,70,rosybrown,RosyBrown,BC8F8F,body_body404|body_body404F,rendered
364,404,bd_idolunit_c_male,wild-pop-star outfit,5,66,olive,Olive,808000,body_body404|body_body404F,rendered
364,404,bd_idolunit_c_male,wild-pop-star outfit,6,56,deep_cyan_2,Deep cyan 2,004240,body_body404|body_body404F,rendered
364,404,bd_idolunit_c_male,wild-pop-star outfit,7,19,darkred,DarkRed,8B0000,body_body404|body_body404F,rendered
365,405,bd_jeans_shortpants,denim shorts,0,39,lightcyan,LightCyan,E0FFFF,body_body405,rendered
365,405,bd_jeans_shortpants,denim shorts,1,6,gold,Gold,FFD700,body_body405,rendered
365,405,bd_jeans_shortpants,denim shorts,2,19,darkred,DarkRed,8B0000,body_body405,rendered
365,405,bd_jeans_shortpants,denim shorts,3,64,mediumseagreen,MediumSeaGreen,3CB371,body_body405,rendered
365,405,bd_jeans_shortpants,denim shorts,4,70,rosybrown,RosyBrown,BC8F8F,body_body405,rendered
365,405,bd_jeans_shortpants,denim shorts,5,82,dark_gamboge,Dark gamboge,452F12,body_body405,rendered
365,405,bd_jeans_shortpants,denim shorts,6,22,lightcoral,LightCoral,F08080,body_body405,rendered
365,405,bd_jeans_shortpants,denim shorts,7,41,deepskyblue,DeepSkyBlue,00BFFF,body_body405,rendered
366,406,bd_pictureT,picture T-shirt,0,5,yellow,Yellow,FFFF00,body_body406,rendered
366,406,bd_pictureT,picture T-shirt,1,87,gray,Gray,808080,body_body406,rendered
366,406,bd_pictureT,picture T-shirt,2,54,darkturquoise,DarkTurquoise,00CED1,body_body406,rendered
366,406,bd_pictureT,picture T-shirt,3,28,fuchsia,Fuchsia,FF00FF,body_body406,rendered
366,406,bd_pictureT,picture T-shirt,4,91,black,Black,000000,body_body406,rendered
367,407,bd_chic_dress,gothic dress,0,91,black,Black,000000,body_body407,rendered
367,407,bd_chic_dress,gothic dress,1,19,darkred,DarkRed,8B0000,body_body407,rendered
367,407,bd_chic_dress,gothic dress,2,48,deep_blue,Deep blue,000054,body_body407,rendered
367,407,bd_chic_dress,gothic dress,3,70,rosybrown,RosyBrown,BC8F8F,body_body407,rendered
367,407,bd_chic_dress,gothic dress,4,56,deep_cyan_2,Deep cyan 2,004240,body_body407,rendered
367,407,bd_chic_dress,gothic dress,5,74,darkgoldenrod,DarkGoldenrod,B8860B,body_body407,rendered
367,407,bd_chic_dress,gothic dress,6,51,cadetblue,CadetBlue,5F9EA0,body_body407,rendered
367,407,bd_chic_dress,gothic dress,7,88,dark_gray,Dark gray,4D4D4D,body_body407,rendered
368,408,bd_dot_tanktop,polka-dot tank top,0,62,lime,Lime,00FF00,body_body408,rendered
368,408,bd_dot_tanktop,polka-dot tank top,1,41,deepskyblue,DeepSkyBlue,00BFFF,body_body408,rendered
368,408,bd_dot_tanktop,polka-dot tank top,2,31,plum,Plum,DDA0DD,body_body408,rendered
368,408,bd_dot_tanktop,polka-dot tank top,3,16,red,Red,FF0000,body_body408,rendered
368,408,bd_dot_tanktop,polka-dot tank top,4,74,darkgoldenrod,DarkGoldenrod,B8860B,body_body408,rendered
368,408,bd_dot_tanktop,polka-dot tank top,5,84,white,White,FFFFFF,body_body408,rendered
368,408,bd_dot_tanktop,polka-dot tank top,6,13,luminous_vivid_orange,Luminous vivid orange,FF6600,body_body408,rendered
368,408,bd_dot_tanktop,polka-dot tank top,7,37,darkmagenta,DarkMagenta,8B008B,body_body408,rendered
369,409,bd_check_piping,checkered-trim dress,0,90,very_dark_gray_2,Very dark gray 2,232323,body_body409,rendered
369,409,bd_check_piping,checkered-trim dress,1,12,light_brilliant_amber,Light brilliant amber,FFC950,body_body409,rendered
369,409,bd_check_piping,checkered-trim dress,2,80,deep_reddish_brown,Deep reddish brown,560000,body_body409,rendered
369,409,bd_check_piping,checkered-trim dress,3,66,olive,Olive,808000,body_body409,rendered
369,409,bd_check_piping,checkered-trim dress,4,46,darkblue,DarkBlue,00008B,body_body409,rendered
369,409,bd_check_piping,checkered-trim dress,5,58,yellowgreen,YellowGreen,9ACD32,body_body409,rendered
369,409,bd_check_piping,checkered-trim dress,6,6,gold,Gold,FFD700,body_body409,rendered
369,409,bd_check_piping,checkered-trim dress,7,84,white,White,FFFFFF,body_body409,rendered
370,410,bd_cherry,cherry romper,0,26,deeppink,DeepPink,FF1493,body_body410,rendered
370,410,bd_cherry,cherry romper,1,54,darkturquoise,DarkTurquoise,00CED1,body_body410,rendered
370,410,bd_cherry,cherry romper,2,17,orangered,OrangeRed,FF4500,body_body410,rendered
370,410,bd_cherry,cherry romper,3,86,darkgray,DarkGray,A9A9A9,body_body410,rendered
370,410,bd_cherry,cherry romper,4,61,chartreuse,Chartreuse,7FFF00,body_body410,rendered
370,410,bd_cherry,cherry romper,5,4,light_brilliant_amber_yellow,Light brilliant amber yellow,FFEC65,body_body410,rendered
370,410,bd_cherry,cherry romper,6,18,moderate_red,Moderate red,CB0F0F,body_body410,rendered
370,410,bd_cherry,cherry romper,7,42,luminous_vivid_azure,Luminous vivid azure,0066FF,body_body410,rendered
371,411,bd_balloon_dress,bubble dress,0,91,black,Black,000000,body_body411,rendered
371,411,bd_balloon_dress,bubble dress,1,4,light_brilliant_amber_yellow,Light brilliant amber yellow,FFEC65,body_body411,rendered
371,411,bd_balloon_dress,bubble dress,2,85,lightgrey,LightGrey,D3D3D3,body_body411,rendered
371,411,bd_balloon_dress,bubble dress,3,15,indianred,IndianRed,CD5C5C,body_body411,rendered
371,411,bd_balloon_dress,bubble dress,4,58,yellowgreen,YellowGreen,9ACD32,body_body411,rendered
371,411,bd_balloon_dress,bubble dress,5,73,goldenrod,Goldenrod,DAA520,body_body411,rendered
371,411,bd_balloon_dress,bubble dress,6,31,plum,Plum,DDA0DD,body_body411,rendered
371,411,bd_balloon_dress,bubble dress,7,51,cadetblue,CadetBlue,5F9EA0,body_body411,rendered
372,412,bd_traveler_great,super-traveler gear,0,88,dark_gray,Dark gray,4D4D4D,body_body412|body_body412F,rendered
372,412,bd_traveler_great,super-traveler gear,1,74,darkgoldenrod,DarkGoldenrod,B8860B,body_body412|body_body412F,rendered
373,888,bd_us888,American-version clothes,0,91,black,Black,000000,,missing_physical_asset
373,888,bd_us888,American-version clothes,1,91,black,Black,000000,,missing_physical_asset
373,888,bd_us888,American-version clothes,2,91,black,Black,000000,,missing_physical_asset
373,888,bd_us888,American-version clothes,3,91,black,Black,000000,,missing_physical_asset
373,888,bd_us888,American-version clothes,4,91,black,Black,000000,,missing_physical_asset
373,888,bd_us888,American-version clothes,5,91,black,Black,000000,,missing_physical_asset
373,888,bd_us888,American-version clothes,6,91,black,Black,000000,,missing_physical_asset
373,888,bd_us888,American-version clothes,7,91,black,Black,000000,,missing_physical_asset
374,889,bd_eu889,,0,78,brown,Brown,A52A2A,,missing_physical_asset
374,889,bd_eu889,,1,78,brown,Brown,A52A2A,,missing_physical_asset
374,889,bd_eu889,,2,78,brown,Brown,A52A2A,,missing_physical_asset
374,889,bd_eu889,,3,78,brown,Brown,A52A2A,,missing_physical_asset
374,889,bd_eu889,,4,78,brown,Brown,A52A2A,,missing_physical_asset
374,889,bd_eu889,,5,78,brown,Brown,A52A2A,,missing_physical_asset
374,889,bd_eu889,,6,78,brown,Brown,A52A2A,,missing_physical_asset
374,889,bd_eu889,,7,78,brown,Brown,A52A2A,,missing_physical_asset
375,413,bd_child_covers,swaddling clothes,0,4,light_brilliant_amber_yellow,Light brilliant amber yellow,FFEC65,body_body413,rendered
375,413,bd_child_covers,swaddling clothes,1,4,light_brilliant_amber_yellow,Light brilliant amber yellow,FFEC65,body_body413,rendered
375,413,bd_child_covers,swaddling clothes,2,4,light_brilliant_amber_yellow,Light brilliant amber yellow,FFEC65,body_body413,rendered
375,413,bd_child_covers,swaddling clothes,3,4,light_brilliant_amber_yellow,Light brilliant amber yellow,FFEC65,body_body413,rendered
375,413,bd_child_covers,swaddling clothes,4,4,light_brilliant_amber_yellow,Light brilliant amber yellow,FFEC65,body_body413,rendered
375,413,bd_child_covers,swaddling clothes,5,4,light_brilliant_amber_yellow,Light brilliant amber yellow,FFEC65,body_body413,rendered
375,413,bd_child_covers,swaddling clothes,6,4,light_brilliant_amber_yellow,Light brilliant amber yellow,FFEC65,body_body413,rendered
375,413,bd_child_covers,swaddling clothes,7,4,light_brilliant_amber_yellow,Light brilliant amber yellow,FFEC65,body_body413,rendered
376,414,bd_child_rompersA,cuddling clothes,0,55,darkcyan,DarkCyan,008B8B,body_body414,rendered
376,414,bd_child_rompersA,cuddling clothes,1,45,blue,Blue,0000FF,body_body414,rendered
376,414,bd_child_rompersA,cuddling clothes,2,62,lime,Lime,00FF00,body_body414,rendered
376,414,bd_child_rompersA,cuddling clothes,3,6,gold,Gold,FFD700,body_body414,rendered
376,414,bd_child_rompersA,cuddling clothes,4,34,light_brilliant_violet,Light brilliant violet,9933FF,body_body414,rendered
376,414,bd_child_rompersA,cuddling clothes,5,25,light_brilliant_crimson,Light brilliant crimson,FF4C87,body_body414,rendered
376,414,bd_child_rompersA,cuddling clothes,6,13,luminous_vivid_orange,Luminous vivid orange,FF6600,body_body414,rendered
376,414,bd_child_rompersA,cuddling clothes,7,16,red,Red,FF0000,body_body414,rendered
377,415,bd_child_rompersB,crawling clothes,0,54,darkturquoise,DarkTurquoise,00CED1,body_body415,rendered
377,415,bd_child_rompersB,crawling clothes,1,44,moderate_blue,Moderate blue,323296,body_body415,rendered
377,415,bd_child_rompersB,crawling clothes,2,61,chartreuse,Chartreuse,7FFF00,body_body415,rendered
377,415,bd_child_rompersB,crawling clothes,3,6,gold,Gold,FFD700,body_body415,rendered
377,415,bd_child_rompersB,crawling clothes,4,34,light_brilliant_violet,Light brilliant violet,9933FF,body_body415,rendered
377,415,bd_child_rompersB,crawling clothes,5,24,hotpink,HotPink,FF69B4,body_body415,rendered
377,415,bd_child_rompersB,crawling clothes,6,13,luminous_vivid_orange,Luminous vivid orange,FF6600,body_body415,rendered
377,415,bd_child_rompersB,crawling clothes,7,16,red,Red,FF0000,body_body415,rendered
378,416,bd_child_TshirtsA,bouncing clothes,0,54,darkturquoise,DarkTurquoise,00CED1,body_body416,rendered
378,416,bd_child_TshirtsA,bouncing clothes,1,45,blue,Blue,0000FF,body_body416,rendered
378,416,bd_child_TshirtsA,bouncing clothes,2,61,chartreuse,Chartreuse,7FFF00,body_body416,rendered
378,416,bd_child_TshirtsA,bouncing clothes,3,6,gold,Gold,FFD700,body_body416,rendered
378,416,bd_child_TshirtsA,bouncing clothes,4,34,light_brilliant_violet,Light brilliant violet,9933FF,body_body416,rendered
378,416,bd_child_TshirtsA,bouncing clothes,5,26,deeppink,DeepPink,FF1493,body_body416,rendered
378,416,bd_child_TshirtsA,bouncing clothes,6,13,luminous_vivid_orange,Luminous vivid orange,FF6600,body_body416,rendered
378,416,bd_child_TshirtsA,bouncing clothes,7,16,red,Red,FF0000,body_body416,rendered
379,417,bd_child_TshirtsB,first-steps clothes,0,55,darkcyan,DarkCyan,008B8B,body_body417,rendered
379,417,bd_child_TshirtsB,first-steps clothes,1,45,blue,Blue,0000FF,body_body417,rendered
379,417,bd_child_TshirtsB,first-steps clothes,2,63,limegreen,LimeGreen,32CD32,body_body417,rendered
379,417,bd_child_TshirtsB,first-steps clothes,3,73,goldenrod,Goldenrod,DAA520,body_body417,rendered
379,417,bd_child_TshirtsB,first-steps clothes,4,37,darkmagenta,DarkMagenta,8B008B,body_body417,rendered
379,417,bd_child_TshirtsB,first-steps clothes,5,25,light_brilliant_crimson,Light brilliant crimson,FF4C87,body_body417,rendered
379,417,bd_child_TshirtsB,first-steps clothes,6,17,orangered,OrangeRed,FF4500,body_body417,rendered
379,417,bd_child_TshirtsB,first-steps clothes,7,16,red,Red,FF0000,body_body417,rendered
380,418,bd_child_shortpants,boys' toddling clothes,0,41,deepskyblue,DeepSkyBlue,00BFFF,body_body418,rendered
380,418,bd_child_shortpants,boys' toddling clothes,1,44,moderate_blue,Moderate blue,323296,body_body418,rendered
380,418,bd_child_shortpants,boys' toddling clothes,2,63,limegreen,LimeGreen,32CD32,body_body418,rendered
380,418,bd_child_shortpants,boys' toddling clothes,3,73,goldenrod,Goldenrod,DAA520,body_body418,rendered
380,418,bd_child_shortpants,boys' toddling clothes,4,34,light_brilliant_violet,Light brilliant violet,9933FF,body_body418,rendered
380,418,bd_child_shortpants,boys' toddling clothes,5,24,hotpink,HotPink,FF69B4,body_body418,rendered
380,418,bd_child_shortpants,boys' toddling clothes,6,13,luminous_vivid_orange,Luminous vivid orange,FF6600,body_body418,rendered
380,418,bd_child_shortpants,boys' toddling clothes,7,16,red,Red,FF0000,body_body418,rendered
381,419,bd_child_skirt,girls' toddling clothes,0,54,darkturquoise,DarkTurquoise,00CED1,body_body419,rendered
381,419,bd_child_skirt,girls' toddling clothes,1,42,luminous_vivid_azure,Luminous vivid azure,0066FF,body_body419,rendered
381,419,bd_child_skirt,girls' toddling clothes,2,61,chartreuse,Chartreuse,7FFF00,body_body419,rendered
381,419,bd_child_skirt,girls' toddling clothes,3,59,light_brilliant_yellow_lime,Light brilliant yellow lime,E7FF33,body_body419,rendered
381,419,bd_child_skirt,girls' toddling clothes,4,37,darkmagenta,DarkMagenta,8B008B,body_body419,rendered
381,419,bd_child_skirt,girls' toddling clothes,5,25,light_brilliant_crimson,Light brilliant crimson,FF4C87,body_body419,rendered
381,419,bd_child_skirt,girls' toddling clothes,6,17,orangered,OrangeRed,FF4500,body_body419,rendered
381,419,bd_child_skirt,girls' toddling clothes,7,18,moderate_red,Moderate red,CB0F0F,body_body419,rendered
382,420,bd_importshop,Import Wear uniform,0,86,darkgray,DarkGray,A9A9A9,body_body420,rendered
382,420,bd_importshop,Import Wear uniform,1,73,goldenrod,Goldenrod,DAA520,body_body420,rendered
382,420,bd_importshop,Import Wear uniform,2,70,rosybrown,RosyBrown,BC8F8F,body_body420,rendered
382,420,bd_importshop,Import Wear uniform,3,68,darkgreen,DarkGreen,006400,body_body420,rendered
382,420,bd_importshop,Import Wear uniform,4,37,darkmagenta,DarkMagenta,8B008B,body_body420,rendered
382,420,bd_importshop,Import Wear uniform,5,43,royalblue,RoyalBlue,4169E1,body_body420,rendered
382,420,bd_importshop,Import Wear uniform,6,77,chocolate,Chocolate,D2691E,body_body420,rendered
382,420,bd_importshop,Import Wear uniform,7,18,moderate_red,Moderate red,CB0F0F,body_body420,rendered
383,421,bd_bordertunic,striped tunic,0,18,moderate_red,Moderate red,CB0F0F,body_body421,rendered
383,421,bd_bordertunic,striped tunic,1,46,darkblue,DarkBlue,00008B,body_body421,rendered
383,421,bd_bordertunic,striped tunic,2,63,limegreen,LimeGreen,32CD32,body_body421,rendered
383,421,bd_bordertunic,striped tunic,3,87,gray,Gray,808080,body_body421,rendered
383,421,bd_bordertunic,striped tunic,4,73,goldenrod,Goldenrod,DAA520,body_body421,rendered
383,421,bd_bordertunic,striped tunic,5,37,darkmagenta,DarkMagenta,8B008B,body_body421,rendered
383,421,bd_bordertunic,striped tunic,6,68,darkgreen,DarkGreen,006400,body_body421,rendered
383,421,bd_bordertunic,striped tunic,7,77,chocolate,Chocolate,D2691E,body_body421,rendered
384,422,bd_boutai,bow blouse,0,85,lightgrey,LightGrey,D3D3D3,body_body422,rendered
384,422,bd_boutai,bow blouse,1,56,deep_cyan_2,Deep cyan 2,004240,body_body422,rendered
384,422,bd_boutai,bow blouse,2,12,light_brilliant_amber,Light brilliant amber,FFC950,body_body422,rendered
384,422,bd_boutai,bow blouse,3,91,black,Black,000000,body_body422,rendered
384,422,bd_boutai,bow blouse,4,66,olive,Olive,808000,body_body422,rendered
384,422,bd_boutai,bow blouse,5,15,indianred,IndianRed,CD5C5C,body_body422,rendered
384,422,bd_boutai,bow blouse,6,52,steelblue,SteelBlue,4682B4,body_body422,rendered
384,422,bd_boutai,bow blouse,7,58,yellowgreen,YellowGreen,9ACD32,body_body422,rendered
385,423,bd_tunic_leggings,tunic & leggings,0,32,mediumpurple,MediumPurple,9370DB,body_body423,rendered
385,423,bd_tunic_leggings,tunic & leggings,1,22,lightcoral,LightCoral,F08080,body_body423,rendered
385,423,bd_tunic_leggings,tunic & leggings,2,19,darkred,DarkRed,8B0000,body_body423,rendered
385,423,bd_tunic_leggings,tunic & leggings,3,11,orange,Orange,FFA500,body_body423,rendered
385,423,bd_tunic_leggings,tunic & leggings,4,47,darkblue_2,DarkBlue_2,1E1E4C,body_body423,rendered
385,423,bd_tunic_leggings,tunic & leggings,5,69,very_deep_green,Very deep green,003300,body_body423,rendered
385,423,bd_tunic_leggings,tunic & leggings,6,82,dark_gamboge,Dark gamboge,452F12,body_body423,rendered
385,423,bd_tunic_leggings,tunic & leggings,7,91,black,Black,000000,body_body423,rendered
386,424,bd_halfcoat_skirt,coat & skirt,0,19,darkred,DarkRed,8B0000,body_body424,rendered
386,424,bd_halfcoat_skirt,coat & skirt,1,89,very_dark_gray,Very dark gray,333333,body_body424,rendered
386,424,bd_halfcoat_skirt,coat & skirt,2,73,goldenrod,Goldenrod,DAA520,body_body424,rendered
386,424,bd_halfcoat_skirt,coat & skirt,3,44,moderate_blue,Moderate blue,323296,body_body424,rendered
386,424,bd_halfcoat_skirt,coat & skirt,4,82,dark_gamboge,Dark gamboge,452F12,body_body424,rendered
386,424,bd_halfcoat_skirt,coat & skirt,5,6,gold,Gold,FFD700,body_body424,rendered
386,424,bd_halfcoat_skirt,coat & skirt,6,69,very_deep_green,Very deep green,003300,body_body424,rendered
386,424,bd_halfcoat_skirt,coat & skirt,7,36,indigo,Indigo,4B0082,body_body424,rendered
387,425,bd_turtleneck_skirt,ladies' turtleneck,0,1,ivory,Ivory,FFFFF0,body_body425,rendered
387,425,bd_turtleneck_skirt,ladies' turtleneck,1,11,orange,Orange,FFA500,body_body425,rendered
387,425,bd_turtleneck_skirt,ladies' turtleneck,2,19,darkred,DarkRed,8B0000,body_body425,rendered
387,425,bd_turtleneck_skirt,ladies' turtleneck,3,50,aquamarine,Aquamarine,7FFFD4,body_body425,rendered
387,425,bd_turtleneck_skirt,ladies' turtleneck,4,23,very_light_crimson,Very light crimson,FF82AB,body_body425,rendered
387,425,bd_turtleneck_skirt,ladies' turtleneck,5,90,very_dark_gray_2,Very dark gray 2,232323,body_body425,rendered
387,425,bd_turtleneck_skirt,ladies' turtleneck,6,69,very_deep_green,Very deep green,003300,body_body425,rendered
387,425,bd_turtleneck_skirt,ladies' turtleneck,7,47,darkblue_2,DarkBlue_2,1E1E4C,body_body425,rendered
388,426,bd_marine_blouse,sailor dress,0,46,darkblue,DarkBlue,00008B,body_body426,rendered
388,426,bd_marine_blouse,sailor dress,1,16,red,Red,FF0000,body_body426,rendered
388,426,bd_marine_blouse,sailor dress,2,37,darkmagenta,DarkMagenta,8B008B,body_body426,rendered
388,426,bd_marine_blouse,sailor dress,3,6,gold,Gold,FFD700,body_body426,rendered
388,426,bd_marine_blouse,sailor dress,4,13,luminous_vivid_orange,Luminous vivid orange,FF6600,body_body426,rendered
388,426,bd_marine_blouse,sailor dress,5,42,luminous_vivid_azure,Luminous vivid azure,0066FF,body_body426,rendered
388,426,bd_marine_blouse,sailor dress,6,62,lime,Lime,00FF00,body_body426,rendered
388,426,bd_marine_blouse,sailor dress,7,82,dark_gamboge,Dark gamboge,452F12,body_body426,rendered
389,427,bd_tailord_jacket,silk blazer,0,22,lightcoral,LightCoral,F08080,body_body427,rendered
389,427,bd_tailord_jacket,silk blazer,1,51,cadetblue,CadetBlue,5F9EA0,body_body427,rendered
389,427,bd_tailord_jacket,silk blazer,2,56,deep_cyan_2,Deep cyan 2,004240,body_body427,rendered
389,427,bd_tailord_jacket,silk blazer,3,90,very_dark_gray_2,Very dark gray 2,232323,body_body427,rendered
389,427,bd_tailord_jacket,silk blazer,4,71,burlywood,BurlyWood,DEB887,body_body427,rendered
389,427,bd_tailord_jacket,silk blazer,5,4,light_brilliant_amber_yellow,Light brilliant amber yellow,FFEC65,body_body427,rendered
389,427,bd_tailord_jacket,silk blazer,6,38,deep_magenta,Deep magenta,5C005C,body_body427,rendered
389,427,bd_tailord_jacket,silk blazer,7,58,yellowgreen,YellowGreen,9ACD32,body_body427,rendered
390,428,bd_pocket_shirts,pocket shirt,0,13,luminous_vivid_orange,Luminous vivid orange,FF6600,body_body428,rendered
390,428,bd_pocket_shirts,pocket shirt,1,90,very_dark_gray_2,Very dark gray 2,232323,body_body428,rendered
390,428,bd_pocket_shirts,pocket shirt,2,68,darkgreen,DarkGreen,006400,body_body428,rendered
390,428,bd_pocket_shirts,pocket shirt,3,34,light_brilliant_violet,Light brilliant violet,9933FF,body_body428,rendered
390,428,bd_pocket_shirts,pocket shirt,4,61,chartreuse,Chartreuse,7FFF00,body_body428,rendered
390,428,bd_pocket_shirts,pocket shirt,5,23,very_light_crimson,Very light crimson,FF82AB,body_body428,rendered
390,428,bd_pocket_shirts,pocket shirt,6,18,moderate_red,Moderate red,CB0F0F,body_body428,rendered
390,428,bd_pocket_shirts,pocket shirt,7,6,gold,Gold,FFD700,body_body428,rendered
391,429,bd_suspender_skirt,skirt & suspenders,0,23,very_light_crimson,Very light crimson,FF82AB,body_body429,rendered
391,429,bd_suspender_skirt,skirt & suspenders,1,40,lightskyblue,LightSkyBlue,87CEFA,body_body429,rendered
391,429,bd_suspender_skirt,skirt & suspenders,2,63,limegreen,LimeGreen,32CD32,body_body429,rendered
391,429,bd_suspender_skirt,skirt & suspenders,3,73,goldenrod,Goldenrod,DAA520,body_body429,rendered
391,429,bd_suspender_skirt,skirt & suspenders,4,48,deep_blue,Deep blue,000054,body_body429,rendered
391,429,bd_suspender_skirt,skirt & suspenders,5,68,darkgreen,DarkGreen,006400,body_body429,rendered
391,429,bd_suspender_skirt,skirt & suspenders,6,19,darkred,DarkRed,8B0000,body_body429,rendered
391,429,bd_suspender_skirt,skirt & suspenders,7,90,very_dark_gray_2,Very dark gray 2,232323,body_body429,rendered
392,430,bd_cachecoeurT,ballet top,0,43,royalblue,RoyalBlue,4169E1,body_body430,rendered
392,430,bd_cachecoeurT,ballet top,1,8,salmon,Salmon,FA8072,body_body430,rendered
392,430,bd_cachecoeurT,ballet top,2,87,gray,Gray,808080,body_body430,rendered
392,430,bd_cachecoeurT,ballet top,3,56,deep_cyan_2,Deep cyan 2,004240,body_body430,rendered
392,430,bd_cachecoeurT,ballet top,4,48,deep_blue,Deep blue,000054,body_body430,rendered
392,430,bd_cachecoeurT,ballet top,5,65,olivedrab,OliveDrab,6B8E23,body_body430,rendered
392,430,bd_cachecoeurT,ballet top,6,91,black,Black,000000,body_body430,rendered
392,430,bd_cachecoeurT,ballet top,7,77,chocolate,Chocolate,D2691E,body_body430,rendered
393,431,bd_vneck_cutsaw,V-neck top,0,36,indigo,Indigo,4B0082,body_body431,rendered
393,431,bd_vneck_cutsaw,V-neck top,1,58,yellowgreen,YellowGreen,9ACD32,body_body431,rendered
393,431,bd_vneck_cutsaw,V-neck top,2,82,dark_gamboge,Dark gamboge,452F12,body_body431,rendered
393,431,bd_vneck_cutsaw,V-neck top,3,84,white,White,FFFFFF,body_body431,rendered
393,431,bd_vneck_cutsaw,V-neck top,4,52,steelblue,SteelBlue,4682B4,body_body431,rendered
393,431,bd_vneck_cutsaw,V-neck top,5,10,tomato,Tomato,FF6347,body_body431,rendered
393,431,bd_vneck_cutsaw,V-neck top,6,87,gray,Gray,808080,body_body431,rendered
393,431,bd_vneck_cutsaw,V-neck top,7,91,black,Black,000000,body_body431,rendered
394,432,bd_gym_wear,gym clothes,0,47,darkblue_2,DarkBlue_2,1E1E4C,body_body432,rendered
394,432,bd_gym_wear,gym clothes,1,38,deep_magenta,Deep magenta,5C005C,body_body432,rendered
394,432,bd_gym_wear,gym clothes,2,23,very_light_crimson,Very light crimson,FF82AB,body_body432,rendered
394,432,bd_gym_wear,gym clothes,3,90,very_dark_gray_2,Very dark gray 2,232323,body_body432,rendered
394,432,bd_gym_wear,gym clothes,4,73,goldenrod,Goldenrod,DAA520,body_body432,rendered
394,432,bd_gym_wear,gym clothes,5,42,luminous_vivid_azure,Luminous vivid azure,0066FF,body_body432,rendered
394,432,bd_gym_wear,gym clothes,6,64,mediumseagreen,MediumSeaGreen,3CB371,body_body432,rendered
394,432,bd_gym_wear,gym clothes,7,19,darkred,DarkRed,8B0000,body_body432,rendered
395,433,bd_girl_santa,Santa dress,0,18,moderate_red,Moderate red,CB0F0F,body_body433,rendered
395,433,bd_girl_santa,Santa dress,1,46,darkblue,DarkBlue,00008B,body_body433,rendered
395,433,bd_girl_santa,Santa dress,2,6,gold,Gold,FFD700,body_body433,rendered
395,433,bd_girl_santa,Santa dress,3,24,hotpink,HotPink,FF69B4,body_body433,rendered
395,433,bd_girl_santa,Santa dress,4,68,darkgreen,DarkGreen,006400,body_body433,rendered
395,433,bd_girl_santa,Santa dress,5,89,very_dark_gray,Very dark gray,333333,body_body433,rendered
395,433,bd_girl_santa,Santa dress,6,37,darkmagenta,DarkMagenta,8B008B,body_body433,rendered
395,433,bd_girl_santa,Santa dress,7,41,deepskyblue,DeepSkyBlue,00BFFF,body_body433,rendered
396,434,bd_raglan_pants,raglan shirt,0,47,darkblue_2,DarkBlue_2,1E1E4C,body_body434,rendered
396,434,bd_raglan_pants,raglan shirt,1,18,moderate_red,Moderate red,CB0F0F,body_body434,rendered
396,434,bd_raglan_pants,raglan shirt,2,91,black,Black,000000,body_body434,rendered
396,434,bd_raglan_pants,raglan shirt,3,74,darkgoldenrod,DarkGoldenrod,B8860B,body_body434,rendered
396,434,bd_raglan_pants,raglan shirt,4,38,deep_magenta,Deep magenta,5C005C,body_body434,rendered
396,434,bd_raglan_pants,raglan shirt,5,29,mediumvioletred,MediumVioletRed,C71585,body_body434,rendered
396,434,bd_raglan_pants,raglan shirt,6,13,luminous_vivid_orange,Luminous vivid orange,FF6600,body_body434,rendered
396,434,bd_raglan_pants,raglan shirt,7,6,gold,Gold,FFD700,body_body434,rendered
397,435,bd_uneck_cutsaw,scoop-neck top,0,84,white,White,FFFFFF,body_body435,rendered
397,435,bd_uneck_cutsaw,scoop-neck top,1,70,rosybrown,RosyBrown,BC8F8F,body_body435,rendered
397,435,bd_uneck_cutsaw,scoop-neck top,2,86,darkgray,DarkGray,A9A9A9,body_body435,rendered
397,435,bd_uneck_cutsaw,scoop-neck top,3,72,tan,Tan,D2B48C,body_body435,rendered
397,435,bd_uneck_cutsaw,scoop-neck top,4,51,cadetblue,CadetBlue,5F9EA0,body_body435,rendered
397,435,bd_uneck_cutsaw,scoop-neck top,5,23,very_light_crimson,Very light crimson,FF82AB,body_body435,rendered
397,435,bd_uneck_cutsaw,scoop-neck top,6,11,orange,Orange,FFA500,body_body435,rendered
397,435,bd_uneck_cutsaw,scoop-neck top,7,78,brown,Brown,A52A2A,body_body435,rendered
398,436,bd_dungaree,dungaree shirt,0,51,cadetblue,CadetBlue,5F9EA0,body_body436,rendered
398,436,bd_dungaree,dungaree shirt,1,75,moderate_amber,Moderate amber,886308,body_body436,rendered
398,436,bd_dungaree,dungaree shirt,2,78,brown,Brown,A52A2A,body_body436,rendered
398,436,bd_dungaree,dungaree shirt,3,68,darkgreen,DarkGreen,006400,body_body436,rendered
398,436,bd_dungaree,dungaree shirt,4,70,rosybrown,RosyBrown,BC8F8F,body_body436,rendered
398,436,bd_dungaree,dungaree shirt,5,47,darkblue_2,DarkBlue_2,1E1E4C,body_body436,rendered
398,436,bd_dungaree,dungaree shirt,6,56,deep_cyan_2,Deep cyan 2,004240,body_body436,rendered
398,436,bd_dungaree,dungaree shirt,7,88,dark_gray,Dark gray,4D4D4D,body_body436,rendered
399,437,bd_tennis_boy,tennis outfit,0,84,white,White,FFFFFF,body_body437,rendered
399,437,bd_tennis_boy,tennis outfit,1,23,very_light_crimson,Very light crimson,FF82AB,body_body437,rendered
399,437,bd_tennis_boy,tennis outfit,2,60,greenyellow,GreenYellow,ADFF2F,body_body437,rendered
399,437,bd_tennis_boy,tennis outfit,3,6,gold,Gold,FFD700,body_body437,rendered
399,437,bd_tennis_boy,tennis outfit,4,44,moderate_blue,Moderate blue,323296,body_body437,rendered
399,437,bd_tennis_boy,tennis outfit,5,56,deep_cyan_2,Deep cyan 2,004240,body_body437,rendered
399,437,bd_tennis_boy,tennis outfit,6,91,black,Black,000000,body_body437,rendered
399,437,bd_tennis_boy,tennis outfit,7,41,deepskyblue,DeepSkyBlue,00BFFF,body_body437,rendered
400,438,bd_check_shirts,checked dress shirt,0,67,darkolivegreen,DarkOliveGreen,556B2F,body_body438,rendered
400,438,bd_check_shirts,checked dress shirt,1,88,dark_gray,Dark gray,4D4D4D,body_body438,rendered
400,438,bd_check_shirts,checked dress shirt,2,51,cadetblue,CadetBlue,5F9EA0,body_body438,rendered
400,438,bd_check_shirts,checked dress shirt,3,22,lightcoral,LightCoral,F08080,body_body438,rendered
400,438,bd_check_shirts,checked dress shirt,4,47,darkblue_2,DarkBlue_2,1E1E4C,body_body438,rendered
400,438,bd_check_shirts,checked dress shirt,5,11,orange,Orange,FFA500,body_body438,rendered
400,438,bd_check_shirts,checked dress shirt,6,78,brown,Brown,A52A2A,body_body438,rendered
400,438,bd_check_shirts,checked dress shirt,7,56,deep_cyan_2,Deep cyan 2,004240,body_body438,rendered
401,439,bd_lacevest,crocheted vest,0,77,chocolate,Chocolate,D2691E,body_body439,rendered
401,439,bd_lacevest,crocheted vest,1,1,ivory,Ivory,FFFFF0,body_body439,rendered
401,439,bd_lacevest,crocheted vest,2,70,rosybrown,RosyBrown,BC8F8F,body_body439,rendered
401,439,bd_lacevest,crocheted vest,3,51,cadetblue,CadetBlue,5F9EA0,body_body439,rendered
401,439,bd_lacevest,crocheted vest,4,67,darkolivegreen,DarkOliveGreen,556B2F,body_body439,rendered
401,439,bd_lacevest,crocheted vest,5,47,darkblue_2,DarkBlue_2,1E1E4C,body_body439,rendered
401,439,bd_lacevest,crocheted vest,6,82,dark_gamboge,Dark gamboge,452F12,body_body439,rendered
401,439,bd_lacevest,crocheted vest,7,88,dark_gray,Dark gray,4D4D4D,body_body439,rendered
402,440,bd_T_shortpants,T-shirt & shorts,0,84,white,White,FFFFFF,body_body440,rendered
402,440,bd_T_shortpants,T-shirt & shorts,1,48,deep_blue,Deep blue,000054,body_body440,rendered
402,440,bd_T_shortpants,T-shirt & shorts,2,61,chartreuse,Chartreuse,7FFF00,body_body440,rendered
402,440,bd_T_shortpants,T-shirt & shorts,3,4,light_brilliant_amber_yellow,Light brilliant amber yellow,FFEC65,body_body440,rendered
402,440,bd_T_shortpants,T-shirt & shorts,4,19,darkred,DarkRed,8B0000,body_body440,rendered
402,440,bd_T_shortpants,T-shirt & shorts,5,75,moderate_amber,Moderate amber,886308,body_body440,rendered
402,440,bd_T_shortpants,T-shirt & shorts,6,91,black,Black,000000,body_body440,rendered
402,440,bd_T_shortpants,T-shirt & shorts,7,40,lightskyblue,LightSkyBlue,87CEFA,body_body440,rendered
403,441,bd_largeuniform,oversized jersey,0,16,red,Red,FF0000,body_body441,rendered
403,441,bd_largeuniform,oversized jersey,1,75,moderate_amber,Moderate amber,886308,body_body441,rendered
403,441,bd_largeuniform,oversized jersey,2,88,dark_gray,Dark gray,4D4D4D,body_body441,rendered
403,441,bd_largeuniform,oversized jersey,3,28,fuchsia,Fuchsia,FF00FF,body_body441,rendered
403,441,bd_largeuniform,oversized jersey,4,62,lime,Lime,00FF00,body_body441,rendered
403,441,bd_largeuniform,oversized jersey,5,41,deepskyblue,DeepSkyBlue,00BFFF,body_body441,rendered
403,441,bd_largeuniform,oversized jersey,6,13,luminous_vivid_orange,Luminous vivid orange,FF6600,body_body441,rendered
403,441,bd_largeuniform,oversized jersey,7,46,darkblue,DarkBlue,00008B,body_body441,rendered
404,442,bd_gongfu,kung-fu shirt,0,18,moderate_red,Moderate red,CB0F0F,body_body442,rendered
404,442,bd_gongfu,kung-fu shirt,1,91,black,Black,000000,body_body442,rendered
404,442,bd_gongfu,kung-fu shirt,2,73,goldenrod,Goldenrod,DAA520,body_body442,rendered
404,442,bd_gongfu,kung-fu shirt,3,13,luminous_vivid_orange,Luminous vivid orange,FF6600,body_body442,rendered
404,442,bd_gongfu,kung-fu shirt,4,65,olivedrab,OliveDrab,6B8E23,body_body442,rendered
404,442,bd_gongfu,kung-fu shirt,5,25,light_brilliant_crimson,Light brilliant crimson,FF4C87,body_body442,rendered
404,442,bd_gongfu,kung-fu shirt,6,54,darkturquoise,DarkTurquoise,00CED1,body_body442,rendered
404,442,bd_gongfu,kung-fu shirt,7,85,lightgrey,LightGrey,D3D3D3,body_body442,rendered
405,443,bd_knit_jeans,woolly sweater,0,88,dark_gray,Dark gray,4D4D4D,body_body443,rendered
405,443,bd_knit_jeans,woolly sweater,1,6,gold,Gold,FFD700,body_body443,rendered
405,443,bd_knit_jeans,woolly sweater,2,51,cadetblue,CadetBlue,5F9EA0,body_body443,rendered
405,443,bd_knit_jeans,woolly sweater,3,15,indianred,IndianRed,CD5C5C,body_body443,rendered
405,443,bd_knit_jeans,woolly sweater,4,1,ivory,Ivory,FFFFF0,body_body443,rendered
405,443,bd_knit_jeans,woolly sweater,5,34,light_brilliant_violet,Light brilliant violet,9933FF,body_body443,rendered
405,443,bd_knit_jeans,woolly sweater,6,19,darkred,DarkRed,8B0000,body_body443,rendered
405,443,bd_knit_jeans,woolly sweater,7,75,moderate_amber,Moderate amber,886308,body_body443,rendered
406,444,bd_hamster,hamster suit,0,13,luminous_vivid_orange,Luminous vivid orange,FF6600,body_body444,rendered
406,444,bd_hamster,hamster suit,1,51,cadetblue,CadetBlue,5F9EA0,body_body444,rendered
406,444,bd_hamster,hamster suit,2,73,goldenrod,Goldenrod,DAA520,body_body444,rendered
406,444,bd_hamster,hamster suit,3,87,gray,Gray,808080,body_body444,rendered
406,444,bd_hamster,hamster suit,4,12,light_brilliant_amber,Light brilliant amber,FFC950,body_body444,rendered
406,444,bd_hamster,hamster suit,5,79,saddlebrown,SaddleBrown,8B4513,body_body444,rendered
406,444,bd_hamster,hamster suit,6,47,darkblue_2,DarkBlue_2,1E1E4C,body_body444,rendered
406,444,bd_hamster,hamster suit,7,91,black,Black,000000,body_body444,rendered
407,445,bd_blouse_flaret,flared skirt,0,52,steelblue,SteelBlue,4682B4,body_body445,rendered
407,445,bd_blouse_flaret,flared skirt,1,9,coral,Coral,FF7F50,body_body445,rendered
407,445,bd_blouse_flaret,flared skirt,2,65,olivedrab,OliveDrab,6B8E23,body_body445,rendered
407,445,bd_blouse_flaret,flared skirt,3,38,deep_magenta,Deep magenta,5C005C,body_body445,rendered
407,445,bd_blouse_flaret,flared skirt,4,71,burlywood,BurlyWood,DEB887,body_body445,rendered
407,445,bd_blouse_flaret,flared skirt,5,47,darkblue_2,DarkBlue_2,1E1E4C,body_body445,rendered
407,445,bd_blouse_flaret,flared skirt,6,73,goldenrod,Goldenrod,DAA520,body_body445,rendered
408,446,bd_nightie_gauze,gauze nightdress,0,20,mistyrose,MistyRose,FFE4E1,body_body446,rendered
408,446,bd_nightie_gauze,gauze nightdress,1,31,plum,Plum,DDA0DD,body_body446,rendered
408,446,bd_nightie_gauze,gauze nightdress,2,3,khaki,Khaki,F0E68C,body_body446,rendered
408,446,bd_nightie_gauze,gauze nightdress,3,49,paleturquoise,PaleTurquoise,AFEEEE,body_body446,rendered
408,446,bd_nightie_gauze,gauze nightdress,4,80,deep_reddish_brown,Deep reddish brown,560000,body_body446,rendered
408,446,bd_nightie_gauze,gauze nightdress,5,67,darkolivegreen,DarkOliveGreen,556B2F,body_body446,rendered
408,446,bd_nightie_gauze,gauze nightdress,6,90,very_dark_gray_2,Very dark gray 2,232323,body_body446,rendered
409,447,bd_Yshirts_shortpants,dress shirt & shorts,0,2,lemonchiffon,LemonChiffon,FFFACD,body_body447,rendered
409,447,bd_Yshirts_shortpants,dress shirt & shorts,1,57,palegreen,PaleGreen,98FB98,body_body447,rendered
409,447,bd_Yshirts_shortpants,dress shirt & shorts,2,73,goldenrod,Goldenrod,DAA520,body_body447,rendered
409,447,bd_Yshirts_shortpants,dress shirt & shorts,3,72,tan,Tan,D2B48C,body_body447,rendered
409,447,bd_Yshirts_shortpants,dress shirt & shorts,4,6,gold,Gold,FFD700,body_body447,rendered
409,447,bd_Yshirts_shortpants,dress shirt & shorts,5,80,deep_reddish_brown,Deep reddish brown,560000,body_body447,rendered
409,447,bd_Yshirts_shortpants,dress shirt & shorts,6,56,deep_cyan_2,Deep cyan 2,004240,body_body447,rendered
409,447,bd_Yshirts_shortpants,dress shirt & shorts,7,79,saddlebrown,SaddleBrown,8B4513,body_body447,rendered
410,448,bd_whiteshirts_pants,white shirt,0,80,deep_reddish_brown,Deep reddish brown,560000,body_body448,rendered
410,448,bd_whiteshirts_pants,white shirt,1,75,moderate_amber,Moderate amber,886308,body_body448,rendered
410,448,bd_whiteshirts_pants,white shirt,2,58,yellowgreen,YellowGreen,9ACD32,body_body448,rendered
410,448,bd_whiteshirts_pants,white shirt,3,44,moderate_blue,Moderate blue,323296,body_body448,rendered
410,448,bd_whiteshirts_pants,white shirt,4,22,lightcoral,LightCoral,F08080,body_body448,rendered
410,448,bd_whiteshirts_pants,white shirt,5,77,chocolate,Chocolate,D2691E,body_body448,rendered
410,448,bd_whiteshirts_pants,white shirt,6,69,very_deep_green,Very deep green,003300,body_body448,rendered
410,448,bd_whiteshirts_pants,white shirt,7,50,aquamarine,Aquamarine,7FFFD4,body_body448,rendered
411,449,bd_jersey_jeans,training jacket,0,16,red,Red,FF0000,body_body449,rendered
411,449,bd_jersey_jeans,training jacket,1,42,luminous_vivid_azure,Luminous vivid azure,0066FF,body_body449,rendered
411,449,bd_jersey_jeans,training jacket,2,61,chartreuse,Chartreuse,7FFF00,body_body449,rendered
411,449,bd_jersey_jeans,training jacket,3,13,luminous_vivid_orange,Luminous vivid orange,FF6600,body_body449,rendered
411,449,bd_jersey_jeans,training jacket,4,68,darkgreen,DarkGreen,006400,body_body449,rendered
411,449,bd_jersey_jeans,training jacket,5,88,dark_gray,Dark gray,4D4D4D,body_body449,rendered
411,449,bd_jersey_jeans,training jacket,6,37,darkmagenta,DarkMagenta,8B008B,body_body449,rendered
411,449,bd_jersey_jeans,training jacket,7,45,blue,Blue,0000FF,body_body449,rendered
412,450,bd_jumper_skirt,denim dress,0,1,ivory,Ivory,FFFFF0,body_body450,rendered
412,450,bd_jumper_skirt,denim dress,1,4,light_brilliant_amber_yellow,Light brilliant amber yellow,FFEC65,body_body450,rendered
412,450,bd_jumper_skirt,denim dress,2,16,red,Red,FF0000,body_body450,rendered
412,450,bd_jumper_skirt,denim dress,3,25,light_brilliant_crimson,Light brilliant crimson,FF4C87,body_body450,rendered
412,450,bd_jumper_skirt,denim dress,4,48,deep_blue,Deep blue,000054,body_body450,rendered
412,450,bd_jumper_skirt,denim dress,5,68,darkgreen,DarkGreen,006400,body_body450,rendered
412,450,bd_jumper_skirt,denim dress,6,90,very_dark_gray_2,Very dark gray 2,232323,body_body450,rendered
412,450,bd_jumper_skirt,denim dress,7,17,orangered,OrangeRed,FF4500,body_body450,rendered
413,451,bd_cutsaw_widepants,flared trousers,0,2,lemonchiffon,LemonChiffon,FFFACD,body_body451,rendered
413,451,bd_cutsaw_widepants,flared trousers,1,91,black,Black,000000,body_body451,rendered
413,451,bd_cutsaw_widepants,flared trousers,2,74,darkgoldenrod,DarkGoldenrod,B8860B,body_body451,rendered
413,451,bd_cutsaw_widepants,flared trousers,3,70,rosybrown,RosyBrown,BC8F8F,body_body451,rendered
413,451,bd_cutsaw_widepants,flared trousers,4,68,darkgreen,DarkGreen,006400,body_body451,rendered
413,451,bd_cutsaw_widepants,flared trousers,5,46,darkblue,DarkBlue,00008B,body_body451,rendered
413,451,bd_cutsaw_widepants,flared trousers,6,38,deep_magenta,Deep magenta,5C005C,body_body451,rendered
413,451,bd_cutsaw_widepants,flared trousers,7,11,orange,Orange,FFA500,body_body451,rendered
414,452,bd_down_parka,down vest,0,74,darkgoldenrod,DarkGoldenrod,B8860B,body_body452,rendered
414,452,bd_down_parka,down vest,1,84,white,White,FFFFFF,body_body452,rendered
414,452,bd_down_parka,down vest,2,90,very_dark_gray_2,Very dark gray 2,232323,body_body452,rendered
414,452,bd_down_parka,down vest,3,13,luminous_vivid_orange,Luminous vivid orange,FF6600,body_body452,rendered
414,452,bd_down_parka,down vest,4,69,very_deep_green,Very deep green,003300,body_body452,rendered
414,452,bd_down_parka,down vest,5,48,deep_blue,Deep blue,000054,body_body452,rendered
414,452,bd_down_parka,down vest,6,79,saddlebrown,SaddleBrown,8B4513,body_body452,rendered
414,452,bd_down_parka,down vest,7,55,darkcyan,DarkCyan,008B8B,body_body452,rendered
415,453,bd_monpe,,0,47,darkblue_2,DarkBlue_2,1E1E4C,,missing_physical_asset
415,453,bd_monpe,,1,34,light_brilliant_violet,Light brilliant violet,9933FF,,missing_physical_asset
415,453,bd_monpe,,2,25,light_brilliant_crimson,Light brilliant crimson,FF4C87,,missing_physical_asset
415,453,bd_monpe,,3,55,darkcyan,DarkCyan,008B8B,,missing_physical_asset
415,453,bd_monpe,,4,66,olive,Olive,808000,,missing_physical_asset
415,453,bd_monpe,,5,77,chocolate,Chocolate,D2691E,,missing_physical_asset
415,453,bd_monpe,,6,91,black,Black,000000,,missing_physical_asset
415,453,bd_monpe,,7,80,deep_reddish_brown,Deep reddish brown,560000,,missing_physical_asset
416,454,bd_tank_top_cargo,cargo pants,0,68,darkgreen,DarkGreen,006400,body_body454,rendered
416,454,bd_tank_top_cargo,cargo pants,1,74,darkgoldenrod,DarkGoldenrod,B8860B,body_body454,rendered
416,454,bd_tank_top_cargo,cargo pants,2,38,deep_magenta,Deep magenta,5C005C,body_body454,rendered
416,454,bd_tank_top_cargo,cargo pants,3,42,luminous_vivid_azure,Luminous vivid azure,0066FF,body_body454,rendered
416,454,bd_tank_top_cargo,cargo pants,4,64,mediumseagreen,MediumSeaGreen,3CB371,body_body454,rendered
416,454,bd_tank_top_cargo,cargo pants,5,82,dark_gamboge,Dark gamboge,452F12,body_body454,rendered
416,454,bd_tank_top_cargo,cargo pants,6,87,gray,Gray,808080,body_body454,rendered
417,455,bd_cotton_cardigan,button cardigan,0,47,darkblue_2,DarkBlue_2,1E1E4C,body_body455,rendered
417,455,bd_cotton_cardigan,button cardigan,1,77,chocolate,Chocolate,D2691E,body_body455,rendered
417,455,bd_cotton_cardigan,button cardigan,2,80,deep_reddish_brown,Deep reddish brown,560000,body_body455,rendered
417,455,bd_cotton_cardigan,button cardigan,3,74,darkgoldenrod,DarkGoldenrod,B8860B,body_body455,rendered
417,455,bd_cotton_cardigan,button cardigan,4,66,olive,Olive,808000,body_body455,rendered
417,455,bd_cotton_cardigan,button cardigan,5,52,steelblue,SteelBlue,4682B4,body_body455,rendered
417,455,bd_cotton_cardigan,button cardigan,6,37,darkmagenta,DarkMagenta,8B008B,body_body455,rendered
417,455,bd_cotton_cardigan,button cardigan,7,88,dark_gray,Dark gray,4D4D4D,body_body455,rendered
418,456,bd_flyingjacket,flight jacket,0,65,olivedrab,OliveDrab,6B8E23,body_body456,rendered
418,456,bd_flyingjacket,flight jacket,1,87,gray,Gray,808080,body_body456,rendered
418,456,bd_flyingjacket,flight jacket,2,81,deep_brown_red,Deep brown red,3E1300,body_body456,rendered
418,456,bd_flyingjacket,flight jacket,3,91,black,Black,000000,body_body456,rendered
418,456,bd_flyingjacket,flight jacket,4,11,orange,Orange,FFA500,body_body456,rendered
418,456,bd_flyingjacket,flight jacket,5,19,darkred,DarkRed,8B0000,body_body456,rendered
418,456,bd_flyingjacket,flight jacket,6,47,darkblue_2,DarkBlue_2,1E1E4C,body_body456,rendered
418,456,bd_flyingjacket,flight jacket,7,75,moderate_amber,Moderate amber,886308,body_body456,rendered
419,457,bd_parka_03,girly hoodie,0,1,ivory,Ivory,FFFFF0,body_body457,rendered
419,457,bd_parka_03,girly hoodie,1,90,very_dark_gray_2,Very dark gray 2,232323,body_body457,rendered
419,457,bd_parka_03,girly hoodie,2,58,yellowgreen,YellowGreen,9ACD32,body_body457,rendered
419,457,bd_parka_03,girly hoodie,3,38,deep_magenta,Deep magenta,5C005C,body_body457,rendered
419,457,bd_parka_03,girly hoodie,4,40,lightskyblue,LightSkyBlue,87CEFA,body_body457,rendered
419,457,bd_parka_03,girly hoodie,5,25,light_brilliant_crimson,Light brilliant crimson,FF4C87,body_body457,rendered
419,457,bd_parka_03,girly hoodie,6,55,darkcyan,DarkCyan,008B8B,body_body457,rendered
419,457,bd_parka_03,girly hoodie,7,19,darkred,DarkRed,8B0000,body_body457,rendered
420,458,bd_sari,sari,0,42,luminous_vivid_azure,Luminous vivid azure,0066FF,body_body458,rendered
420,458,bd_sari,sari,1,37,darkmagenta,DarkMagenta,8B008B,body_body458,rendered
420,458,bd_sari,sari,2,91,black,Black,000000,body_body458,rendered
420,458,bd_sari,sari,3,18,moderate_red,Moderate red,CB0F0F,body_body458,rendered
420,458,bd_sari,sari,4,63,limegreen,LimeGreen,32CD32,body_body458,rendered
420,458,bd_sari,sari,5,9,coral,Coral,FF7F50,body_body458,rendered
420,458,bd_sari,sari,6,47,darkblue_2,DarkBlue_2,1E1E4C,body_body458,rendered
420,458,bd_sari,sari,7,4,light_brilliant_amber_yellow,Light brilliant amber yellow,FFEC65,body_body458,rendered
421,459,bd_kappa,,0,65,olivedrab,OliveDrab,6B8E23,,missing_physical_asset
421,459,bd_kappa,,1,26,deeppink,DeepPink,FF1493,,missing_physical_asset
421,459,bd_kappa,,2,44,moderate_blue,Moderate blue,323296,,missing_physical_asset
421,459,bd_kappa,,3,18,moderate_red,Moderate red,CB0F0F,,missing_physical_asset
421,459,bd_kappa,,4,6,gold,Gold,FFD700,,missing_physical_asset
421,459,bd_kappa,,5,90,very_dark_gray_2,Very dark gray 2,232323,,missing_physical_asset
421,459,bd_kappa,,6,37,darkmagenta,DarkMagenta,8B008B,,missing_physical_asset
421,459,bd_kappa,,7,62,lime,Lime,00FF00,,missing_physical_asset
422,460,bd_untidy_Yshirts,long-day outfit,0,88,dark_gray,Dark gray,4D4D4D,body_body460,rendered
422,460,bd_untidy_Yshirts,long-day outfit,1,81,deep_brown_red,Deep brown red,3E1300,body_body460,rendered
422,460,bd_untidy_Yshirts,long-day outfit,2,67,darkolivegreen,DarkOliveGreen,556B2F,body_body460,rendered
422,460,bd_untidy_Yshirts,long-day outfit,3,51,cadetblue,CadetBlue,5F9EA0,body_body460,rendered
422,460,bd_untidy_Yshirts,long-day outfit,4,84,white,White,FFFFFF,body_body460,rendered
422,460,bd_untidy_Yshirts,long-day outfit,5,15,indianred,IndianRed,CD5C5C,body_body460,rendered
422,460,bd_untidy_Yshirts,long-day outfit,6,47,darkblue_2,DarkBlue_2,1E1E4C,body_body460,rendered
422,460,bd_untidy_Yshirts,long-day outfit,7,91,black,Black,000000,body_body460,rendered
423,461,bd_bee,bee suit,0,6,gold,Gold,FFD700,body_body461,rendered
423,461,bd_bee,bee suit,1,16,red,Red,FF0000,body_body461,rendered
423,461,bd_bee,bee suit,2,42,luminous_vivid_azure,Luminous vivid azure,0066FF,body_body461,rendered
423,461,bd_bee,bee suit,3,62,lime,Lime,00FF00,body_body461,rendered
423,461,bd_bee,bee suit,4,74,darkgoldenrod,DarkGoldenrod,B8860B,body_body461,rendered
423,461,bd_bee,bee suit,5,84,white,White,FFFFFF,body_body461,rendered
423,461,bd_bee,bee suit,6,88,dark_gray,Dark gray,4D4D4D,body_body461,rendered
424,462,bd_kimono_male,,0,47,darkblue_2,DarkBlue_2,1E1E4C,,missing_physical_asset
424,462,bd_kimono_male,,1,74,darkgoldenrod,DarkGoldenrod,B8860B,,missing_physical_asset
424,462,bd_kimono_male,,2,37,darkmagenta,DarkMagenta,8B008B,,missing_physical_asset
424,462,bd_kimono_male,,3,51,cadetblue,CadetBlue,5F9EA0,,missing_physical_asset
424,462,bd_kimono_male,,4,67,darkolivegreen,DarkOliveGreen,556B2F,,missing_physical_asset
424,462,bd_kimono_male,,5,87,gray,Gray,808080,,missing_physical_asset
424,462,bd_kimono_male,,6,56,deep_cyan_2,Deep cyan 2,004240,,missing_physical_asset
424,462,bd_kimono_male,,7,82,dark_gamboge,Dark gamboge,452F12,,missing_physical_asset
425,463,bd_hakama4,,0,91,black,Black,000000,,missing_physical_asset
425,463,bd_hakama4,,1,84,white,White,FFFFFF,,missing_physical_asset
425,463,bd_hakama4,,2,74,darkgoldenrod,DarkGoldenrod,B8860B,,missing_physical_asset
425,463,bd_hakama4,,3,36,indigo,Indigo,4B0082,,missing_physical_asset
425,463,bd_hakama4,,4,13,luminous_vivid_orange,Luminous vivid orange,FF6600,,missing_physical_asset
425,463,bd_hakama4,,5,47,darkblue_2,DarkBlue_2,1E1E4C,,missing_physical_asset
425,463,bd_hakama4,,6,25,light_brilliant_crimson,Light brilliant crimson,FF4C87,,missing_physical_asset
425,463,bd_hakama4,,7,54,darkturquoise,DarkTurquoise,00CED1,,missing_physical_asset
426,464,bd_kimono_female,,0,40,lightskyblue,LightSkyBlue,87CEFA,,missing_physical_asset
426,464,bd_kimono_female,,1,29,mediumvioletred,MediumVioletRed,C71585,,missing_physical_asset
426,464,bd_kimono_female,,2,58,yellowgreen,YellowGreen,9ACD32,,missing_physical_asset
426,464,bd_kimono_female,,3,71,burlywood,BurlyWood,DEB887,,missing_physical_asset
426,464,bd_kimono_female,,4,86,darkgray,DarkGray,A9A9A9,,missing_physical_asset
426,464,bd_kimono_female,,5,6,gold,Gold,FFD700,,missing_physical_asset
426,464,bd_kimono_female,,6,15,indianred,IndianRed,CD5C5C,,missing_physical_asset
426,464,bd_kimono_female,,7,91,black,Black,000000,,missing_physical_asset
427,465,bd_prince,Prince Charming outfit,0,42,luminous_vivid_azure,Luminous vivid azure,0066FF,body_body465,rendered
427,465,bd_prince,Prince Charming outfit,1,5,yellow,Yellow,FFFF00,body_body465,rendered
427,465,bd_prince,Prince Charming outfit,2,19,darkred,DarkRed,8B0000,body_body465,rendered
427,465,bd_prince,Prince Charming outfit,3,56,deep_cyan_2,Deep cyan 2,004240,body_body465,rendered
427,465,bd_prince,Prince Charming outfit,4,34,light_brilliant_violet,Light brilliant violet,9933FF,body_body465,rendered
427,465,bd_prince,Prince Charming outfit,5,91,black,Black,000000,body_body465,rendered
427,465,bd_prince,Prince Charming outfit,6,61,chartreuse,Chartreuse,7FFF00,body_body465,rendered
427,465,bd_prince,Prince Charming outfit,7,50,aquamarine,Aquamarine,7FFFD4,body_body465,rendered
428,466,bd_arabia_king,Arabian-prince outfit,0,34,light_brilliant_violet,Light brilliant violet,9933FF,body_body466|body_body466F,rendered
428,466,bd_arabia_king,Arabian-prince outfit,1,91,black,Black,000000,body_body466|body_body466F,rendered
428,466,bd_arabia_king,Arabian-prince outfit,2,16,red,Red,FF0000,body_body466|body_body466F,rendered
428,466,bd_arabia_king,Arabian-prince outfit,3,66,olive,Olive,808000,body_body466|body_body466F,rendered
428,466,bd_arabia_king,Arabian-prince outfit,4,54,darkturquoise,DarkTurquoise,00CED1,body_body466|body_body466F,rendered
428,466,bd_arabia_king,Arabian-prince outfit,5,74,darkgoldenrod,DarkGoldenrod,B8860B,body_body466|body_body466F,rendered
428,466,bd_arabia_king,Arabian-prince outfit,6,26,deeppink,DeepPink,FF1493,body_body466|body_body466F,rendered
428,466,bd_arabia_king,Arabian-prince outfit,7,45,blue,Blue,0000FF,body_body466|body_body466F,rendered
429,467,bd_panda,panda suit,0,91,black,Black,000000,body_body467,rendered
429,467,bd_panda,panda suit,1,22,lightcoral,LightCoral,F08080,body_body467,rendered
429,467,bd_panda,panda suit,2,61,chartreuse,Chartreuse,7FFF00,body_body467,rendered
429,467,bd_panda,panda suit,3,82,dark_gamboge,Dark gamboge,452F12,body_body467,rendered
429,467,bd_panda,panda suit,4,48,deep_blue,Deep blue,000054,body_body467,rendered
429,467,bd_panda,panda suit,5,75,moderate_amber,Moderate amber,886308,body_body467,rendered
429,467,bd_panda,panda suit,6,55,darkcyan,DarkCyan,008B8B,body_body467,rendered
429,467,bd_panda,panda suit,7,19,darkred,DarkRed,8B0000,body_body467,rendered
430,468,bd_tuxed_mini,mini dinner jacket,0,91,black,Black,000000,body_body468,rendered
430,468,bd_tuxed_mini,mini dinner jacket,1,14,palevioletred,PaleVioletRed,DB7093,body_body468,rendered
430,468,bd_tuxed_mini,mini dinner jacket,2,19,darkred,DarkRed,8B0000,body_body468,rendered
430,468,bd_tuxed_mini,mini dinner jacket,3,48,deep_blue,Deep blue,000054,body_body468,rendered
430,468,bd_tuxed_mini,mini dinner jacket,4,54,darkturquoise,DarkTurquoise,00CED1,body_body468,rendered
430,468,bd_tuxed_mini,mini dinner jacket,5,69,very_deep_green,Very deep green,003300,body_body468,rendered
430,468,bd_tuxed_mini,mini dinner jacket,6,73,goldenrod,Goldenrod,DAA520,body_body468,rendered
430,468,bd_tuxed_mini,mini dinner jacket,7,84,white,White,FFFFFF,body_body468,rendered
431,469,bd_fril_dress,frilled dress,0,25,light_brilliant_crimson,Light brilliant crimson,FF4C87,body_body469,rendered
431,469,bd_fril_dress,frilled dress,1,55,darkcyan,DarkCyan,008B8B,body_body469,rendered
431,469,bd_fril_dress,frilled dress,2,68,darkgreen,DarkGreen,006400,body_body469,rendered
431,469,bd_fril_dress,frilled dress,3,18,moderate_red,Moderate red,CB0F0F,body_body469,rendered
431,469,bd_fril_dress,frilled dress,4,74,darkgoldenrod,DarkGoldenrod,B8860B,body_body469,rendered
431,469,bd_fril_dress,frilled dress,5,86,darkgray,DarkGray,A9A9A9,body_body469,rendered
431,469,bd_fril_dress,frilled dress,6,37,darkmagenta,DarkMagenta,8B008B,body_body469,rendered
431,469,bd_fril_dress,frilled dress,7,42,luminous_vivid_azure,Luminous vivid azure,0066FF,body_body469,rendered
432,470,bd_bee_mini,mini bee suit,0,6,gold,Gold,FFD700,body_body470,rendered
432,470,bd_bee_mini,mini bee suit,1,16,red,Red,FF0000,body_body470,rendered
432,470,bd_bee_mini,mini bee suit,2,42,luminous_vivid_azure,Luminous vivid azure,0066FF,body_body470,rendered
432,470,bd_bee_mini,mini bee suit,3,62,lime,Lime,00FF00,body_body470,rendered
432,470,bd_bee_mini,mini bee suit,4,74,darkgoldenrod,DarkGoldenrod,B8860B,body_body470,rendered
432,470,bd_bee_mini,mini bee suit,5,84,white,White,FFFFFF,body_body470,rendered
432,470,bd_bee_mini,mini bee suit,6,88,dark_gray,Dark gray,4D4D4D,body_body470,rendered
433,471,bd_strawberry,strawberry suit,0,16,red,Red,FF0000,body_body471,rendered
433,471,bd_strawberry,strawberry suit,1,59,light_brilliant_yellow_lime,Light brilliant yellow lime,E7FF33,body_body471,rendered
433,471,bd_strawberry,strawberry suit,2,8,salmon,Salmon,FA8072,body_body471,rendered
433,471,bd_strawberry,strawberry suit,3,11,orange,Orange,FFA500,body_body471,rendered
433,471,bd_strawberry,strawberry suit,4,26,deeppink,DeepPink,FF1493,body_body471,rendered
433,471,bd_strawberry,strawberry suit,5,80,deep_reddish_brown,Deep reddish brown,560000,body_body471,rendered
434,472,bd_cow,cow suit,0,90,very_dark_gray_2,Very dark gray 2,232323,body_body472,rendered
434,472,bd_cow,cow suit,1,19,darkred,DarkRed,8B0000,body_body472,rendered
434,472,bd_cow,cow suit,2,79,saddlebrown,SaddleBrown,8B4513,body_body472,rendered
434,472,bd_cow,cow suit,3,47,darkblue_2,DarkBlue_2,1E1E4C,body_body472,rendered
434,472,bd_cow,cow suit,4,69,very_deep_green,Very deep green,003300,body_body472,rendered
434,472,bd_cow,cow suit,5,75,moderate_amber,Moderate amber,886308,body_body472,rendered
434,472,bd_cow,cow suit,6,87,gray,Gray,808080,body_body472,rendered
434,472,bd_cow,cow suit,7,13,luminous_vivid_orange,Luminous vivid orange,FF6600,body_body472,rendered
435,473,bd_bear_mini,baby-bear suit,0,80,deep_reddish_brown,Deep reddish brown,560000,body_body473,rendered
435,473,bd_bear_mini,baby-bear suit,1,83,very_dark_gamboge,Very dark gamboge,332819,body_body473,rendered
435,473,bd_bear_mini,baby-bear suit,2,55,darkcyan,DarkCyan,008B8B,body_body473,rendered
435,473,bd_bear_mini,baby-bear suit,3,2,lemonchiffon,LemonChiffon,FFFACD,body_body473,rendered
435,473,bd_bear_mini,baby-bear suit,4,23,very_light_crimson,Very light crimson,FF82AB,body_body473,rendered
435,473,bd_bear_mini,baby-bear suit,5,73,goldenrod,Goldenrod,DAA520,body_body473,rendered
435,473,bd_bear_mini,baby-bear suit,6,77,chocolate,Chocolate,D2691E,body_body473,rendered
435,473,bd_bear_mini,baby-bear suit,7,62,lime,Lime,00FF00,body_body473,rendered
436,474,bd_chick_mini,mini baby-chick suit,0,11,orange,Orange,FFA500,body_body474,rendered
436,474,bd_chick_mini,mini baby-chick suit,1,8,salmon,Salmon,FA8072,body_body474,rendered
436,474,bd_chick_mini,mini baby-chick suit,2,77,chocolate,Chocolate,D2691E,body_body474,rendered
436,474,bd_chick_mini,mini baby-chick suit,3,91,black,Black,000000,body_body474,rendered
436,474,bd_chick_mini,mini baby-chick suit,4,3,khaki,Khaki,F0E68C,body_body474,rendered
436,474,bd_chick_mini,mini baby-chick suit,5,17,orangered,OrangeRed,FF4500,body_body474,rendered
436,474,bd_chick_mini,mini baby-chick suit,6,56,deep_cyan_2,Deep cyan 2,004240,body_body474,rendered
436,474,bd_chick_mini,mini baby-chick suit,7,34,light_brilliant_violet,Light brilliant violet,9933FF,body_body474,rendered
437,475,bd_cat_mini,kitten suit,0,73,goldenrod,Goldenrod,DAA520,body_body475,rendered
437,475,bd_cat_mini,kitten suit,1,81,deep_brown_red,Deep brown red,3E1300,body_body475,rendered
437,475,bd_cat_mini,kitten suit,2,88,dark_gray,Dark gray,4D4D4D,body_body475,rendered
437,475,bd_cat_mini,kitten suit,3,37,darkmagenta,DarkMagenta,8B008B,body_body475,rendered
437,475,bd_cat_mini,kitten suit,4,91,black,Black,000000,body_body475,rendered
437,475,bd_cat_mini,kitten suit,5,66,olive,Olive,808000,body_body475,rendered
437,475,bd_cat_mini,kitten suit,6,87,gray,Gray,808080,body_body475,rendered
437,475,bd_cat_mini,kitten suit,7,79,saddlebrown,SaddleBrown,8B4513,body_body475,rendered
438,476,bd_dog_mini,cute puppy suit,0,73,goldenrod,Goldenrod,DAA520,body_body476,rendered
438,476,bd_dog_mini,cute puppy suit,1,91,black,Black,000000,body_body476,rendered
438,476,bd_dog_mini,cute puppy suit,2,71,burlywood,BurlyWood,DEB887,body_body476,rendered
438,476,bd_dog_mini,cute puppy suit,3,6,gold,Gold,FFD700,body_body476,rendered
438,476,bd_dog_mini,cute puppy suit,4,81,deep_brown_red,Deep brown red,3E1300,body_body476,rendered
438,476,bd_dog_mini,cute puppy suit,5,30,lavender,Lavender,E6E6FA,body_body476,rendered
438,476,bd_dog_mini,cute puppy suit,6,82,dark_gamboge,Dark gamboge,452F12,body_body476,rendered
438,476,bd_dog_mini,cute puppy suit,7,87,gray,Gray,808080,body_body476,rendered
439,477,bd_kappa_mini,,0,65,olivedrab,OliveDrab,6B8E23,,missing_physical_asset
439,477,bd_kappa_mini,,1,26,deeppink,DeepPink,FF1493,,missing_physical_asset
439,477,bd_kappa_mini,,2,44,moderate_blue,Moderate blue,323296,,missing_physical_asset
439,477,bd_kappa_mini,,3,18,moderate_red,Moderate red,CB0F0F,,missing_physical_asset
439,477,bd_kappa_mini,,4,6,gold,Gold,FFD700,,missing_physical_asset
439,477,bd_kappa_mini,,5,90,very_dark_gray_2,Very dark gray 2,232323,,missing_physical_asset
439,477,bd_kappa_mini,,6,37,darkmagenta,DarkMagenta,8B008B,,missing_physical_asset
439,477,bd_kappa_mini,,7,62,lime,Lime,00FF00,,missing_physical_asset
440,478,bd_bowling_shirt,bowling shirt,0,41,deepskyblue,DeepSkyBlue,00BFFF,body_body478,rendered
440,478,bd_bowling_shirt,bowling shirt,1,16,red,Red,FF0000,body_body478,rendered
440,478,bd_bowling_shirt,bowling shirt,2,88,dark_gray,Dark gray,4D4D4D,body_body478,rendered
440,478,bd_bowling_shirt,bowling shirt,3,62,lime,Lime,00FF00,body_body478,rendered
440,478,bd_bowling_shirt,bowling shirt,4,73,goldenrod,Goldenrod,DAA520,body_body478,rendered
440,478,bd_bowling_shirt,bowling shirt,5,28,fuchsia,Fuchsia,FF00FF,body_body478,rendered
440,478,bd_bowling_shirt,bowling shirt,6,17,orangered,OrangeRed,FF4500,body_body478,rendered
441,479,bd_boat_captain,captain uniform,0,47,darkblue_2,DarkBlue_2,1E1E4C,body_body479,rendered
441,479,bd_boat_captain,captain uniform,1,66,olive,Olive,808000,body_body479,rendered
441,479,bd_boat_captain,captain uniform,2,74,darkgoldenrod,DarkGoldenrod,B8860B,body_body479,rendered
441,479,bd_boat_captain,captain uniform,3,69,very_deep_green,Very deep green,003300,body_body479,rendered
441,479,bd_boat_captain,captain uniform,4,86,darkgray,DarkGray,A9A9A9,body_body479,rendered
441,479,bd_boat_captain,captain uniform,5,15,indianred,IndianRed,CD5C5C,body_body479,rendered
441,479,bd_boat_captain,captain uniform,6,90,very_dark_gray_2,Very dark gray 2,232323,body_body479,rendered
441,479,bd_boat_captain,captain uniform,7,19,darkred,DarkRed,8B0000,body_body479,rendered
442,480,bd_disco_outfit,disco suit,0,84,white,White,FFFFFF,body_body480,rendered
442,480,bd_disco_outfit,disco suit,1,38,deep_magenta,Deep magenta,5C005C,body_body480,rendered
442,480,bd_disco_outfit,disco suit,2,48,deep_blue,Deep blue,000054,body_body480,rendered
442,480,bd_disco_outfit,disco suit,3,74,darkgoldenrod,DarkGoldenrod,B8860B,body_body480,rendered
442,480,bd_disco_outfit,disco suit,4,81,deep_brown_red,Deep brown red,3E1300,body_body480,rendered
442,480,bd_disco_outfit,disco suit,5,72,tan,Tan,D2B48C,body_body480,rendered
442,480,bd_disco_outfit,disco suit,6,89,very_dark_gray,Very dark gray,333333,body_body480,rendered
442,480,bd_disco_outfit,disco suit,7,63,limegreen,LimeGreen,32CD32,body_body480,rendered
443,481,bd_farmer,farmer outfit,0,84,white,White,FFFFFF,body_body481,rendered
443,481,bd_farmer,farmer outfit,1,40,lightskyblue,LightSkyBlue,87CEFA,body_body481,rendered
443,481,bd_farmer,farmer outfit,2,80,deep_reddish_brown,Deep reddish brown,560000,body_body481,rendered
443,481,bd_farmer,farmer outfit,3,3,khaki,Khaki,F0E68C,body_body481,rendered
443,481,bd_farmer,farmer outfit,4,60,greenyellow,GreenYellow,ADFF2F,body_body481,rendered
443,481,bd_farmer,farmer outfit,5,91,black,Black,000000,body_body481,rendered
443,481,bd_farmer,farmer outfit,6,73,goldenrod,Goldenrod,DAA520,body_body481,rendered
443,481,bd_farmer,farmer outfit,7,69,very_deep_green,Very deep green,003300,body_body481,rendered
444,482,bd_ghost,,0,85,lightgrey,LightGrey,D3D3D3,,missing_physical_asset
444,482,bd_ghost,,1,71,burlywood,BurlyWood,DEB887,,missing_physical_asset
444,482,bd_ghost,,2,59,light_brilliant_yellow_lime,Light brilliant yellow lime,E7FF33,,missing_physical_asset
444,482,bd_ghost,,3,40,lightskyblue,LightSkyBlue,87CEFA,,missing_physical_asset
444,482,bd_ghost,,4,31,plum,Plum,DDA0DD,,missing_physical_asset
444,482,bd_ghost,,5,3,khaki,Khaki,F0E68C,,missing_physical_asset
444,482,bd_ghost,,6,19,darkred,DarkRed,8B0000,,missing_physical_asset
444,482,bd_ghost,,7,90,very_dark_gray_2,Very dark gray 2,232323,,missing_physical_asset
445,483,bd_guardsman,foot-guard uniform,0,16,red,Red,FF0000,body_body483,rendered
445,483,bd_guardsman,foot-guard uniform,1,45,blue,Blue,0000FF,body_body483,rendered
445,483,bd_guardsman,foot-guard uniform,2,6,gold,Gold,FFD700,body_body483,rendered
445,483,bd_guardsman,foot-guard uniform,3,8,salmon,Salmon,FA8072,body_body483,rendered
445,483,bd_guardsman,foot-guard uniform,4,68,darkgreen,DarkGreen,006400,body_body483,rendered
445,483,bd_guardsman,foot-guard uniform,5,84,white,White,FFFFFF,body_body483,rendered
445,483,bd_guardsman,foot-guard uniform,6,89,very_dark_gray,Very dark gray,333333,body_body483,rendered
446,484,bd_kilt,kilt,0,16,red,Red,FF0000,body_body484,rendered
446,484,bd_kilt,kilt,1,46,darkblue,DarkBlue,00008B,body_body484,rendered
446,484,bd_kilt,kilt,2,68,darkgreen,DarkGreen,006400,body_body484,rendered
446,484,bd_kilt,kilt,3,43,royalblue,RoyalBlue,4169E1,body_body484,rendered
446,484,bd_kilt,kilt,4,89,very_dark_gray,Very dark gray,333333,body_body484,rendered
446,484,bd_kilt,kilt,5,37,darkmagenta,DarkMagenta,8B008B,body_body484,rendered
446,484,bd_kilt,kilt,6,75,moderate_amber,Moderate amber,886308,body_body484,rendered
446,484,bd_kilt,kilt,7,6,gold,Gold,FFD700,body_body484,rendered
447,485,bd_american_football_referee,referee uniform,0,91,black,Black,000000,body_body485,rendered
447,485,bd_american_football_referee,referee uniform,1,46,darkblue,DarkBlue,00008B,body_body485,rendered
447,485,bd_american_football_referee,referee uniform,2,73,goldenrod,Goldenrod,DAA520,body_body485,rendered
447,485,bd_american_football_referee,referee uniform,3,19,darkred,DarkRed,8B0000,body_body485,rendered
447,485,bd_american_football_referee,referee uniform,4,6,gold,Gold,FFD700,body_body485,rendered
447,485,bd_american_football_referee,referee uniform,5,51,cadetblue,CadetBlue,5F9EA0,body_body485,rendered
447,485,bd_american_football_referee,referee uniform,6,68,darkgreen,DarkGreen,006400,body_body485,rendered
447,485,bd_american_football_referee,referee uniform,7,34,light_brilliant_violet,Light brilliant violet,9933FF,body_body485,rendered
448,486,bd_rockabilly_style,rockabilly dress,0,16,red,Red,FF0000,body_body486,rendered
448,486,bd_rockabilly_style,rockabilly dress,1,6,gold,Gold,FFD700,body_body486,rendered
448,486,bd_rockabilly_style,rockabilly dress,2,26,deeppink,DeepPink,FF1493,body_body486,rendered
448,486,bd_rockabilly_style,rockabilly dress,3,38,deep_magenta,Deep magenta,5C005C,body_body486,rendered
448,486,bd_rockabilly_style,rockabilly dress,4,41,deepskyblue,DeepSkyBlue,00BFFF,body_body486,rendered
448,486,bd_rockabilly_style,rockabilly dress,5,63,limegreen,LimeGreen,32CD32,body_body486,rendered
448,486,bd_rockabilly_style,rockabilly dress,6,82,dark_gamboge,Dark gamboge,452F12,body_body486,rendered
448,486,bd_rockabilly_style,rockabilly dress,7,89,very_dark_gray,Very dark gray,333333,body_body486,rendered
449,487,bd_sailor2,sailor outfit,0,46,darkblue,DarkBlue,00008B,body_body487,rendered
449,487,bd_sailor2,sailor outfit,1,16,red,Red,FF0000,body_body487,rendered
449,487,bd_sailor2,sailor outfit,2,37,darkmagenta,DarkMagenta,8B008B,body_body487,rendered
449,487,bd_sailor2,sailor outfit,3,6,gold,Gold,FFD700,body_body487,rendered
449,487,bd_sailor2,sailor outfit,4,13,luminous_vivid_orange,Luminous vivid orange,FF6600,body_body487,rendered
449,487,bd_sailor2,sailor outfit,5,42,luminous_vivid_azure,Luminous vivid azure,0066FF,body_body487,rendered
449,487,bd_sailor2,sailor outfit,6,62,lime,Lime,00FF00,body_body487,rendered
449,487,bd_sailor2,sailor outfit,7,82,dark_gamboge,Dark gamboge,452F12,body_body487,rendered
450,488,bd_victorian_dress_men,Victorian suit,0,47,darkblue_2,DarkBlue_2,1E1E4C,body_body488,rendered
450,488,bd_victorian_dress_men,Victorian suit,1,87,gray,Gray,808080,body_body488,rendered
450,488,bd_victorian_dress_men,Victorian suit,2,19,darkred,DarkRed,8B0000,body_body488,rendered
450,488,bd_victorian_dress_men,Victorian suit,3,65,olivedrab,OliveDrab,6B8E23,body_body488,rendered
450,488,bd_victorian_dress_men,Victorian suit,4,38,deep_magenta,Deep magenta,5C005C,body_body488,rendered
450,488,bd_victorian_dress_men,Victorian suit,5,56,deep_cyan_2,Deep cyan 2,004240,body_body488,rendered
450,488,bd_victorian_dress_men,Victorian suit,6,82,dark_gamboge,Dark gamboge,452F12,body_body488,rendered
451,489,bd_victorian_dress_women,Victorian dress,0,47,darkblue_2,DarkBlue_2,1E1E4C,body_body489,rendered
451,489,bd_victorian_dress_women,Victorian dress,1,87,gray,Gray,808080,body_body489,rendered
451,489,bd_victorian_dress_women,Victorian dress,2,19,darkred,DarkRed,8B0000,body_body489,rendered
451,489,bd_victorian_dress_women,Victorian dress,3,65,olivedrab,OliveDrab,6B8E23,body_body489,rendered
451,489,bd_victorian_dress_women,Victorian dress,4,38,deep_magenta,Deep magenta,5C005C,body_body489,rendered
451,489,bd_victorian_dress_women,Victorian dress,5,56,deep_cyan_2,Deep cyan 2,004240,body_body489,rendered
451,489,bd_victorian_dress_women,Victorian dress,6,82,dark_gamboge,Dark gamboge,452F12,body_body489,rendered
452,490,bd_wizard2,wizard costume,0,46,darkblue,DarkBlue,00008B,body_body490,rendered
452,490,bd_wizard2,wizard costume,1,38,deep_magenta,Deep magenta,5C005C,body_body490,rendered
452,490,bd_wizard2,wizard costume,2,76,dark_amber,Dark amber,624806,body_body490,rendered
452,490,bd_wizard2,wizard costume,3,90,very_dark_gray_2,Very dark gray 2,232323,body_body490,rendered
452,490,bd_wizard2,wizard costume,4,84,white,White,FFFFFF,body_body490,rendered
452,490,bd_wizard2,wizard costume,5,12,light_brilliant_amber,Light brilliant amber,FFC950,body_body490,rendered
452,490,bd_wizard2,wizard costume,6,67,darkolivegreen,DarkOliveGreen,556B2F,body_body490,rendered
452,490,bd_wizard2,wizard costume,7,19,darkred,DarkRed,8B0000,body_body490,rendered
453,491,bd_gladiator,gladiator armor,0,79,saddlebrown,SaddleBrown,8B4513,body_body491,rendered
453,491,bd_gladiator,gladiator armor,1,34,light_brilliant_violet,Light brilliant violet,9933FF,body_body491,rendered
453,491,bd_gladiator,gladiator armor,2,68,darkgreen,DarkGreen,006400,body_body491,rendered
453,491,bd_gladiator,gladiator armor,3,18,moderate_red,Moderate red,CB0F0F,body_body491,rendered
453,491,bd_gladiator,gladiator armor,4,75,moderate_amber,Moderate amber,886308,body_body491,rendered
453,491,bd_gladiator,gladiator armor,5,55,darkcyan,DarkCyan,008B8B,body_body491,rendered
453,491,bd_gladiator,gladiator armor,6,88,dark_gray,Dark gray,4D4D4D,body_body491,rendered
453,491,bd_gladiator,gladiator armor,7,47,darkblue_2,DarkBlue_2,1E1E4C,body_body491,rendered
454,492,bd_napoleon,napoleonic clothes,0,46,darkblue,DarkBlue,00008B,body_body492,rendered
454,492,bd_napoleon,napoleonic clothes,1,22,lightcoral,LightCoral,F08080,body_body492,rendered
454,492,bd_napoleon,napoleonic clothes,2,91,black,Black,000000,body_body492,rendered
454,492,bd_napoleon,napoleonic clothes,3,56,deep_cyan_2,Deep cyan 2,004240,body_body492,rendered
454,492,bd_napoleon,napoleonic clothes,4,74,darkgoldenrod,DarkGoldenrod,B8860B,body_body492,rendered
454,492,bd_napoleon,napoleonic clothes,5,87,gray,Gray,808080,body_body492,rendered
454,492,bd_napoleon,napoleonic clothes,6,36,indigo,Indigo,4B0082,body_body492,rendered
454,492,bd_napoleon,napoleonic clothes,7,19,darkred,DarkRed,8B0000,body_body492,rendered
455,493,bd_viking,viking costume,0,52,steelblue,SteelBlue,4682B4,body_body493,rendered
455,493,bd_viking,viking costume,1,74,darkgoldenrod,DarkGoldenrod,B8860B,body_body493,rendered
455,493,bd_viking,viking costume,2,80,deep_reddish_brown,Deep reddish brown,560000,body_body493,rendered
455,493,bd_viking,viking costume,3,91,black,Black,000000,body_body493,rendered
455,493,bd_viking,viking costume,4,39,lightcyan,LightCyan,E0FFFF,body_body493,rendered
455,493,bd_viking,viking costume,5,47,darkblue_2,DarkBlue_2,1E1E4C,body_body493,rendered
455,493,bd_viking,viking costume,6,77,chocolate,Chocolate,D2691E,body_body493,rendered
455,493,bd_viking,viking costume,7,16,red,Red,FF0000,body_body493,rendered
456,494,bd_ugly_christmas_sweater,ugly holiday sweater,0,18,moderate_red,Moderate red,CB0F0F,body_body494,rendered
456,494,bd_ugly_christmas_sweater,ugly holiday sweater,1,69,very_deep_green,Very deep green,003300,body_body494,rendered
456,494,bd_ugly_christmas_sweater,ugly holiday sweater,2,77,chocolate,Chocolate,D2691E,body_body494,rendered
456,494,bd_ugly_christmas_sweater,ugly holiday sweater,3,46,darkblue,DarkBlue,00008B,body_body494,rendered
456,494,bd_ugly_christmas_sweater,ugly holiday sweater,4,29,mediumvioletred,MediumVioletRed,C71585,body_body494,rendered
456,494,bd_ugly_christmas_sweater,ugly holiday sweater,5,60,greenyellow,GreenYellow,ADFF2F,body_body494,rendered
456,494,bd_ugly_christmas_sweater,ugly holiday sweater,6,85,lightgrey,LightGrey,D3D3D3,body_body494,rendered
456,494,bd_ugly_christmas_sweater,ugly holiday sweater,7,13,luminous_vivid_orange,Luminous vivid orange,FF6600,body_body494,rendered
457,495,bd_bavarian,lederhosen,0,74,darkgoldenrod,DarkGoldenrod,B8860B,body_body495,rendered
457,495,bd_bavarian,lederhosen,1,81,deep_brown_red,Deep brown red,3E1300,body_body495,rendered
457,495,bd_bavarian,lederhosen,2,69,very_deep_green,Very deep green,003300,body_body495,rendered
457,495,bd_bavarian,lederhosen,3,5,yellow,Yellow,FFFF00,body_body495,rendered
457,495,bd_bavarian,lederhosen,4,48,deep_blue,Deep blue,000054,body_body495,rendered
457,495,bd_bavarian,lederhosen,5,38,deep_magenta,Deep magenta,5C005C,body_body495,rendered
457,495,bd_bavarian,lederhosen,6,22,lightcoral,LightCoral,F08080,body_body495,rendered
457,495,bd_bavarian,lederhosen,7,52,steelblue,SteelBlue,4682B4,body_body495,rendered
458,496,bd_antique_military_outfit,colonial uniform,0,16,red,Red,FF0000,body_body496,rendered
458,496,bd_antique_military_outfit,colonial uniform,1,48,deep_blue,Deep blue,000054,body_body496,rendered
458,496,bd_antique_military_outfit,colonial uniform,2,68,darkgreen,DarkGreen,006400,body_body496,rendered
458,496,bd_antique_military_outfit,colonial uniform,3,76,dark_amber,Dark amber,624806,body_body496,rendered
458,496,bd_antique_military_outfit,colonial uniform,4,91,black,Black,000000,body_body496,rendered
458,496,bd_antique_military_outfit,colonial uniform,5,79,saddlebrown,SaddleBrown,8B4513,body_body496,rendered
458,496,bd_antique_military_outfit,colonial uniform,6,10,tomato,Tomato,FF6347,body_body496,rendered
458,496,bd_antique_military_outfit,colonial uniform,7,37,darkmagenta,DarkMagenta,8B008B,body_body496,rendered
459,497,bd_formal_robe,judge robe,0,91,black,Black,000000,body_body497,rendered
459,497,bd_formal_robe,judge robe,1,19,darkred,DarkRed,8B0000,body_body497,rendered
459,497,bd_formal_robe,judge robe,2,48,deep_blue,Deep blue,000054,body_body497,rendered
459,497,bd_formal_robe,judge robe,3,67,darkolivegreen,DarkOliveGreen,556B2F,body_body497,rendered
459,497,bd_formal_robe,judge robe,4,83,very_dark_gamboge,Very dark gamboge,332819,body_body497,rendered
459,497,bd_formal_robe,judge robe,5,72,tan,Tan,D2B48C,body_body497,rendered
460,498,bd_uncle_sam_suit,Uncle Sam costume,0,16,red,Red,FF0000,body_body498,rendered
460,498,bd_uncle_sam_suit,Uncle Sam costume,1,11,orange,Orange,FFA500,body_body498,rendered
460,498,bd_uncle_sam_suit,Uncle Sam costume,2,26,deeppink,DeepPink,FF1493,body_body498,rendered
460,498,bd_uncle_sam_suit,Uncle Sam costume,3,63,limegreen,LimeGreen,32CD32,body_body498,rendered
460,498,bd_uncle_sam_suit,Uncle Sam costume,4,87,gray,Gray,808080,body_body498,rendered
460,498,bd_uncle_sam_suit,Uncle Sam costume,5,41,deepskyblue,DeepSkyBlue,00BFFF,body_body498,rendered
460,498,bd_uncle_sam_suit,Uncle Sam costume,6,91,black,Black,000000,body_body498,rendered
461,499,bd_riding_costume,jockey outfit,0,56,deep_cyan_2,Deep cyan 2,004240,body_body499,rendered
461,499,bd_riding_costume,jockey outfit,1,38,deep_magenta,Deep magenta,5C005C,body_body499,rendered
461,499,bd_riding_costume,jockey outfit,2,47,darkblue_2,DarkBlue_2,1E1E4C,body_body499,rendered
461,499,bd_riding_costume,jockey outfit,3,67,darkolivegreen,DarkOliveGreen,556B2F,body_body499,rendered
461,499,bd_riding_costume,jockey outfit,4,81,deep_brown_red,Deep brown red,3E1300,body_body499,rendered
461,499,bd_riding_costume,jockey outfit,5,73,goldenrod,Goldenrod,DAA520,body_body499,rendered
461,499,bd_riding_costume,jockey outfit,6,90,very_dark_gray_2,Very dark gray 2,232323,body_body499,rendered
462,500,bd_punk_rocker,punk-rocker outfit,0,91,black,Black,000000,body_body500,rendered
462,500,bd_punk_rocker,punk-rocker outfit,1,48,deep_blue,Deep blue,000054,body_body500,rendered
462,500,bd_punk_rocker,punk-rocker outfit,2,82,dark_gamboge,Dark gamboge,452F12,body_body500,rendered
462,500,bd_punk_rocker,punk-rocker outfit,3,28,fuchsia,Fuchsia,FF00FF,body_body500,rendered
462,500,bd_punk_rocker,punk-rocker outfit,4,62,lime,Lime,00FF00,body_body500,rendered
462,500,bd_punk_rocker,punk-rocker outfit,5,19,darkred,DarkRed,8B0000,body_body500,rendered
462,500,bd_punk_rocker,punk-rocker outfit,6,76,dark_amber,Dark amber,624806,body_body500,rendered
462,500,bd_punk_rocker,punk-rocker outfit,7,37,darkmagenta,DarkMagenta,8B008B,body_body500,rendered
463,501,bd_flapper_dress,flapper dress,0,86,darkgray,DarkGray,A9A9A9,body_body501,rendered
463,501,bd_flapper_dress,flapper dress,1,19,darkred,DarkRed,8B0000,body_body501,rendered
463,501,bd_flapper_dress,flapper dress,2,53,cyan,Cyan,00FFFF,body_body501,rendered
463,501,bd_flapper_dress,flapper dress,3,74,darkgoldenrod,DarkGoldenrod,B8860B,body_body501,rendered
463,501,bd_flapper_dress,flapper dress,4,42,luminous_vivid_azure,Luminous vivid azure,0066FF,body_body501,rendered
463,501,bd_flapper_dress,flapper dress,5,37,darkmagenta,DarkMagenta,8B008B,body_body501,rendered
463,501,bd_flapper_dress,flapper dress,6,26,deeppink,DeepPink,FF1493,body_body501,rendered
463,501,bd_flapper_dress,flapper dress,7,88,dark_gray,Dark gray,4D4D4D,body_body501,rendered
464,502,bd_football_referee,soccer-referee uniform,0,6,gold,Gold,FFD700,body_body502,rendered
464,502,bd_football_referee,soccer-referee uniform,1,84,white,White,FFFFFF,body_body502,rendered
464,502,bd_football_referee,soccer-referee uniform,2,42,luminous_vivid_azure,Luminous vivid azure,0066FF,body_body502,rendered
464,502,bd_football_referee,soccer-referee uniform,3,89,very_dark_gray,Very dark gray,333333,body_body502,rendered
464,502,bd_football_referee,soccer-referee uniform,4,19,darkred,DarkRed,8B0000,body_body502,rendered
464,502,bd_football_referee,soccer-referee uniform,5,51,cadetblue,CadetBlue,5F9EA0,body_body502,rendered
464,502,bd_football_referee,soccer-referee uniform,6,68,darkgreen,DarkGreen,006400,body_body502,rendered
464,502,bd_football_referee,soccer-referee uniform,7,34,light_brilliant_violet,Light brilliant violet,9933FF,body_body502,rendered
465,503,bd_samba_dancer,samba dress,0,16,red,Red,FF0000,body_body503,rendered
465,503,bd_samba_dancer,samba dress,1,11,orange,Orange,FFA500,body_body503,rendered
465,503,bd_samba_dancer,samba dress,2,41,deepskyblue,DeepSkyBlue,00BFFF,body_body503,rendered
465,503,bd_samba_dancer,samba dress,3,85,lightgrey,LightGrey,D3D3D3,body_body503,rendered
465,503,bd_samba_dancer,samba dress,4,61,chartreuse,Chartreuse,7FFF00,body_body503,rendered
465,503,bd_samba_dancer,samba dress,5,26,deeppink,DeepPink,FF1493,body_body503,rendered
465,503,bd_samba_dancer,samba dress,6,91,black,Black,000000,body_body503,rendered
466,504,bd_american_football,football uniform,0,16,red,Red,FF0000,body_body504,rendered
466,504,bd_american_football,football uniform,1,46,darkblue,DarkBlue,00008B,body_body504,rendered
466,504,bd_american_football,football uniform,2,37,darkmagenta,DarkMagenta,8B008B,body_body504,rendered
466,504,bd_american_football,football uniform,3,87,gray,Gray,808080,body_body504,rendered
466,504,bd_american_football,football uniform,4,74,darkgoldenrod,DarkGoldenrod,B8860B,body_body504,rendered
466,504,bd_american_football,football uniform,5,91,black,Black,000000,body_body504,rendered
466,504,bd_american_football,football uniform,6,68,darkgreen,DarkGreen,006400,body_body504,rendered
466,504,bd_american_football,football uniform,7,13,luminous_vivid_orange,Luminous vivid orange,FF6600,body_body504,rendered
467,505,bd_lumberjack,lumberjack clothes,0,16,red,Red,FF0000,body_body505,rendered
467,505,bd_lumberjack,lumberjack clothes,1,34,light_brilliant_violet,Light brilliant violet,9933FF,body_body505,rendered
467,505,bd_lumberjack,lumberjack clothes,2,63,limegreen,LimeGreen,32CD32,body_body505,rendered
467,505,bd_lumberjack,lumberjack clothes,3,84,white,White,FFFFFF,body_body505,rendered
467,505,bd_lumberjack,lumberjack clothes,4,21,pink,Pink,FFC0CB,body_body505,rendered
467,505,bd_lumberjack,lumberjack clothes,5,6,gold,Gold,FFD700,body_body505,rendered
467,505,bd_lumberjack,lumberjack clothes,6,41,deepskyblue,DeepSkyBlue,00BFFF,body_body505,rendered
467,505,bd_lumberjack,lumberjack clothes,7,77,chocolate,Chocolate,D2691E,body_body505,rendered
468,506,bd_banana ,banana suit,0,6,gold,Gold,FFD700,body_body506,rendered
468,506,bd_banana ,banana suit,1,60,greenyellow,GreenYellow,ADFF2F,body_body506,rendered
468,506,bd_banana ,banana suit,2,74,darkgoldenrod,DarkGoldenrod,B8860B,body_body506,rendered
468,506,bd_banana ,banana suit,3,84,white,White,FFFFFF,body_body506,rendered
468,506,bd_banana ,banana suit,4,46,darkblue,DarkBlue,00008B,body_body506,rendered
468,506,bd_banana ,banana suit,5,81,deep_brown_red,Deep brown red,3E1300,body_body506,rendered
468,506,bd_banana ,banana suit,6,91,black,Black,000000,body_body506,rendered
468,506,bd_banana ,banana suit,7,13,luminous_vivid_orange,Luminous vivid orange,FF6600,body_body506,rendered
469,507,bd_hot_dog,hot-dog suit,0,16,red,Red,FF0000,body_body507,rendered
469,507,bd_hot_dog,hot-dog suit,1,81,deep_brown_red,Deep brown red,3E1300,body_body507,rendered
469,507,bd_hot_dog,hot-dog suit,2,11,orange,Orange,FFA500,body_body507,rendered
469,507,bd_hot_dog,hot-dog suit,3,77,chocolate,Chocolate,D2691E,body_body507,rendered
469,507,bd_hot_dog,hot-dog suit,4,91,black,Black,000000,body_body507,rendered
469,507,bd_hot_dog,hot-dog suit,5,45,blue,Blue,0000FF,body_body507,rendered
469,507,bd_hot_dog,hot-dog suit,6,62,lime,Lime,00FF00,body_body507,rendered
469,507,bd_hot_dog,hot-dog suit,7,19,darkred,DarkRed,8B0000,body_body507,rendered
470,508,bd_gnome,gnome outfit,0,48,deep_blue,Deep blue,000054,body_body508,rendered
470,508,bd_gnome,gnome outfit,1,19,darkred,DarkRed,8B0000,body_body508,rendered
470,508,bd_gnome,gnome outfit,2,6,gold,Gold,FFD700,body_body508,rendered
470,508,bd_gnome,gnome outfit,3,17,orangered,OrangeRed,FF4500,body_body508,rendered
470,508,bd_gnome,gnome outfit,4,25,light_brilliant_crimson,Light brilliant crimson,FF4C87,body_body508,rendered
470,508,bd_gnome,gnome outfit,5,68,darkgreen,DarkGreen,006400,body_body508,rendered
470,508,bd_gnome,gnome outfit,6,42,luminous_vivid_azure,Luminous vivid azure,0066FF,body_body508,rendered
470,508,bd_gnome,gnome outfit,7,37,darkmagenta,DarkMagenta,8B008B,body_body508,rendered
471,509,bd_eskimo,snowsuit,0,52,steelblue,SteelBlue,4682B4,body_body509,rendered
471,509,bd_eskimo,snowsuit,1,24,hotpink,HotPink,FF69B4,body_body509,rendered
471,509,bd_eskimo,snowsuit,2,12,light_brilliant_amber,Light brilliant amber,FFC950,body_body509,rendered
471,509,bd_eskimo,snowsuit,3,16,red,Red,FF0000,body_body509,rendered
471,509,bd_eskimo,snowsuit,4,32,mediumpurple,MediumPurple,9370DB,body_body509,rendered
471,509,bd_eskimo,snowsuit,5,65,olivedrab,OliveDrab,6B8E23,body_body509,rendered
471,509,bd_eskimo,snowsuit,6,74,darkgoldenrod,DarkGoldenrod,B8860B,body_body509,rendered
471,509,bd_eskimo,snowsuit,7,87,gray,Gray,808080,body_body509,rendered
472,510,bd_pharaoh,pharaoh costume,0,48,deep_blue,Deep blue,000054,body_body510,rendered
472,510,bd_pharaoh,pharaoh costume,1,19,darkred,DarkRed,8B0000,body_body510,rendered
472,510,bd_pharaoh,pharaoh costume,2,64,mediumseagreen,MediumSeaGreen,3CB371,body_body510,rendered
472,510,bd_pharaoh,pharaoh costume,3,90,very_dark_gray_2,Very dark gray 2,232323,body_body510,rendered
472,510,bd_pharaoh,pharaoh costume,4,75,moderate_amber,Moderate amber,886308,body_body510,rendered
472,510,bd_pharaoh,pharaoh costume,5,84,white,White,FFFFFF,body_body510,rendered
472,510,bd_pharaoh,pharaoh costume,6,29,mediumvioletred,MediumVioletRed,C71585,body_body510,rendered
473,511,bd_ladybug,ladybug suit,0,16,red,Red,FF0000,body_body511,rendered
473,511,bd_ladybug,ladybug suit,1,84,white,White,FFFFFF,body_body511,rendered
473,511,bd_ladybug,ladybug suit,2,80,deep_reddish_brown,Deep reddish brown,560000,body_body511,rendered
473,511,bd_ladybug,ladybug suit,3,25,light_brilliant_crimson,Light brilliant crimson,FF4C87,body_body511,rendered
473,511,bd_ladybug,ladybug suit,4,55,darkcyan,DarkCyan,008B8B,body_body511,rendered
473,511,bd_ladybug,ladybug suit,5,68,darkgreen,DarkGreen,006400,body_body511,rendered
473,511,bd_ladybug,ladybug suit,6,90,very_dark_gray_2,Very dark gray 2,232323,body_body511,rendered
473,511,bd_ladybug,ladybug suit,7,17,orangered,OrangeRed,FF4500,body_body511,rendered
474,512,bd_sky,ski suit,0,25,light_brilliant_crimson,Light brilliant crimson,FF4C87,body_body512,rendered
474,512,bd_sky,ski suit,1,48,deep_blue,Deep blue,000054,body_body512,rendered
474,512,bd_sky,ski suit,2,77,chocolate,Chocolate,D2691E,body_body512,rendered
474,512,bd_sky,ski suit,3,54,darkturquoise,DarkTurquoise,00CED1,body_body512,rendered
474,512,bd_sky,ski suit,4,84,white,White,FFFFFF,body_body512,rendered
474,512,bd_sky,ski suit,5,61,chartreuse,Chartreuse,7FFF00,body_body512,rendered
474,512,bd_sky,ski suit,6,16,red,Red,FF0000,body_body512,rendered
474,512,bd_sky,ski suit,7,6,gold,Gold,FFD700,body_body512,rendered
475,513,bd_pajijyogori,,0,24,hotpink,HotPink,FF69B4,,missing_physical_asset
475,513,bd_pajijyogori,,1,48,deep_blue,Deep blue,000054,,missing_physical_asset
475,513,bd_pajijyogori,,2,84,white,White,FFFFFF,,missing_physical_asset
475,513,bd_pajijyogori,,3,31,plum,Plum,DDA0DD,,missing_physical_asset
475,513,bd_pajijyogori,,4,69,very_deep_green,Very deep green,003300,,missing_physical_asset
475,513,bd_pajijyogori,,5,72,tan,Tan,D2B48C,,missing_physical_asset
475,513,bd_pajijyogori,,6,54,darkturquoise,DarkTurquoise,00CED1,,missing_physical_asset
475,513,bd_pajijyogori,,7,80,deep_reddish_brown,Deep reddish brown,560000,,missing_physical_asset
476,514,bd_chimacyogori,,0,58,yellowgreen,YellowGreen,9ACD32,,missing_physical_asset
476,514,bd_chimacyogori,,1,27,very_light_magenta,Very light magenta,FF99FF,,missing_physical_asset
476,514,bd_chimacyogori,,2,47,darkblue_2,DarkBlue_2,1E1E4C,,missing_physical_asset
476,514,bd_chimacyogori,,3,11,orange,Orange,FFA500,,missing_physical_asset
476,514,bd_chimacyogori,,4,91,black,Black,000000,,missing_physical_asset
476,514,bd_chimacyogori,,5,36,indigo,Indigo,4B0082,,missing_physical_asset
476,514,bd_chimacyogori,,6,84,white,White,FFFFFF,,missing_physical_asset
476,514,bd_chimacyogori,,7,41,deepskyblue,DeepSkyBlue,00BFFF,,missing_physical_asset
477,515,bd_topo,,0,84,white,White,FFFFFF,,missing_physical_asset
477,515,bd_topo,,1,70,rosybrown,RosyBrown,BC8F8F,,missing_physical_asset
477,515,bd_topo,,2,79,saddlebrown,SaddleBrown,8B4513,,missing_physical_asset
477,515,bd_topo,,3,52,steelblue,SteelBlue,4682B4,,missing_physical_asset
477,515,bd_topo,,4,91,black,Black,000000,,missing_physical_asset
477,515,bd_topo,,5,66,olive,Olive,808000,,missing_physical_asset
477,515,bd_topo,,6,47,darkblue_2,DarkBlue_2,1E1E4C,,missing_physical_asset
477,515,bd_topo,,7,11,orange,Orange,FFA500,,missing_physical_asset
478,516,bd_tani,,0,71,burlywood,BurlyWood,DEB887,,missing_physical_asset
478,516,bd_tani,,1,84,white,White,FFFFFF,,missing_physical_asset
478,516,bd_tani,,2,8,salmon,Salmon,FA8072,,missing_physical_asset
478,516,bd_tani,,3,19,darkred,DarkRed,8B0000,,missing_physical_asset
478,516,bd_tani,,4,41,deepskyblue,DeepSkyBlue,00BFFF,,missing_physical_asset
478,516,bd_tani,,5,74,darkgoldenrod,DarkGoldenrod,B8860B,,missing_physical_asset
478,516,bd_tani,,6,56,deep_cyan_2,Deep cyan 2,004240,,missing_physical_asset
478,516,bd_tani,,7,29,mediumvioletred,MediumVioletRed,C71585,,missing_physical_asset
479,517,bd_konnyonpo,,0,19,darkred,DarkRed,8B0000,,missing_physical_asset
479,517,bd_konnyonpo,,1,48,deep_blue,Deep blue,000054,,missing_physical_asset
479,517,bd_konnyonpo,,2,91,black,Black,000000,,missing_physical_asset
479,517,bd_konnyonpo,,3,17,orangered,OrangeRed,FF4500,,missing_physical_asset
479,517,bd_konnyonpo,,4,69,very_deep_green,Very deep green,003300,,missing_physical_asset
479,517,bd_konnyonpo,,5,38,deep_magenta,Deep magenta,5C005C,,missing_physical_asset
479,517,bd_konnyonpo,,6,42,luminous_vivid_azure,Luminous vivid azure,0066FF,,missing_physical_asset
479,517,bd_konnyonpo,,7,84,white,White,FFFFFF,,missing_physical_asset
480,518,bd_kuonboku,,0,69,very_deep_green,Very deep green,003300,,missing_physical_asset
480,518,bd_kuonboku,,1,76,dark_amber,Dark amber,624806,,missing_physical_asset
480,518,bd_kuonboku,,2,77,chocolate,Chocolate,D2691E,,missing_physical_asset
480,518,bd_kuonboku,,3,83,very_dark_gamboge,Very dark gamboge,332819,,missing_physical_asset
480,518,bd_kuonboku,,4,84,white,White,FFFFFF,,missing_physical_asset
480,518,bd_kuonboku,,5,19,darkred,DarkRed,8B0000,,missing_physical_asset
480,518,bd_kuonboku,,6,35,darkslateblue,DarkSlateBlue,483D8B,,missing_physical_asset
480,518,bd_kuonboku,,7,47,darkblue_2,DarkBlue_2,1E1E4C,,missing_physical_asset
481,519,bd_muganboku,,0,91,black,Black,000000,,missing_physical_asset
481,519,bd_muganboku,,1,56,deep_cyan_2,Deep cyan 2,004240,,missing_physical_asset
481,519,bd_muganboku,,2,15,indianred,IndianRed,CD5C5C,,missing_physical_asset
481,519,bd_muganboku,,3,48,deep_blue,Deep blue,000054,,missing_physical_asset
481,519,bd_muganboku,,4,11,orange,Orange,FFA500,,missing_physical_asset
481,519,bd_muganboku,,5,69,very_deep_green,Very deep green,003300,,missing_physical_asset
481,519,bd_muganboku,,6,76,dark_amber,Dark amber,624806,,missing_physical_asset
481,519,bd_muganboku,,7,42,luminous_vivid_azure,Luminous vivid azure,0066FF,,missing_physical_asset
482,520,bd_cyangungabo,,0,19,darkred,DarkRed,8B0000,,missing_physical_asset
482,520,bd_cyangungabo,,1,47,darkblue_2,DarkBlue_2,1E1E4C,,missing_physical_asset
482,520,bd_cyangungabo,,2,69,very_deep_green,Very deep green,003300,,missing_physical_asset
482,520,bd_cyangungabo,,3,76,dark_amber,Dark amber,624806,,missing_physical_asset
482,520,bd_cyangungabo,,4,91,black,Black,000000,,missing_physical_asset
482,520,bd_cyangungabo,,5,17,orangered,OrangeRed,FF4500,,missing_physical_asset
482,520,bd_cyangungabo,,6,65,olivedrab,OliveDrab,6B8E23,,missing_physical_asset
482,520,bd_cyangungabo,,7,38,deep_magenta,Deep magenta,5C005C,,missing_physical_asset
483,521,bd_inyoboku,,0,29,mediumvioletred,MediumVioletRed,C71585,,missing_physical_asset
483,521,bd_inyoboku,,1,69,very_deep_green,Very deep green,003300,,missing_physical_asset
483,521,bd_inyoboku,,2,91,black,Black,000000,,missing_physical_asset
483,521,bd_inyoboku,,3,16,red,Red,FF0000,,missing_physical_asset
483,521,bd_inyoboku,,4,30,lavender,Lavender,E6E6FA,,missing_physical_asset
483,521,bd_inyoboku,,5,41,deepskyblue,DeepSkyBlue,00BFFF,,missing_physical_asset
483,521,bd_inyoboku,,6,5,yellow,Yellow,FFFF00,,missing_physical_asset
483,521,bd_inyoboku,,7,62,lime,Lime,00FF00,,missing_physical_asset
484,522,bd_chimujiruboku,,0,25,light_brilliant_crimson,Light brilliant crimson,FF4C87,,missing_physical_asset
484,522,bd_chimujiruboku,,1,42,luminous_vivid_azure,Luminous vivid azure,0066FF,,missing_physical_asset
484,522,bd_chimujiruboku,,2,61,chartreuse,Chartreuse,7FFF00,,missing_physical_asset
484,522,bd_chimujiruboku,,3,84,white,White,FFFFFF,,missing_physical_asset
484,522,bd_chimujiruboku,,4,5,yellow,Yellow,FFFF00,,missing_physical_asset
484,522,bd_chimujiruboku,,5,53,cyan,Cyan,00FFFF,,missing_physical_asset
484,522,bd_chimujiruboku,,6,16,red,Red,FF0000,,missing_physical_asset
484,522,bd_chimujiruboku,,7,91,black,Black,000000,,missing_physical_asset
485,523,bd_tekwondo,,0,84,white,White,FFFFFF,,missing_physical_asset
485,523,bd_tekwondo,,1,45,blue,Blue,0000FF,,missing_physical_asset
485,523,bd_tekwondo,,2,76,dark_amber,Dark amber,624806,,missing_physical_asset
485,523,bd_tekwondo,,3,29,mediumvioletred,MediumVioletRed,C71585,,missing_physical_asset
485,523,bd_tekwondo,,4,86,darkgray,DarkGray,A9A9A9,,missing_physical_asset
485,523,bd_tekwondo,,5,18,moderate_red,Moderate red,CB0F0F,,missing_physical_asset
485,523,bd_tekwondo,,6,11,orange,Orange,FFA500,,missing_physical_asset
485,523,bd_tekwondo,,7,89,very_dark_gray,Very dark gray,333333,,missing_physical_asset
486,524,bd_kyoryonboku,,0,86,darkgray,DarkGray,A9A9A9,,missing_physical_asset
486,524,bd_kyoryonboku,,1,24,hotpink,HotPink,FF69B4,,missing_physical_asset
486,524,bd_kyoryonboku,,2,60,greenyellow,GreenYellow,ADFF2F,,missing_physical_asset
486,524,bd_kyoryonboku,,3,8,salmon,Salmon,FA8072,,missing_physical_asset
486,524,bd_kyoryonboku,,4,43,royalblue,RoyalBlue,4169E1,,missing_physical_asset
486,524,bd_kyoryonboku,,5,11,orange,Orange,FFA500,,missing_physical_asset
486,524,bd_kyoryonboku,,6,89,very_dark_gray,Very dark gray,333333,,missing_physical_asset
486,524,bd_kyoryonboku,,7,73,goldenrod,Goldenrod,DAA520,,missing_physical_asset
487,525,bd_police_female_KR,,0,91,black,Black,000000,,missing_physical_asset
487,525,bd_police_female_KR,,1,43,royalblue,RoyalBlue,4169E1,,missing_physical_asset
487,525,bd_police_female_KR,,2,53,cyan,Cyan,00FFFF,,missing_physical_asset
487,525,bd_police_female_KR,,3,46,darkblue,DarkBlue,00008B,,missing_physical_asset
487,525,bd_police_female_KR,,4,73,goldenrod,Goldenrod,DAA520,,missing_physical_asset
487,525,bd_police_female_KR,,5,84,white,White,FFFFFF,,missing_physical_asset
487,525,bd_police_female_KR,,6,58,yellowgreen,YellowGreen,9ACD32,,missing_physical_asset
487,525,bd_police_female_KR,,7,40,lightskyblue,LightSkyBlue,87CEFA,,missing_physical_asset
488,526,bd_police_KR,,0,91,black,Black,000000,,missing_physical_asset
488,526,bd_police_KR,,1,43,royalblue,RoyalBlue,4169E1,,missing_physical_asset
488,526,bd_police_KR,,2,53,cyan,Cyan,00FFFF,,missing_physical_asset
488,526,bd_police_KR,,3,46,darkblue,DarkBlue,00008B,,missing_physical_asset
488,526,bd_police_KR,,4,73,goldenrod,Goldenrod,DAA520,,missing_physical_asset
488,526,bd_police_KR,,5,84,white,White,FFFFFF,,missing_physical_asset
488,526,bd_police_KR,,6,58,yellowgreen,YellowGreen,9ACD32,,missing_physical_asset
488,526,bd_police_KR,,7,40,lightskyblue,LightSkyBlue,87CEFA,,missing_physical_asset
489,527,bd_westling,wrestling singlet,0,18,moderate_red,Moderate red,CB0F0F,body_body527,rendered
489,527,bd_westling,wrestling singlet,1,45,blue,Blue,0000FF,body_body527,rendered
489,527,bd_westling,wrestling singlet,2,5,yellow,Yellow,FFFF00,body_body527,rendered
489,527,bd_westling,wrestling singlet,3,42,luminous_vivid_azure,Luminous vivid azure,0066FF,body_body527,rendered
489,527,bd_westling,wrestling singlet,4,68,darkgreen,DarkGreen,006400,body_body527,rendered
489,527,bd_westling,wrestling singlet,5,91,black,Black,000000,body_body527,rendered
489,527,bd_westling,wrestling singlet,6,28,fuchsia,Fuchsia,FF00FF,body_body527,rendered
489,527,bd_westling,wrestling singlet,7,58,yellowgreen,YellowGreen,9ACD32,body_body527,rendered
490,528,bd_ladybug_mini,mini ladybug suit,0,16,red,Red,FF0000,body_body528,rendered
490,528,bd_ladybug_mini,mini ladybug suit,1,84,white,White,FFFFFF,body_body528,rendered
490,528,bd_ladybug_mini,mini ladybug suit,2,80,deep_reddish_brown,Deep reddish brown,560000,body_body528,rendered
490,528,bd_ladybug_mini,mini ladybug suit,3,25,light_brilliant_crimson,Light brilliant crimson,FF4C87,body_body528,rendered
490,528,bd_ladybug_mini,mini ladybug suit,4,55,darkcyan,DarkCyan,008B8B,body_body528,rendered
490,528,bd_ladybug_mini,mini ladybug suit,5,68,darkgreen,DarkGreen,006400,body_body528,rendered
490,528,bd_ladybug_mini,mini ladybug suit,6,90,very_dark_gray_2,Very dark gray 2,232323,body_body528,rendered
490,528,bd_ladybug_mini,mini ladybug suit,7,17,orangered,OrangeRed,FF4500,body_body528,rendered
491,529,bd_child_rompersA_born,cuddling clothes,0,87,gray,Gray,808080,body_body529,rendered
491,529,bd_child_rompersA_born,cuddling clothes,1,87,gray,Gray,808080,body_body529,rendered
491,529,bd_child_rompersA_born,cuddling clothes,2,87,gray,Gray,808080,body_body529,rendered
491,529,bd_child_rompersA_born,cuddling clothes,3,87,gray,Gray,808080,body_body529,rendered
491,529,bd_child_rompersA_born,cuddling clothes,4,87,gray,Gray,808080,body_body529,rendered
491,529,bd_child_rompersA_born,cuddling clothes,5,87,gray,Gray,808080,body_body529,rendered
491,529,bd_child_rompersA_born,cuddling clothes,6,87,gray,Gray,808080,body_body529,rendered
491,529,bd_child_rompersA_born,cuddling clothes,7,87,gray,Gray,808080,body_body529,rendered
