item_index,file_id,label,name,type_id,type_name,headwear_type_id,headwear_type_name,color_slot,color_id,color_label,color_name,rgb_hex,physical_archive,status
0,0,hd_bear,bear hat,4,Special,2,Mask,0,80,deep_reddish_brown,Deep reddish brown,560000,headwear_headwear000,planned_for_render
0,0,hd_bear,bear hat,4,Special,2,Mask,1,83,very_dark_gamboge,Very dark gamboge,332819,headwear_headwear000,planned_for_render
0,0,hd_bear,bear hat,4,Special,2,Mask,2,55,darkcyan,DarkCyan,008B8B,headwear_headwear000,planned_for_render
0,0,hd_bear,bear hat,4,Special,2,Mask,3,2,lemonchiffon,LemonChiffon,FFFACD,headwear_headwear000,planned_for_render
0,0,hd_bear,bear hat,4,Special,2,Mask,4,23,very_light_crimson,Very light crimson,FF82AB,headwear_headwear000,planned_for_render
0,0,hd_bear,bear hat,4,Special,2,Mask,5,73,goldenrod,Goldenrod,DAA520,headwear_headwear000,planned_for_render
0,0,hd_bear,bear hat,4,Special,2,Mask,6,77,chocolate,Chocolate,D2691E,headwear_headwear000,planned_for_render
0,0,hd_bear,bear hat,4,Special,2,Mask,7,62,lime,Lime,00FF00,headwear_headwear000,planned_for_render
1,1,hd_hibiscus,hibiscus barrette,1,Female,1,Accessory,0,3,khaki,Khaki,F0E68C,headwear_headwear001,planned_for_render
1,1,hd_hibiscus,hibiscus barrette,1,Female,1,Accessory,1,8,salmon,Salmon,FA8072,headwear_headwear001,planned_for_render
1,1,hd_hibiscus,hibiscus barrette,1,Female,1,Accessory,2,16,red,Red,FF0000,headwear_headwear001,planned_for_render
1,1,hd_hibiscus,hibiscus barrette,1,Female,1,Accessory,3,19,darkred,DarkRed,8B0000,headwear_headwear001,planned_for_render
1,1,hd_hibiscus,hibiscus barrette,1,Female,1,Accessory,4,29,mediumvioletred,MediumVioletRed,C71585,headwear_headwear001,planned_for_render
1,1,hd_hibiscus,hibiscus barrette,1,Female,1,Accessory,5,42,luminous_vivid_azure,Luminous vivid azure,0066FF,headwear_headwear001,planned_for_render
1,1,hd_hibiscus,hibiscus barrette,1,Female,1,Accessory,6,54,darkturquoise,DarkTurquoise,00CED1,headwear_headwear001,planned_for_render
1,1,hd_hibiscus,hibiscus barrette,1,Female,1,Accessory,7,58,yellowgreen,YellowGreen,9ACD32,headwear_headwear001,planned_for_render
2,2,hd_straw_hat,straw hat,2,Unisex,0,Hat,0,16,red,Red,FF0000,headwear_headwear002,planned_for_render
2,2,hd_straw_hat,straw hat,2,Unisex,0,Hat,1,46,darkblue,DarkBlue,00008B,headwear_headwear002,planned_for_render
2,2,hd_straw_hat,straw hat,2,Unisex,0,Hat,2,1,ivory,Ivory,FFFFF0,headwear_headwear002,planned_for_render
2,2,hd_straw_hat,straw hat,2,Unisex,0,Hat,3,69,very_deep_green,Very deep green,003300,headwear_headwear002,planned_for_render
2,2,hd_straw_hat,straw hat,2,Unisex,0,Hat,4,61,chartreuse,Chartreuse,7FFF00,headwear_headwear002,planned_for_render
2,2,hd_straw_hat,straw hat,2,Unisex,0,Hat,5,5,yellow,Yellow,FFFF00,headwear_headwear002,planned_for_render
2,2,hd_straw_hat,straw hat,2,Unisex,0,Hat,6,26,deeppink,DeepPink,FF1493,headwear_headwear002,planned_for_render
2,2,hd_straw_hat,straw hat,2,Unisex,0,Hat,7,91,black,Black,000000,headwear_headwear002,planned_for_render
3,3,hd_hat,chino bucket hat,2,Unisex,0,Hat,0,66,olive,Olive,808000,headwear_headwear003,planned_for_render
3,3,hd_hat,chino bucket hat,2,Unisex,0,Hat,1,78,brown,Brown,A52A2A,headwear_headwear003,planned_for_render
3,3,hd_hat,chino bucket hat,2,Unisex,0,Hat,2,88,dark_gray,Dark gray,4D4D4D,headwear_headwear003,planned_for_render
3,3,hd_hat,chino bucket hat,2,Unisex,0,Hat,3,47,darkblue_2,DarkBlue_2,1E1E4C,headwear_headwear003,planned_for_render
3,3,hd_hat,chino bucket hat,2,Unisex,0,Hat,4,68,darkgreen,DarkGreen,006400,headwear_headwear003,planned_for_render
3,3,hd_hat,chino bucket hat,2,Unisex,0,Hat,5,72,tan,Tan,D2B48C,headwear_headwear003,planned_for_render
3,3,hd_hat,chino bucket hat,2,Unisex,0,Hat,6,51,cadetblue,CadetBlue,5F9EA0,headwear_headwear003,planned_for_render
3,3,hd_hat,chino bucket hat,2,Unisex,0,Hat,7,38,deep_magenta,Deep magenta,5C005C,headwear_headwear003,planned_for_render
4,4,hd_goggle,goggles,4,Special,1,Accessory,0,41,deepskyblue,DeepSkyBlue,00BFFF,headwear_headwear004,planned_for_render
4,4,hd_goggle,goggles,4,Special,1,Accessory,1,28,fuchsia,Fuchsia,FF00FF,headwear_headwear004,planned_for_render
4,4,hd_goggle,goggles,4,Special,1,Accessory,2,6,gold,Gold,FFD700,headwear_headwear004,planned_for_render
4,4,hd_goggle,goggles,4,Special,1,Accessory,3,91,black,Black,000000,headwear_headwear004,planned_for_render
4,4,hd_goggle,goggles,4,Special,1,Accessory,4,84,white,White,FFFFFF,headwear_headwear004,planned_for_render
4,4,hd_goggle,goggles,4,Special,1,Accessory,5,34,light_brilliant_violet,Light brilliant violet,9933FF,headwear_headwear004,planned_for_render
4,4,hd_goggle,goggles,4,Special,1,Accessory,6,31,plum,Plum,DDA0DD,headwear_headwear004,planned_for_render
4,4,hd_goggle,goggles,4,Special,1,Accessory,7,57,palegreen,PaleGreen,98FB98,headwear_headwear004,planned_for_render
5,5,hd_mini_tengallon,mini ten-gallon hat,1,Female,1,Accessory,0,80,deep_reddish_brown,Deep reddish brown,560000,headwear_headwear005,planned_for_render
5,5,hd_mini_tengallon,mini ten-gallon hat,1,Female,1,Accessory,1,24,hotpink,HotPink,FF69B4,headwear_headwear005,planned_for_render
5,5,hd_mini_tengallon,mini ten-gallon hat,1,Female,1,Accessory,2,36,indigo,Indigo,4B0082,headwear_headwear005,planned_for_render
5,5,hd_mini_tengallon,mini ten-gallon hat,1,Female,1,Accessory,3,20,mistyrose,MistyRose,FFE4E1,headwear_headwear005,planned_for_render
5,5,hd_mini_tengallon,mini ten-gallon hat,1,Female,1,Accessory,4,6,gold,Gold,FFD700,headwear_headwear005,planned_for_render
5,5,hd_mini_tengallon,mini ten-gallon hat,1,Female,1,Accessory,5,66,olive,Olive,808000,headwear_headwear005,planned_for_render
5,5,hd_mini_tengallon,mini ten-gallon hat,1,Female,1,Accessory,6,91,black,Black,000000,headwear_headwear005,planned_for_render
6,6,hd_sunglasses,sunglasses,2,Unisex,1,Accessory,0,91,black,Black,000000,headwear_headwear006,planned_for_render
6,6,hd_sunglasses,sunglasses,2,Unisex,1,Accessory,1,18,moderate_red,Moderate red,CB0F0F,headwear_headwear006,planned_for_render
6,6,hd_sunglasses,sunglasses,2,Unisex,1,Accessory,2,42,luminous_vivid_azure,Luminous vivid azure,0066FF,headwear_headwear006,planned_for_render
6,6,hd_sunglasses,sunglasses,2,Unisex,1,Accessory,3,5,yellow,Yellow,FFFF00,headwear_headwear006,planned_for_render
6,6,hd_sunglasses,sunglasses,2,Unisex,1,Accessory,4,84,white,White,FFFFFF,headwear_headwear006,planned_for_render
6,6,hd_sunglasses,sunglasses,2,Unisex,1,Accessory,5,24,hotpink,HotPink,FF69B4,headwear_headwear006,planned_for_render
6,6,hd_sunglasses,sunglasses,2,Unisex,1,Accessory,6,58,yellowgreen,YellowGreen,9ACD32,headwear_headwear006,planned_for_render
6,6,hd_sunglasses,sunglasses,2,Unisex,1,Accessory,7,87,gray,Gray,808080,headwear_headwear006,planned_for_render
7,7,hd_cat_plain,cat ears,4,Special,1,Accessory,0,73,goldenrod,Goldenrod,DAA520,headwear_headwear007,planned_for_render
7,7,hd_cat_plain,cat ears,4,Special,1,Accessory,1,1,ivory,Ivory,FFFFF0,headwear_headwear007,planned_for_render
7,7,hd_cat_plain,cat ears,4,Special,1,Accessory,2,86,darkgray,DarkGray,A9A9A9,headwear_headwear007,planned_for_render
7,7,hd_cat_plain,cat ears,4,Special,1,Accessory,3,71,burlywood,BurlyWood,DEB887,headwear_headwear007,planned_for_render
7,7,hd_cat_plain,cat ears,4,Special,1,Accessory,4,70,rosybrown,RosyBrown,BC8F8F,headwear_headwear007,planned_for_render
7,7,hd_cat_plain,cat ears,4,Special,1,Accessory,5,91,black,Black,000000,headwear_headwear007,planned_for_render
7,7,hd_cat_plain,cat ears,4,Special,1,Accessory,6,36,indigo,Indigo,4B0082,headwear_headwear007,planned_for_render
7,7,hd_cat_plain,cat ears,4,Special,1,Accessory,7,60,greenyellow,GreenYellow,ADFF2F,headwear_headwear007,planned_for_render
8,8,hd_big_ribbon,big ribbon,1,Female,1,Accessory,0,10,tomato,Tomato,FF6347,headwear_headwear008,planned_for_render
8,8,hd_big_ribbon,big ribbon,1,Female,1,Accessory,1,16,red,Red,FF0000,headwear_headwear008,planned_for_render
8,8,hd_big_ribbon,big ribbon,1,Female,1,Accessory,2,91,black,Black,000000,headwear_headwear008,planned_for_render
8,8,hd_big_ribbon,big ribbon,1,Female,1,Accessory,3,64,mediumseagreen,MediumSeaGreen,3CB371,headwear_headwear008,planned_for_render
8,8,hd_big_ribbon,big ribbon,1,Female,1,Accessory,4,62,lime,Lime,00FF00,headwear_headwear008,planned_for_render
8,8,hd_big_ribbon,big ribbon,1,Female,1,Accessory,5,56,deep_cyan_2,Deep cyan 2,004240,headwear_headwear008,planned_for_render
8,8,hd_big_ribbon,big ribbon,1,Female,1,Accessory,6,2,lemonchiffon,LemonChiffon,FFFACD,headwear_headwear008,planned_for_render
8,8,hd_big_ribbon,big ribbon,1,Female,1,Accessory,7,36,indigo,Indigo,4B0082,headwear_headwear008,planned_for_render
9,9,hd_colorful_hat,multicolor cap,2,Unisex,0,Hat,0,90,very_dark_gray_2,Very dark gray 2,232323,headwear_headwear009,planned_for_render
9,9,hd_colorful_hat,multicolor cap,2,Unisex,0,Hat,1,19,darkred,DarkRed,8B0000,headwear_headwear009,planned_for_render
9,9,hd_colorful_hat,multicolor cap,2,Unisex,0,Hat,2,69,very_deep_green,Very deep green,003300,headwear_headwear009,planned_for_render
9,9,hd_colorful_hat,multicolor cap,2,Unisex,0,Hat,3,35,darkslateblue,DarkSlateBlue,483D8B,headwear_headwear009,planned_for_render
9,9,hd_colorful_hat,multicolor cap,2,Unisex,0,Hat,4,13,luminous_vivid_orange,Luminous vivid orange,FF6600,headwear_headwear009,planned_for_render
9,9,hd_colorful_hat,multicolor cap,2,Unisex,0,Hat,5,66,olive,Olive,808000,headwear_headwear009,planned_for_render
10,10,hd_knit,hand-knit wool hat,2,Unisex,0,Hat,0,47,darkblue_2,DarkBlue_2,1E1E4C,headwear_headwear010,planned_for_render
10,10,hd_knit,hand-knit wool hat,2,Unisex,0,Hat,1,3,khaki,Khaki,F0E68C,headwear_headwear010,planned_for_render
10,10,hd_knit,hand-knit wool hat,2,Unisex,0,Hat,2,80,deep_reddish_brown,Deep reddish brown,560000,headwear_headwear010,planned_for_render
10,10,hd_knit,hand-knit wool hat,2,Unisex,0,Hat,3,16,red,Red,FF0000,headwear_headwear010,planned_for_render
10,10,hd_knit,hand-knit wool hat,2,Unisex,0,Hat,4,41,deepskyblue,DeepSkyBlue,00BFFF,headwear_headwear010,planned_for_render
10,10,hd_knit,hand-knit wool hat,2,Unisex,0,Hat,5,69,very_deep_green,Very deep green,003300,headwear_headwear010,planned_for_render
10,10,hd_knit,hand-knit wool hat,2,Unisex,0,Hat,6,74,darkgoldenrod,DarkGoldenrod,B8860B,headwear_headwear010,planned_for_render
10,10,hd_knit,hand-knit wool hat,2,Unisex,0,Hat,7,90,very_dark_gray_2,Very dark gray 2,232323,headwear_headwear010,planned_for_render
11,11,hd_santa,Santa hat,4,Special,0,Hat,0,18,moderate_red,Moderate red,CB0F0F,headwear_headwear011,planned_for_render
11,11,hd_santa,Santa hat,4,Special,0,Hat,1,46,darkblue,DarkBlue,00008B,headwear_headwear011,planned_for_render
11,11,hd_santa,Santa hat,4,Special,0,Hat,2,6,gold,Gold,FFD700,headwear_headwear011,planned_for_render
11,11,hd_santa,Santa hat,4,Special,0,Hat,3,24,hotpink,HotPink,FF69B4,headwear_headwear011,planned_for_render
11,11,hd_santa,Santa hat,4,Special,0,Hat,4,68,darkgreen,DarkGreen,006400,headwear_headwear011,planned_for_render
11,11,hd_santa,Santa hat,4,Special,0,Hat,5,89,very_dark_gray,Very dark gray,333333,headwear_headwear011,planned_for_render
11,11,hd_santa,Santa hat,4,Special,0,Hat,6,37,darkmagenta,DarkMagenta,8B008B,headwear_headwear011,planned_for_render
11,11,hd_santa,Santa hat,4,Special,0,Hat,7,41,deepskyblue,DeepSkyBlue,00BFFF,headwear_headwear011,planned_for_render
12,12,hd_weddingveil,veil,1,Female,1,Accessory,0,30,lavender,Lavender,E6E6FA,headwear_headwear012,planned_for_render
12,12,hd_weddingveil,veil,1,Female,1,Accessory,1,22,lightcoral,LightCoral,F08080,headwear_headwear012,planned_for_render
12,12,hd_weddingveil,veil,1,Female,1,Accessory,2,71,burlywood,BurlyWood,DEB887,headwear_headwear012,planned_for_render
12,12,hd_weddingveil,veil,1,Female,1,Accessory,3,86,darkgray,DarkGray,A9A9A9,headwear_headwear012,planned_for_render
12,12,hd_weddingveil,veil,1,Female,1,Accessory,4,43,royalblue,RoyalBlue,4169E1,headwear_headwear012,planned_for_render
12,12,hd_weddingveil,veil,1,Female,1,Accessory,5,73,goldenrod,Goldenrod,DAA520,headwear_headwear012,planned_for_render
12,12,hd_weddingveil,veil,1,Female,1,Accessory,6,34,light_brilliant_violet,Light brilliant violet,9933FF,headwear_headwear012,planned_for_render
12,12,hd_weddingveil,veil,1,Female,1,Accessory,7,57,palegreen,PaleGreen,98FB98,headwear_headwear012,planned_for_render
13,13,hd_headband,antenna,4,Special,1,Accessory,0,88,dark_gray,Dark gray,4D4D4D,headwear_headwear013,planned_for_render
13,13,hd_headband,antenna,4,Special,1,Accessory,1,75,moderate_amber,Moderate amber,886308,headwear_headwear013,planned_for_render
13,13,hd_headband,antenna,4,Special,1,Accessory,2,91,black,Black,000000,headwear_headwear013,planned_for_render
13,13,hd_headband,antenna,4,Special,1,Accessory,3,16,red,Red,FF0000,headwear_headwear013,planned_for_render
13,13,hd_headband,antenna,4,Special,1,Accessory,4,45,blue,Blue,0000FF,headwear_headwear013,planned_for_render
13,13,hd_headband,antenna,4,Special,1,Accessory,5,85,lightgrey,LightGrey,D3D3D3,headwear_headwear013,planned_for_render
14,14,hd_hannya_omen,scary mask,4,Special,2,Mask,0,1,ivory,Ivory,FFFFF0,headwear_headwear014,planned_for_render
14,14,hd_hannya_omen,scary mask,4,Special,2,Mask,1,6,gold,Gold,FFD700,headwear_headwear014,planned_for_render
14,14,hd_hannya_omen,scary mask,4,Special,2,Mask,2,16,red,Red,FF0000,headwear_headwear014,planned_for_render
14,14,hd_hannya_omen,scary mask,4,Special,2,Mask,3,40,lightskyblue,LightSkyBlue,87CEFA,headwear_headwear014,planned_for_render
14,14,hd_hannya_omen,scary mask,4,Special,2,Mask,4,79,saddlebrown,SaddleBrown,8B4513,headwear_headwear014,planned_for_render
14,14,hd_hannya_omen,scary mask,4,Special,2,Mask,5,87,gray,Gray,808080,headwear_headwear014,planned_for_render
15,15,hd_monster,dinosaur hat,4,Special,2,Mask,0,69,very_deep_green,Very deep green,003300,headwear_headwear015,planned_for_render
15,15,hd_monster,dinosaur hat,4,Special,2,Mask,1,83,very_dark_gamboge,Very dark gamboge,332819,headwear_headwear015,planned_for_render
15,15,hd_monster,dinosaur hat,4,Special,2,Mask,2,80,deep_reddish_brown,Deep reddish brown,560000,headwear_headwear015,planned_for_render
15,15,hd_monster,dinosaur hat,4,Special,2,Mask,3,26,deeppink,DeepPink,FF1493,headwear_headwear015,planned_for_render
15,15,hd_monster,dinosaur hat,4,Special,2,Mask,4,67,darkolivegreen,DarkOliveGreen,556B2F,headwear_headwear015,planned_for_render
15,15,hd_monster,dinosaur hat,4,Special,2,Mask,5,75,moderate_amber,Moderate amber,886308,headwear_headwear015,planned_for_render
15,15,hd_monster,dinosaur hat,4,Special,2,Mask,6,91,black,Black,000000,headwear_headwear015,planned_for_render
15,15,hd_monster,dinosaur hat,4,Special,2,Mask,7,11,orange,Orange,FFA500,headwear_headwear015,planned_for_render
16,16,hd_police,police hat,3,Uniform,0,Hat,0,43,royalblue,RoyalBlue,4169E1,headwear_headwear016,planned_for_render
16,16,hd_police,police hat,3,Uniform,0,Hat,1,91,black,Black,000000,headwear_headwear016,planned_for_render
16,16,hd_police,police hat,3,Uniform,0,Hat,2,53,cyan,Cyan,00FFFF,headwear_headwear016,planned_for_render
16,16,hd_police,police hat,3,Uniform,0,Hat,3,46,darkblue,DarkBlue,00008B,headwear_headwear016,planned_for_render
16,16,hd_police,police hat,3,Uniform,0,Hat,4,73,goldenrod,Goldenrod,DAA520,headwear_headwear016,planned_for_render
16,16,hd_police,police hat,3,Uniform,0,Hat,5,84,white,White,FFFFFF,headwear_headwear016,planned_for_render
16,16,hd_police,police hat,3,Uniform,0,Hat,6,58,yellowgreen,YellowGreen,9ACD32,headwear_headwear016,planned_for_render
16,16,hd_police,police hat,3,Uniform,0,Hat,7,40,lightskyblue,LightSkyBlue,87CEFA,headwear_headwear016,planned_for_render
17,17,hd_police_female,,3,Uniform,0,Hat,0,43,royalblue,RoyalBlue,4169E1,,missing_physical_asset
17,17,hd_police_female,,3,Uniform,0,Hat,1,91,black,Black,000000,,missing_physical_asset
17,17,hd_police_female,,3,Uniform,0,Hat,2,53,cyan,Cyan,00FFFF,,missing_physical_asset
17,17,hd_police_female,,3,Uniform,0,Hat,3,46,darkblue,DarkBlue,00008B,,missing_physical_asset
17,17,hd_police_female,,3,Uniform,0,Hat,4,73,goldenrod,Goldenrod,DAA520,,missing_physical_asset
17,17,hd_police_female,,3,Uniform,0,Hat,5,84,white,White,FFFFFF,,missing_physical_asset
17,17,hd_police_female,,3,Uniform,0,Hat,6,58,yellowgreen,YellowGreen,9ACD32,,missing_physical_asset
17,17,hd_police_female,,3,Uniform,0,Hat,7,40,lightskyblue,LightSkyBlue,87CEFA,,missing_physical_asset
18,18,hd_penguin,penguin hat,4,Special,2,Mask,0,91,black,Black,000000,headwear_headwear018,planned_for_render
18,18,hd_penguin,penguin hat,4,Special,2,Mask,1,42,luminous_vivid_azure,Luminous vivid azure,0066FF,headwear_headwear018,planned_for_render
18,18,hd_penguin,penguin hat,4,Special,2,Mask,2,25,light_brilliant_crimson,Light brilliant crimson,FF4C87,headwear_headwear018,planned_for_render
18,18,hd_penguin,penguin hat,4,Special,2,Mask,3,87,gray,Gray,808080,headwear_headwear018,planned_for_render
18,18,hd_penguin,penguin hat,4,Special,2,Mask,4,52,steelblue,SteelBlue,4682B4,headwear_headwear018,planned_for_render
18,18,hd_penguin,penguin hat,4,Special,2,Mask,5,13,luminous_vivid_orange,Luminous vivid orange,FF6600,headwear_headwear018,planned_for_render
18,18,hd_penguin,penguin hat,4,Special,2,Mask,6,69,very_deep_green,Very deep green,003300,headwear_headwear018,planned_for_render
18,18,hd_penguin,penguin hat,4,Special,2,Mask,7,55,darkcyan,DarkCyan,008B8B,headwear_headwear018,planned_for_render
19,19,hd_head_dress,fascinator,1,Female,1,Accessory,0,28,fuchsia,Fuchsia,FF00FF,headwear_headwear019,planned_for_render
19,19,hd_head_dress,fascinator,1,Female,1,Accessory,1,56,deep_cyan_2,Deep cyan 2,004240,headwear_headwear019,planned_for_render
19,19,hd_head_dress,fascinator,1,Female,1,Accessory,2,91,black,Black,000000,headwear_headwear019,planned_for_render
19,19,hd_head_dress,fascinator,1,Female,1,Accessory,3,78,brown,Brown,A52A2A,headwear_headwear019,planned_for_render
19,19,hd_head_dress,fascinator,1,Female,1,Accessory,4,7,peachpuff,PeachPuff,FFDAB9,headwear_headwear019,planned_for_render
19,19,hd_head_dress,fascinator,1,Female,1,Accessory,5,6,gold,Gold,FFD700,headwear_headwear019,planned_for_render
19,19,hd_head_dress,fascinator,1,Female,1,Accessory,6,65,olivedrab,OliveDrab,6B8E23,headwear_headwear019,planned_for_render
19,19,hd_head_dress,fascinator,1,Female,1,Accessory,7,48,deep_blue,Deep blue,000054,headwear_headwear019,planned_for_render
20,20,hd_western_kabuto,knight helmet,4,Special,2,Mask,0,88,dark_gray,Dark gray,4D4D4D,headwear_headwear020,planned_for_render
20,20,hd_western_kabuto,knight helmet,4,Special,2,Mask,1,74,darkgoldenrod,DarkGoldenrod,B8860B,headwear_headwear020,planned_for_render
20,20,hd_western_kabuto,knight helmet,4,Special,2,Mask,2,19,darkred,DarkRed,8B0000,headwear_headwear020,planned_for_render
20,20,hd_western_kabuto,knight helmet,4,Special,2,Mask,3,85,lightgrey,LightGrey,D3D3D3,headwear_headwear020,planned_for_render
20,20,hd_western_kabuto,knight helmet,4,Special,2,Mask,4,56,deep_cyan_2,Deep cyan 2,004240,headwear_headwear020,planned_for_render
20,20,hd_western_kabuto,knight helmet,4,Special,2,Mask,5,91,black,Black,000000,headwear_headwear020,planned_for_render
20,20,hd_western_kabuto,knight helmet,4,Special,2,Mask,6,29,mediumvioletred,MediumVioletRed,C71585,headwear_headwear020,planned_for_render
20,20,hd_western_kabuto,knight helmet,4,Special,2,Mask,7,46,darkblue,DarkBlue,00008B,headwear_headwear020,planned_for_render
21,21,hd_chief,chef hat,3,Uniform,0,Hat,0,30,lavender,Lavender,E6E6FA,headwear_headwear021,planned_for_render
21,21,hd_chief,chef hat,3,Uniform,0,Hat,1,19,darkred,DarkRed,8B0000,headwear_headwear021,planned_for_render
21,21,hd_chief,chef hat,3,Uniform,0,Hat,2,4,light_brilliant_amber_yellow,Light brilliant amber yellow,FFEC65,headwear_headwear021,planned_for_render
21,21,hd_chief,chef hat,3,Uniform,0,Hat,3,90,very_dark_gray_2,Very dark gray 2,232323,headwear_headwear021,planned_for_render
21,21,hd_chief,chef hat,3,Uniform,0,Hat,4,27,very_light_magenta,Very light magenta,FF99FF,headwear_headwear021,planned_for_render
21,21,hd_chief,chef hat,3,Uniform,0,Hat,5,66,olive,Olive,808000,headwear_headwear021,planned_for_render
21,21,hd_chief,chef hat,3,Uniform,0,Hat,6,74,darkgoldenrod,DarkGoldenrod,B8860B,headwear_headwear021,planned_for_render
21,21,hd_chief,chef hat,3,Uniform,0,Hat,7,40,lightskyblue,LightSkyBlue,87CEFA,headwear_headwear021,planned_for_render
22,22,hd_wing_tiara,feather tiara,1,Female,1,Accessory,0,84,white,White,FFFFFF,headwear_headwear022,planned_for_render
22,22,hd_wing_tiara,feather tiara,1,Female,1,Accessory,1,9,coral,Coral,FF7F50,headwear_headwear022,planned_for_render
22,22,hd_wing_tiara,feather tiara,1,Female,1,Accessory,2,62,lime,Lime,00FF00,headwear_headwear022,planned_for_render
22,22,hd_wing_tiara,feather tiara,1,Female,1,Accessory,3,43,royalblue,RoyalBlue,4169E1,headwear_headwear022,planned_for_render
22,22,hd_wing_tiara,feather tiara,1,Female,1,Accessory,4,75,moderate_amber,Moderate amber,886308,headwear_headwear022,planned_for_render
22,22,hd_wing_tiara,feather tiara,1,Female,1,Accessory,5,91,black,Black,000000,headwear_headwear022,planned_for_render
22,22,hd_wing_tiara,feather tiara,1,Female,1,Accessory,6,16,red,Red,FF0000,headwear_headwear022,planned_for_render
22,22,hd_wing_tiara,feather tiara,1,Female,1,Accessory,7,37,darkmagenta,DarkMagenta,8B008B,headwear_headwear022,planned_for_render
23,23,hd_princess_tiara,princess tiara,4,Special,1,Accessory,0,26,deeppink,DeepPink,FF1493,headwear_headwear023,planned_for_render
23,23,hd_princess_tiara,princess tiara,4,Special,1,Accessory,1,46,darkblue,DarkBlue,00008B,headwear_headwear023,planned_for_render
23,23,hd_princess_tiara,princess tiara,4,Special,1,Accessory,2,76,dark_amber,Dark amber,624806,headwear_headwear023,planned_for_render
23,23,hd_princess_tiara,princess tiara,4,Special,1,Accessory,3,6,gold,Gold,FFD700,headwear_headwear023,planned_for_render
23,23,hd_princess_tiara,princess tiara,4,Special,1,Accessory,4,37,darkmagenta,DarkMagenta,8B008B,headwear_headwear023,planned_for_render
23,23,hd_princess_tiara,princess tiara,4,Special,1,Accessory,5,64,mediumseagreen,MediumSeaGreen,3CB371,headwear_headwear023,planned_for_render
23,23,hd_princess_tiara,princess tiara,4,Special,1,Accessory,6,86,darkgray,DarkGray,A9A9A9,headwear_headwear023,planned_for_render
23,23,hd_princess_tiara,princess tiara,4,Special,1,Accessory,7,61,chartreuse,Chartreuse,7FFF00,headwear_headwear023,planned_for_render
24,24,hd_mummy,bandages,4,Special,2,Mask,0,72,tan,Tan,D2B48C,headwear_headwear024,planned_for_render
24,24,hd_mummy,bandages,4,Special,2,Mask,1,33,mediumslateblue,MediumSlateBlue,7B68EE,headwear_headwear024,planned_for_render
24,24,hd_mummy,bandages,4,Special,2,Mask,2,6,gold,Gold,FFD700,headwear_headwear024,planned_for_render
24,24,hd_mummy,bandages,4,Special,2,Mask,3,85,lightgrey,LightGrey,D3D3D3,headwear_headwear024,planned_for_render
24,24,hd_mummy,bandages,4,Special,2,Mask,4,81,deep_brown_red,Deep brown red,3E1300,headwear_headwear024,planned_for_render
24,24,hd_mummy,bandages,4,Special,2,Mask,5,56,deep_cyan_2,Deep cyan 2,004240,headwear_headwear024,planned_for_render
24,24,hd_mummy,bandages,4,Special,2,Mask,6,90,very_dark_gray_2,Very dark gray 2,232323,headwear_headwear024,planned_for_render
24,24,hd_mummy,bandages,4,Special,2,Mask,7,28,fuchsia,Fuchsia,FF00FF,headwear_headwear024,planned_for_render
25,25,hd_ninjya,ninja mask,4,Special,0,Hat,0,91,black,Black,000000,headwear_headwear025,planned_for_render
25,25,hd_ninjya,ninja mask,4,Special,0,Hat,1,85,lightgrey,LightGrey,D3D3D3,headwear_headwear025,planned_for_render
25,25,hd_ninjya,ninja mask,4,Special,0,Hat,2,56,deep_cyan_2,Deep cyan 2,004240,headwear_headwear025,planned_for_render
25,25,hd_ninjya,ninja mask,4,Special,0,Hat,3,18,moderate_red,Moderate red,CB0F0F,headwear_headwear025,planned_for_render
25,25,hd_ninjya,ninja mask,4,Special,0,Hat,4,25,light_brilliant_crimson,Light brilliant crimson,FF4C87,headwear_headwear025,planned_for_render
25,25,hd_ninjya,ninja mask,4,Special,0,Hat,5,47,darkblue_2,DarkBlue_2,1E1E4C,headwear_headwear025,planned_for_render
25,25,hd_ninjya,ninja mask,4,Special,0,Hat,6,38,deep_magenta,Deep magenta,5C005C,headwear_headwear025,planned_for_render
25,25,hd_ninjya,ninja mask,4,Special,0,Hat,7,42,luminous_vivid_azure,Luminous vivid azure,0066FF,headwear_headwear025,planned_for_render
26,26,hd_baseball,baseball hat,3,Uniform,0,Hat,0,51,cadetblue,CadetBlue,5F9EA0,headwear_headwear026,planned_for_render
26,26,hd_baseball,baseball hat,3,Uniform,0,Hat,1,6,gold,Gold,FFD700,headwear_headwear026,planned_for_render
26,26,hd_baseball,baseball hat,3,Uniform,0,Hat,2,89,very_dark_gray,Very dark gray,333333,headwear_headwear026,planned_for_render
26,26,hd_baseball,baseball hat,3,Uniform,0,Hat,3,13,luminous_vivid_orange,Luminous vivid orange,FF6600,headwear_headwear026,planned_for_render
26,26,hd_baseball,baseball hat,3,Uniform,0,Hat,4,37,darkmagenta,DarkMagenta,8B008B,headwear_headwear026,planned_for_render
26,26,hd_baseball,baseball hat,3,Uniform,0,Hat,5,18,moderate_red,Moderate red,CB0F0F,headwear_headwear026,planned_for_render
26,26,hd_baseball,baseball hat,3,Uniform,0,Hat,6,42,luminous_vivid_azure,Luminous vivid azure,0066FF,headwear_headwear026,planned_for_render
26,26,hd_baseball,baseball hat,3,Uniform,0,Hat,7,84,white,White,FFFFFF,headwear_headwear026,planned_for_render
27,27,hd_kurukuru,curly-locks wig,4,Special,2,Mask,0,4,light_brilliant_amber_yellow,Light brilliant amber yellow,FFEC65,headwear_headwear027,planned_for_render
27,27,hd_kurukuru,curly-locks wig,4,Special,2,Mask,1,91,black,Black,000000,headwear_headwear027,planned_for_render
27,27,hd_kurukuru,curly-locks wig,4,Special,2,Mask,2,74,darkgoldenrod,DarkGoldenrod,B8860B,headwear_headwear027,planned_for_render
27,27,hd_kurukuru,curly-locks wig,4,Special,2,Mask,3,13,luminous_vivid_orange,Luminous vivid orange,FF6600,headwear_headwear027,planned_for_render
27,27,hd_kurukuru,curly-locks wig,4,Special,2,Mask,4,85,lightgrey,LightGrey,D3D3D3,headwear_headwear027,planned_for_render
27,27,hd_kurukuru,curly-locks wig,4,Special,2,Mask,5,21,pink,Pink,FFC0CB,headwear_headwear027,planned_for_render
27,27,hd_kurukuru,curly-locks wig,4,Special,2,Mask,6,50,aquamarine,Aquamarine,7FFFD4,headwear_headwear027,planned_for_render
27,27,hd_kurukuru,curly-locks wig,4,Special,2,Mask,7,57,palegreen,PaleGreen,98FB98,headwear_headwear027,planned_for_render
28,28,hd_wing_hat,feather hat,1,Female,0,Hat,0,38,deep_magenta,Deep magenta,5C005C,headwear_headwear028,planned_for_render
28,28,hd_wing_hat,feather hat,1,Female,0,Hat,1,69,very_deep_green,Very deep green,003300,headwear_headwear028,planned_for_render
28,28,hd_wing_hat,feather hat,1,Female,0,Hat,2,17,orangered,OrangeRed,FF4500,headwear_headwear028,planned_for_render
28,28,hd_wing_hat,feather hat,1,Female,0,Hat,3,16,red,Red,FF0000,headwear_headwear028,planned_for_render
28,28,hd_wing_hat,feather hat,1,Female,0,Hat,4,72,tan,Tan,D2B48C,headwear_headwear028,planned_for_render
28,28,hd_wing_hat,feather hat,1,Female,0,Hat,5,48,deep_blue,Deep blue,000054,headwear_headwear028,planned_for_render
28,28,hd_wing_hat,feather hat,1,Female,0,Hat,6,81,deep_brown_red,Deep brown red,3E1300,headwear_headwear028,planned_for_render
28,28,hd_wing_hat,feather hat,1,Female,0,Hat,7,91,black,Black,000000,headwear_headwear028,planned_for_render
29,29,hd_crown,royal crown,4,Special,0,Hat,0,18,moderate_red,Moderate red,CB0F0F,headwear_headwear029,planned_for_render
29,29,hd_crown,royal crown,4,Special,0,Hat,1,48,deep_blue,Deep blue,000054,headwear_headwear029,planned_for_render
29,29,hd_crown,royal crown,4,Special,0,Hat,2,91,black,Black,000000,headwear_headwear029,planned_for_render
29,29,hd_crown,royal crown,4,Special,0,Hat,3,66,olive,Olive,808000,headwear_headwear029,planned_for_render
29,29,hd_crown,royal crown,4,Special,0,Hat,4,80,deep_reddish_brown,Deep reddish brown,560000,headwear_headwear029,planned_for_render
29,29,hd_crown,royal crown,4,Special,0,Hat,5,85,lightgrey,LightGrey,D3D3D3,headwear_headwear029,planned_for_render
29,29,hd_crown,royal crown,4,Special,0,Hat,6,26,deeppink,DeepPink,FF1493,headwear_headwear029,planned_for_render
29,29,hd_crown,royal crown,4,Special,0,Hat,7,33,mediumslateblue,MediumSlateBlue,7B68EE,headwear_headwear029,planned_for_render
30,30,hd_guard,guard hat,3,Uniform,0,Hat,0,56,deep_cyan_2,Deep cyan 2,004240,headwear_headwear030,planned_for_render
30,30,hd_guard,guard hat,3,Uniform,0,Hat,1,90,very_dark_gray_2,Very dark gray 2,232323,headwear_headwear030,planned_for_render
30,30,hd_guard,guard hat,3,Uniform,0,Hat,2,91,black,Black,000000,headwear_headwear030,planned_for_render
30,30,hd_guard,guard hat,3,Uniform,0,Hat,3,19,darkred,DarkRed,8B0000,headwear_headwear030,planned_for_render
30,30,hd_guard,guard hat,3,Uniform,0,Hat,4,61,chartreuse,Chartreuse,7FFF00,headwear_headwear030,planned_for_render
30,30,hd_guard,guard hat,3,Uniform,0,Hat,5,84,white,White,FFFFFF,headwear_headwear030,planned_for_render
30,30,hd_guard,guard hat,3,Uniform,0,Hat,6,52,steelblue,SteelBlue,4682B4,headwear_headwear030,planned_for_render
30,30,hd_guard,guard hat,3,Uniform,0,Hat,7,77,chocolate,Chocolate,D2691E,headwear_headwear030,planned_for_render
31,31,hd_post,postal hat,3,Uniform,0,Hat,0,56,deep_cyan_2,Deep cyan 2,004240,headwear_headwear031,planned_for_render
31,31,hd_post,postal hat,3,Uniform,0,Hat,1,47,darkblue_2,DarkBlue_2,1E1E4C,headwear_headwear031,planned_for_render
31,31,hd_post,postal hat,3,Uniform,0,Hat,2,19,darkred,DarkRed,8B0000,headwear_headwear031,planned_for_render
31,31,hd_post,postal hat,3,Uniform,0,Hat,3,86,darkgray,DarkGray,A9A9A9,headwear_headwear031,planned_for_render
31,31,hd_post,postal hat,3,Uniform,0,Hat,4,74,darkgoldenrod,DarkGoldenrod,B8860B,headwear_headwear031,planned_for_render
32,32,hd_dwarf,elf hat,4,Special,0,Hat,0,68,darkgreen,DarkGreen,006400,headwear_headwear032,planned_for_render
32,32,hd_dwarf,elf hat,4,Special,0,Hat,1,45,blue,Blue,0000FF,headwear_headwear032,planned_for_render
32,32,hd_dwarf,elf hat,4,Special,0,Hat,2,81,deep_brown_red,Deep brown red,3E1300,headwear_headwear032,planned_for_render
32,32,hd_dwarf,elf hat,4,Special,0,Hat,3,16,red,Red,FF0000,headwear_headwear032,planned_for_render
32,32,hd_dwarf,elf hat,4,Special,0,Hat,4,13,luminous_vivid_orange,Luminous vivid orange,FF6600,headwear_headwear032,planned_for_render
32,32,hd_dwarf,elf hat,4,Special,0,Hat,5,37,darkmagenta,DarkMagenta,8B008B,headwear_headwear032,planned_for_render
32,32,hd_dwarf,elf hat,4,Special,0,Hat,6,91,black,Black,000000,headwear_headwear032,planned_for_render
32,32,hd_dwarf,elf hat,4,Special,0,Hat,7,58,yellowgreen,YellowGreen,9ACD32,headwear_headwear032,planned_for_render
33,33,hd_fireman,firefighter helmet,3,Uniform,2,Mask,0,17,orangered,OrangeRed,FF4500,headwear_headwear033,planned_for_render
33,33,hd_fireman,firefighter helmet,3,Uniform,2,Mask,1,86,darkgray,DarkGray,A9A9A9,headwear_headwear033,planned_for_render
33,33,hd_fireman,firefighter helmet,3,Uniform,2,Mask,2,47,darkblue_2,DarkBlue_2,1E1E4C,headwear_headwear033,planned_for_render
33,33,hd_fireman,firefighter helmet,3,Uniform,2,Mask,3,75,moderate_amber,Moderate amber,886308,headwear_headwear033,planned_for_render
33,33,hd_fireman,firefighter helmet,3,Uniform,2,Mask,4,6,gold,Gold,FFD700,headwear_headwear033,planned_for_render
33,33,hd_fireman,firefighter helmet,3,Uniform,2,Mask,5,89,very_dark_gray,Very dark gray,333333,headwear_headwear033,planned_for_render
33,33,hd_fireman,firefighter helmet,3,Uniform,2,Mask,6,16,red,Red,FF0000,headwear_headwear033,planned_for_render
33,33,hd_fireman,firefighter helmet,3,Uniform,2,Mask,7,64,mediumseagreen,MediumSeaGreen,3CB371,headwear_headwear033,planned_for_render
34,34,hd_bandanna_towel,towel bandana,0,Male,0,Hat,0,1,ivory,Ivory,FFFFF0,headwear_headwear034,planned_for_render
34,34,hd_bandanna_towel,towel bandana,0,Male,0,Hat,1,91,black,Black,000000,headwear_headwear034,planned_for_render
34,34,hd_bandanna_towel,towel bandana,0,Male,0,Hat,2,48,deep_blue,Deep blue,000054,headwear_headwear034,planned_for_render
34,34,hd_bandanna_towel,towel bandana,0,Male,0,Hat,3,5,yellow,Yellow,FFFF00,headwear_headwear034,planned_for_render
34,34,hd_bandanna_towel,towel bandana,0,Male,0,Hat,4,16,red,Red,FF0000,headwear_headwear034,planned_for_render
34,34,hd_bandanna_towel,towel bandana,0,Male,0,Hat,5,3,khaki,Khaki,F0E68C,headwear_headwear034,planned_for_render
34,34,hd_bandanna_towel,towel bandana,0,Male,0,Hat,6,8,salmon,Salmon,FA8072,headwear_headwear034,planned_for_render
34,34,hd_bandanna_towel,towel bandana,0,Male,0,Hat,7,58,yellowgreen,YellowGreen,9ACD32,headwear_headwear034,planned_for_render
35,35,hd_pirate,pirate hat,4,Special,0,Hat,0,91,black,Black,000000,headwear_headwear035,planned_for_render
35,35,hd_pirate,pirate hat,4,Special,0,Hat,1,74,darkgoldenrod,DarkGoldenrod,B8860B,headwear_headwear035,planned_for_render
35,35,hd_pirate,pirate hat,4,Special,0,Hat,2,48,deep_blue,Deep blue,000054,headwear_headwear035,planned_for_render
35,35,hd_pirate,pirate hat,4,Special,0,Hat,3,80,deep_reddish_brown,Deep reddish brown,560000,headwear_headwear035,planned_for_render
35,35,hd_pirate,pirate hat,4,Special,0,Hat,4,11,orange,Orange,FFA500,headwear_headwear035,planned_for_render
35,35,hd_pirate,pirate hat,4,Special,0,Hat,5,52,steelblue,SteelBlue,4682B4,headwear_headwear035,planned_for_render
35,35,hd_pirate,pirate hat,4,Special,0,Hat,6,85,lightgrey,LightGrey,D3D3D3,headwear_headwear035,planned_for_render
35,35,hd_pirate,pirate hat,4,Special,0,Hat,7,63,limegreen,LimeGreen,32CD32,headwear_headwear035,planned_for_render
36,36,hd_fur_hat,faux-fur headband,1,Female,1,Accessory,0,81,deep_brown_red,Deep brown red,3E1300,headwear_headwear036,planned_for_render
36,36,hd_fur_hat,faux-fur headband,1,Female,1,Accessory,1,2,lemonchiffon,LemonChiffon,FFFACD,headwear_headwear036,planned_for_render
36,36,hd_fur_hat,faux-fur headband,1,Female,1,Accessory,2,70,rosybrown,RosyBrown,BC8F8F,headwear_headwear036,planned_for_render
36,36,hd_fur_hat,faux-fur headband,1,Female,1,Accessory,3,19,darkred,DarkRed,8B0000,headwear_headwear036,planned_for_render
36,36,hd_fur_hat,faux-fur headband,1,Female,1,Accessory,4,91,black,Black,000000,headwear_headwear036,planned_for_render
36,36,hd_fur_hat,faux-fur headband,1,Female,1,Accessory,5,73,goldenrod,Goldenrod,DAA520,headwear_headwear036,planned_for_render
36,36,hd_fur_hat,faux-fur headband,1,Female,1,Accessory,6,4,light_brilliant_amber_yellow,Light brilliant amber yellow,FFEC65,headwear_headwear036,planned_for_render
36,36,hd_fur_hat,faux-fur headband,1,Female,1,Accessory,7,8,salmon,Salmon,FA8072,headwear_headwear036,planned_for_render
37,37,hd_lace_headband,lace headband,1,Female,1,Accessory,0,91,black,Black,000000,headwear_headwear037,planned_for_render
37,37,hd_lace_headband,lace headband,1,Female,1,Accessory,1,56,deep_cyan_2,Deep cyan 2,004240,headwear_headwear037,planned_for_render
37,37,hd_lace_headband,lace headband,1,Female,1,Accessory,2,70,rosybrown,RosyBrown,BC8F8F,headwear_headwear037,planned_for_render
37,37,hd_lace_headband,lace headband,1,Female,1,Accessory,3,87,gray,Gray,808080,headwear_headwear037,planned_for_render
37,37,hd_lace_headband,lace headband,1,Female,1,Accessory,4,32,mediumpurple,MediumPurple,9370DB,headwear_headwear037,planned_for_render
37,37,hd_lace_headband,lace headband,1,Female,1,Accessory,5,74,darkgoldenrod,DarkGoldenrod,B8860B,headwear_headwear037,planned_for_render
37,37,hd_lace_headband,lace headband,1,Female,1,Accessory,6,10,tomato,Tomato,FF6347,headwear_headwear037,planned_for_render
37,37,hd_lace_headband,lace headband,1,Female,1,Accessory,7,48,deep_blue,Deep blue,000054,headwear_headwear037,planned_for_render
38,38,hd_spaceman,space helmet,4,Special,2,Mask,0,84,white,White,FFFFFF,headwear_headwear038,planned_for_render
38,38,hd_spaceman,space helmet,4,Special,2,Mask,1,91,black,Black,000000,headwear_headwear038,planned_for_render
38,38,hd_spaceman,space helmet,4,Special,2,Mask,2,48,deep_blue,Deep blue,000054,headwear_headwear038,planned_for_render
38,38,hd_spaceman,space helmet,4,Special,2,Mask,3,16,red,Red,FF0000,headwear_headwear038,planned_for_render
38,38,hd_spaceman,space helmet,4,Special,2,Mask,4,17,orangered,OrangeRed,FF4500,headwear_headwear038,planned_for_render
38,38,hd_spaceman,space helmet,4,Special,2,Mask,5,5,yellow,Yellow,FFFF00,headwear_headwear038,planned_for_render
38,38,hd_spaceman,space helmet,4,Special,2,Mask,6,23,very_light_crimson,Very light crimson,FF82AB,headwear_headwear038,planned_for_render
38,38,hd_spaceman,space helmet,4,Special,2,Mask,7,56,deep_cyan_2,Deep cyan 2,004240,headwear_headwear038,planned_for_render
39,39,hd_creature,futuristic antennae,4,Special,1,Accessory,0,64,mediumseagreen,MediumSeaGreen,3CB371,headwear_headwear039,planned_for_render
39,39,hd_creature,futuristic antennae,4,Special,1,Accessory,1,36,indigo,Indigo,4B0082,headwear_headwear039,planned_for_render
39,39,hd_creature,futuristic antennae,4,Special,1,Accessory,2,31,plum,Plum,DDA0DD,headwear_headwear039,planned_for_render
39,39,hd_creature,futuristic antennae,4,Special,1,Accessory,3,91,black,Black,000000,headwear_headwear039,planned_for_render
39,39,hd_creature,futuristic antennae,4,Special,1,Accessory,4,16,red,Red,FF0000,headwear_headwear039,planned_for_render
39,39,hd_creature,futuristic antennae,4,Special,1,Accessory,5,65,olivedrab,OliveDrab,6B8E23,headwear_headwear039,planned_for_render
39,39,hd_creature,futuristic antennae,4,Special,1,Accessory,6,74,darkgoldenrod,DarkGoldenrod,B8860B,headwear_headwear039,planned_for_render
39,39,hd_creature,futuristic antennae,4,Special,1,Accessory,7,42,luminous_vivid_azure,Luminous vivid azure,0066FF,headwear_headwear039,planned_for_render
40,40,hd_bandanna,bandana,2,Unisex,0,Hat,0,16,red,Red,FF0000,headwear_headwear040,planned_for_render
40,40,hd_bandanna,bandana,2,Unisex,0,Hat,1,46,darkblue,DarkBlue,00008B,headwear_headwear040,planned_for_render
40,40,hd_bandanna,bandana,2,Unisex,0,Hat,2,68,darkgreen,DarkGreen,006400,headwear_headwear040,planned_for_render
40,40,hd_bandanna,bandana,2,Unisex,0,Hat,3,91,black,Black,000000,headwear_headwear040,planned_for_render
40,40,hd_bandanna,bandana,2,Unisex,0,Hat,4,6,gold,Gold,FFD700,headwear_headwear040,planned_for_render
40,40,hd_bandanna,bandana,2,Unisex,0,Hat,5,47,darkblue_2,DarkBlue_2,1E1E4C,headwear_headwear040,planned_for_render
40,40,hd_bandanna,bandana,2,Unisex,0,Hat,6,51,cadetblue,CadetBlue,5F9EA0,headwear_headwear040,planned_for_render
40,40,hd_bandanna,bandana,2,Unisex,0,Hat,7,10,tomato,Tomato,FF6347,headwear_headwear040,planned_for_render
41,41,hd_vikings,viking helmet,4,Special,2,Mask,0,52,steelblue,SteelBlue,4682B4,headwear_headwear041,planned_for_render
41,41,hd_vikings,viking helmet,4,Special,2,Mask,1,74,darkgoldenrod,DarkGoldenrod,B8860B,headwear_headwear041,planned_for_render
41,41,hd_vikings,viking helmet,4,Special,2,Mask,2,80,deep_reddish_brown,Deep reddish brown,560000,headwear_headwear041,planned_for_render
41,41,hd_vikings,viking helmet,4,Special,2,Mask,3,91,black,Black,000000,headwear_headwear041,planned_for_render
41,41,hd_vikings,viking helmet,4,Special,2,Mask,4,39,lightcyan,LightCyan,E0FFFF,headwear_headwear041,planned_for_render
41,41,hd_vikings,viking helmet,4,Special,2,Mask,5,47,darkblue_2,DarkBlue_2,1E1E4C,headwear_headwear041,planned_for_render
41,41,hd_vikings,viking helmet,4,Special,2,Mask,6,77,chocolate,Chocolate,D2691E,headwear_headwear041,planned_for_render
41,41,hd_vikings,viking helmet,4,Special,2,Mask,7,16,red,Red,FF0000,headwear_headwear041,planned_for_render
42,42,hd_wing_ornament,tribal feather,1,Female,1,Accessory,0,41,deepskyblue,DeepSkyBlue,00BFFF,headwear_headwear042,planned_for_render
42,42,hd_wing_ornament,tribal feather,1,Female,1,Accessory,1,5,yellow,Yellow,FFFF00,headwear_headwear042,planned_for_render
42,42,hd_wing_ornament,tribal feather,1,Female,1,Accessory,2,25,light_brilliant_crimson,Light brilliant crimson,FF4C87,headwear_headwear042,planned_for_render
42,42,hd_wing_ornament,tribal feather,1,Female,1,Accessory,3,91,black,Black,000000,headwear_headwear042,planned_for_render
42,42,hd_wing_ornament,tribal feather,1,Female,1,Accessory,4,85,lightgrey,LightGrey,D3D3D3,headwear_headwear042,planned_for_render
42,42,hd_wing_ornament,tribal feather,1,Female,1,Accessory,5,46,darkblue,DarkBlue,00008B,headwear_headwear042,planned_for_render
42,42,hd_wing_ornament,tribal feather,1,Female,1,Accessory,6,62,lime,Lime,00FF00,headwear_headwear042,planned_for_render
42,42,hd_wing_ornament,tribal feather,1,Female,1,Accessory,7,13,luminous_vivid_orange,Luminous vivid orange,FF6600,headwear_headwear042,planned_for_render
43,43,hd_thin_border,striped wool hat,2,Unisex,0,Hat,0,47,darkblue_2,DarkBlue_2,1E1E4C,headwear_headwear043,planned_for_render
43,43,hd_thin_border,striped wool hat,2,Unisex,0,Hat,1,72,tan,Tan,D2B48C,headwear_headwear043,planned_for_render
43,43,hd_thin_border,striped wool hat,2,Unisex,0,Hat,2,81,deep_brown_red,Deep brown red,3E1300,headwear_headwear043,planned_for_render
43,43,hd_thin_border,striped wool hat,2,Unisex,0,Hat,3,91,black,Black,000000,headwear_headwear043,planned_for_render
43,43,hd_thin_border,striped wool hat,2,Unisex,0,Hat,4,6,gold,Gold,FFD700,headwear_headwear043,planned_for_render
43,43,hd_thin_border,striped wool hat,2,Unisex,0,Hat,5,19,darkred,DarkRed,8B0000,headwear_headwear043,planned_for_render
43,43,hd_thin_border,striped wool hat,2,Unisex,0,Hat,6,56,deep_cyan_2,Deep cyan 2,004240,headwear_headwear043,planned_for_render
43,43,hd_thin_border,striped wool hat,2,Unisex,0,Hat,7,62,lime,Lime,00FF00,headwear_headwear043,planned_for_render
44,44,hd_thick_border,puffball beanie,2,Unisex,0,Hat,0,38,deep_magenta,Deep magenta,5C005C,headwear_headwear044,planned_for_render
44,44,hd_thick_border,puffball beanie,2,Unisex,0,Hat,1,19,darkred,DarkRed,8B0000,headwear_headwear044,planned_for_render
44,44,hd_thick_border,puffball beanie,2,Unisex,0,Hat,2,67,darkolivegreen,DarkOliveGreen,556B2F,headwear_headwear044,planned_for_render
44,44,hd_thick_border,puffball beanie,2,Unisex,0,Hat,3,83,very_dark_gamboge,Very dark gamboge,332819,headwear_headwear044,planned_for_render
44,44,hd_thick_border,puffball beanie,2,Unisex,0,Hat,4,85,lightgrey,LightGrey,D3D3D3,headwear_headwear044,planned_for_render
44,44,hd_thick_border,puffball beanie,2,Unisex,0,Hat,5,55,darkcyan,DarkCyan,008B8B,headwear_headwear044,planned_for_render
44,44,hd_thick_border,puffball beanie,2,Unisex,0,Hat,6,5,yellow,Yellow,FFFF00,headwear_headwear044,planned_for_render
44,44,hd_thick_border,puffball beanie,2,Unisex,0,Hat,7,8,salmon,Salmon,FA8072,headwear_headwear044,planned_for_render
45,45,hd_broccoli,broccoli hat,4,Special,2,Mask,0,68,darkgreen,DarkGreen,006400,headwear_headwear045,planned_for_render
45,45,hd_broccoli,broccoli hat,4,Special,2,Mask,1,3,khaki,Khaki,F0E68C,headwear_headwear045,planned_for_render
45,45,hd_broccoli,broccoli hat,4,Special,2,Mask,2,60,greenyellow,GreenYellow,ADFF2F,headwear_headwear045,planned_for_render
45,45,hd_broccoli,broccoli hat,4,Special,2,Mask,3,65,olivedrab,OliveDrab,6B8E23,headwear_headwear045,planned_for_render
45,45,hd_broccoli,broccoli hat,4,Special,2,Mask,4,11,orange,Orange,FFA500,headwear_headwear045,planned_for_render
45,45,hd_broccoli,broccoli hat,4,Special,2,Mask,5,28,fuchsia,Fuchsia,FF00FF,headwear_headwear045,planned_for_render
46,46,hd_mushroom,mushroom hat,4,Special,2,Mask,0,77,chocolate,Chocolate,D2691E,headwear_headwear046,planned_for_render
46,46,hd_mushroom,mushroom hat,4,Special,2,Mask,1,82,dark_gamboge,Dark gamboge,452F12,headwear_headwear046,planned_for_render
46,46,hd_mushroom,mushroom hat,4,Special,2,Mask,2,73,goldenrod,Goldenrod,DAA520,headwear_headwear046,planned_for_render
46,46,hd_mushroom,mushroom hat,4,Special,2,Mask,3,71,burlywood,BurlyWood,DEB887,headwear_headwear046,planned_for_render
46,46,hd_mushroom,mushroom hat,4,Special,2,Mask,4,18,moderate_red,Moderate red,CB0F0F,headwear_headwear046,planned_for_render
47,47,hd_strawberry,strawberry hat,4,Special,2,Mask,0,16,red,Red,FF0000,headwear_headwear047,planned_for_render
47,47,hd_strawberry,strawberry hat,4,Special,2,Mask,1,59,light_brilliant_yellow_lime,Light brilliant yellow lime,E7FF33,headwear_headwear047,planned_for_render
47,47,hd_strawberry,strawberry hat,4,Special,2,Mask,2,8,salmon,Salmon,FA8072,headwear_headwear047,planned_for_render
47,47,hd_strawberry,strawberry hat,4,Special,2,Mask,3,11,orange,Orange,FFA500,headwear_headwear047,planned_for_render
47,47,hd_strawberry,strawberry hat,4,Special,2,Mask,4,26,deeppink,DeepPink,FF1493,headwear_headwear047,planned_for_render
47,47,hd_strawberry,strawberry hat,4,Special,2,Mask,5,80,deep_reddish_brown,Deep reddish brown,560000,headwear_headwear047,planned_for_render
48,48,hd_pumpkin,pumpkin hat,4,Special,2,Mask,0,13,luminous_vivid_orange,Luminous vivid orange,FF6600,headwear_headwear048,planned_for_render
48,48,hd_pumpkin,pumpkin hat,4,Special,2,Mask,1,11,orange,Orange,FFA500,headwear_headwear048,planned_for_render
48,48,hd_pumpkin,pumpkin hat,4,Special,2,Mask,2,65,olivedrab,OliveDrab,6B8E23,headwear_headwear048,planned_for_render
48,48,hd_pumpkin,pumpkin hat,4,Special,2,Mask,3,69,very_deep_green,Very deep green,003300,headwear_headwear048,planned_for_render
49,49,hd_kasa,conical hat,4,Special,0,Hat,0,73,goldenrod,Goldenrod,DAA520,headwear_headwear049,planned_for_render
49,49,hd_kasa,conical hat,4,Special,0,Hat,1,65,olivedrab,OliveDrab,6B8E23,headwear_headwear049,planned_for_render
49,49,hd_kasa,conical hat,4,Special,0,Hat,2,82,dark_gamboge,Dark gamboge,452F12,headwear_headwear049,planned_for_render
49,49,hd_kasa,conical hat,4,Special,0,Hat,3,72,tan,Tan,D2B48C,headwear_headwear049,planned_for_render
49,49,hd_kasa,conical hat,4,Special,0,Hat,4,79,saddlebrown,SaddleBrown,8B4513,headwear_headwear049,planned_for_render
49,49,hd_kasa,conical hat,4,Special,0,Hat,5,91,black,Black,000000,headwear_headwear049,planned_for_render
50,50,hd_shampoo_hat,,4,Special,0,Hat,0,23,very_light_crimson,Very light crimson,FF82AB,,missing_physical_asset
50,50,hd_shampoo_hat,,4,Special,0,Hat,1,41,deepskyblue,DeepSkyBlue,00BFFF,,missing_physical_asset
50,50,hd_shampoo_hat,,4,Special,0,Hat,2,4,light_brilliant_amber_yellow,Light brilliant amber yellow,FFEC65,,missing_physical_asset
50,50,hd_shampoo_hat,,4,Special,0,Hat,3,84,white,White,FFFFFF,,missing_physical_asset
50,50,hd_shampoo_hat,,4,Special,0,Hat,4,61,chartreuse,Chartreuse,7FFF00,,missing_physical_asset
50,50,hd_shampoo_hat,,4,Special,0,Hat,5,91,black,Black,000000,,missing_physical_asset
50,50,hd_shampoo_hat,,4,Special,0,Hat,6,26,deeppink,DeepPink,FF1493,,missing_physical_asset
50,50,hd_shampoo_hat,,4,Special,0,Hat,7,68,darkgreen,DarkGreen,006400,,missing_physical_asset
51,51,hd_luxurious_crown,regal crown,4,Special,0,Hat,0,18,moderate_red,Moderate red,CB0F0F,headwear_headwear051,planned_for_render
51,51,hd_luxurious_crown,regal crown,4,Special,0,Hat,1,38,deep_magenta,Deep magenta,5C005C,headwear_headwear051,planned_for_render
51,51,hd_luxurious_crown,regal crown,4,Special,0,Hat,2,48,deep_blue,Deep blue,000054,headwear_headwear051,planned_for_render
51,51,hd_luxurious_crown,regal crown,4,Special,0,Hat,3,69,very_deep_green,Very deep green,003300,headwear_headwear051,planned_for_render
51,51,hd_luxurious_crown,regal crown,4,Special,0,Hat,4,73,goldenrod,Goldenrod,DAA520,headwear_headwear051,planned_for_render
51,51,hd_luxurious_crown,regal crown,4,Special,0,Hat,5,79,saddlebrown,SaddleBrown,8B4513,headwear_headwear051,planned_for_render
51,51,hd_luxurious_crown,regal crown,4,Special,0,Hat,6,91,black,Black,000000,headwear_headwear051,planned_for_render
51,51,hd_luxurious_crown,regal crown,4,Special,0,Hat,7,72,tan,Tan,D2B48C,headwear_headwear051,planned_for_render
52,52,hd_paper_crown,paper crown,4,Special,0,Hat,0,73,goldenrod,Goldenrod,DAA520,headwear_headwear052,planned_for_render
52,52,hd_paper_crown,paper crown,4,Special,0,Hat,1,7,peachpuff,PeachPuff,FFDAB9,headwear_headwear052,planned_for_render
52,52,hd_paper_crown,paper crown,4,Special,0,Hat,2,65,olivedrab,OliveDrab,6B8E23,headwear_headwear052,planned_for_render
52,52,hd_paper_crown,paper crown,4,Special,0,Hat,3,50,aquamarine,Aquamarine,7FFFD4,headwear_headwear052,planned_for_render
52,52,hd_paper_crown,paper crown,4,Special,0,Hat,4,22,lightcoral,LightCoral,F08080,headwear_headwear052,planned_for_render
52,52,hd_paper_crown,paper crown,4,Special,0,Hat,5,83,very_dark_gamboge,Very dark gamboge,332819,headwear_headwear052,planned_for_render
53,53,hd_tyonmage,samurai wig,4,Special,2,Mask,0,91,black,Black,000000,headwear_headwear053,planned_for_render
53,53,hd_tyonmage,samurai wig,4,Special,2,Mask,1,87,gray,Gray,808080,headwear_headwear053,planned_for_render
53,53,hd_tyonmage,samurai wig,4,Special,2,Mask,2,84,white,White,FFFFFF,headwear_headwear053,planned_for_render
53,53,hd_tyonmage,samurai wig,4,Special,2,Mask,3,81,deep_brown_red,Deep brown red,3E1300,headwear_headwear053,planned_for_render
53,53,hd_tyonmage,samurai wig,4,Special,2,Mask,4,77,chocolate,Chocolate,D2691E,headwear_headwear053,planned_for_render
53,53,hd_tyonmage,samurai wig,4,Special,2,Mask,5,73,goldenrod,Goldenrod,DAA520,headwear_headwear053,planned_for_render
53,53,hd_tyonmage,samurai wig,4,Special,2,Mask,6,26,deeppink,DeepPink,FF1493,headwear_headwear053,planned_for_render
53,53,hd_tyonmage,samurai wig,4,Special,2,Mask,7,48,deep_blue,Deep blue,000054,headwear_headwear053,planned_for_render
54,54,hd_ochimusya,ronin wig,4,Special,2,Mask,0,91,black,Black,000000,headwear_headwear054,planned_for_render
54,54,hd_ochimusya,ronin wig,4,Special,2,Mask,1,87,gray,Gray,808080,headwear_headwear054,planned_for_render
54,54,hd_ochimusya,ronin wig,4,Special,2,Mask,2,84,white,White,FFFFFF,headwear_headwear054,planned_for_render
54,54,hd_ochimusya,ronin wig,4,Special,2,Mask,3,81,deep_brown_red,Deep brown red,3E1300,headwear_headwear054,planned_for_render
54,54,hd_ochimusya,ronin wig,4,Special,2,Mask,4,77,chocolate,Chocolate,D2691E,headwear_headwear054,planned_for_render
54,54,hd_ochimusya,ronin wig,4,Special,2,Mask,5,73,goldenrod,Goldenrod,DAA520,headwear_headwear054,planned_for_render
54,54,hd_ochimusya,ronin wig,4,Special,2,Mask,6,26,deeppink,DeepPink,FF1493,headwear_headwear054,planned_for_render
54,54,hd_ochimusya,ronin wig,4,Special,2,Mask,7,48,deep_blue,Deep blue,000054,headwear_headwear054,planned_for_render
55,55,hd_nihongami,geisha wig,4,Special,2,Mask,0,91,black,Black,000000,headwear_headwear055,planned_for_render
55,55,hd_nihongami,geisha wig,4,Special,2,Mask,1,87,gray,Gray,808080,headwear_headwear055,planned_for_render
55,55,hd_nihongami,geisha wig,4,Special,2,Mask,2,84,white,White,FFFFFF,headwear_headwear055,planned_for_render
55,55,hd_nihongami,geisha wig,4,Special,2,Mask,3,81,deep_brown_red,Deep brown red,3E1300,headwear_headwear055,planned_for_render
55,55,hd_nihongami,geisha wig,4,Special,2,Mask,4,77,chocolate,Chocolate,D2691E,headwear_headwear055,planned_for_render
55,55,hd_nihongami,geisha wig,4,Special,2,Mask,5,73,goldenrod,Goldenrod,DAA520,headwear_headwear055,planned_for_render
55,55,hd_nihongami,geisha wig,4,Special,2,Mask,6,26,deeppink,DeepPink,FF1493,headwear_headwear055,planned_for_render
55,55,hd_nihongami,geisha wig,4,Special,2,Mask,7,48,deep_blue,Deep blue,000054,headwear_headwear055,planned_for_render
56,56,hd_ooicho,,4,Special,2,Mask,0,91,black,Black,000000,,missing_physical_asset
56,56,hd_ooicho,,4,Special,2,Mask,1,87,gray,Gray,808080,,missing_physical_asset
56,56,hd_ooicho,,4,Special,2,Mask,2,84,white,White,FFFFFF,,missing_physical_asset
56,56,hd_ooicho,,4,Special,2,Mask,3,81,deep_brown_red,Deep brown red,3E1300,,missing_physical_asset
56,56,hd_ooicho,,4,Special,2,Mask,4,77,chocolate,Chocolate,D2691E,,missing_physical_asset
56,56,hd_ooicho,,4,Special,2,Mask,5,73,goldenrod,Goldenrod,DAA520,,missing_physical_asset
56,56,hd_ooicho,,4,Special,2,Mask,6,26,deeppink,DeepPink,FF1493,,missing_physical_asset
56,56,hd_ooicho,,4,Special,2,Mask,7,48,deep_blue,Deep blue,000054,,missing_physical_asset
57,57,hd_yoroi_kabuto,samurai helmet,4,Special,2,Mask,0,91,black,Black,000000,headwear_headwear057,planned_for_render
57,57,hd_yoroi_kabuto,samurai helmet,4,Special,2,Mask,1,76,dark_amber,Dark amber,624806,headwear_headwear057,planned_for_render
57,57,hd_yoroi_kabuto,samurai helmet,4,Special,2,Mask,2,48,deep_blue,Deep blue,000054,headwear_headwear057,planned_for_render
57,57,hd_yoroi_kabuto,samurai helmet,4,Special,2,Mask,3,85,lightgrey,LightGrey,D3D3D3,headwear_headwear057,planned_for_render
57,57,hd_yoroi_kabuto,samurai helmet,4,Special,2,Mask,4,19,darkred,DarkRed,8B0000,headwear_headwear057,planned_for_render
57,57,hd_yoroi_kabuto,samurai helmet,4,Special,2,Mask,5,69,very_deep_green,Very deep green,003300,headwear_headwear057,planned_for_render
57,57,hd_yoroi_kabuto,samurai helmet,4,Special,2,Mask,6,36,indigo,Indigo,4B0082,headwear_headwear057,planned_for_render
57,57,hd_yoroi_kabuto,samurai helmet,4,Special,2,Mask,7,26,deeppink,DeepPink,FF1493,headwear_headwear057,planned_for_render
58,58,hd_star_ornament,star barrette,1,Female,1,Accessory,0,6,gold,Gold,FFD700,headwear_headwear058,planned_for_render
58,58,hd_star_ornament,star barrette,1,Female,1,Accessory,1,25,light_brilliant_crimson,Light brilliant crimson,FF4C87,headwear_headwear058,planned_for_render
58,58,hd_star_ornament,star barrette,1,Female,1,Accessory,2,31,plum,Plum,DDA0DD,headwear_headwear058,planned_for_render
58,58,hd_star_ornament,star barrette,1,Female,1,Accessory,3,34,light_brilliant_violet,Light brilliant violet,9933FF,headwear_headwear058,planned_for_render
58,58,hd_star_ornament,star barrette,1,Female,1,Accessory,4,41,deepskyblue,DeepSkyBlue,00BFFF,headwear_headwear058,planned_for_render
58,58,hd_star_ornament,star barrette,1,Female,1,Accessory,5,61,chartreuse,Chartreuse,7FFF00,headwear_headwear058,planned_for_render
58,58,hd_star_ornament,star barrette,1,Female,1,Accessory,6,50,aquamarine,Aquamarine,7FFFD4,headwear_headwear058,planned_for_render
58,58,hd_star_ornament,star barrette,1,Female,1,Accessory,7,91,black,Black,000000,headwear_headwear058,planned_for_render
59,59,hd_heart_ornament,heart barrette,1,Female,1,Accessory,0,22,lightcoral,LightCoral,F08080,headwear_headwear059,planned_for_render
59,59,hd_heart_ornament,heart barrette,1,Female,1,Accessory,1,18,moderate_red,Moderate red,CB0F0F,headwear_headwear059,planned_for_render
59,59,hd_heart_ornament,heart barrette,1,Female,1,Accessory,2,91,black,Black,000000,headwear_headwear059,planned_for_render
59,59,hd_heart_ornament,heart barrette,1,Female,1,Accessory,3,64,mediumseagreen,MediumSeaGreen,3CB371,headwear_headwear059,planned_for_render
59,59,hd_heart_ornament,heart barrette,1,Female,1,Accessory,4,48,deep_blue,Deep blue,000054,headwear_headwear059,planned_for_render
59,59,hd_heart_ornament,heart barrette,1,Female,1,Accessory,5,17,orangered,OrangeRed,FF4500,headwear_headwear059,planned_for_render
59,59,hd_heart_ornament,heart barrette,1,Female,1,Accessory,6,29,mediumvioletred,MediumVioletRed,C71585,headwear_headwear059,planned_for_render
59,59,hd_heart_ornament,heart barrette,1,Female,1,Accessory,7,42,luminous_vivid_azure,Luminous vivid azure,0066FF,headwear_headwear059,planned_for_render
60,60,hd_flower_ornament,flower barrette,1,Female,1,Accessory,0,17,orangered,OrangeRed,FF4500,headwear_headwear060,planned_for_render
60,60,hd_flower_ornament,flower barrette,1,Female,1,Accessory,1,30,lavender,Lavender,E6E6FA,headwear_headwear060,planned_for_render
60,60,hd_flower_ornament,flower barrette,1,Female,1,Accessory,2,32,mediumpurple,MediumPurple,9370DB,headwear_headwear060,planned_for_render
60,60,hd_flower_ornament,flower barrette,1,Female,1,Accessory,3,53,cyan,Cyan,00FFFF,headwear_headwear060,planned_for_render
60,60,hd_flower_ornament,flower barrette,1,Female,1,Accessory,4,58,yellowgreen,YellowGreen,9ACD32,headwear_headwear060,planned_for_render
60,60,hd_flower_ornament,flower barrette,1,Female,1,Accessory,5,38,deep_magenta,Deep magenta,5C005C,headwear_headwear060,planned_for_render
60,60,hd_flower_ornament,flower barrette,1,Female,1,Accessory,6,26,deeppink,DeepPink,FF1493,headwear_headwear060,planned_for_render
60,60,hd_flower_ornament,flower barrette,1,Female,1,Accessory,7,91,black,Black,000000,headwear_headwear060,planned_for_render
61,61,hd_apple_ornament,apple barrette,1,Female,1,Accessory,0,19,darkred,DarkRed,8B0000,headwear_headwear061,planned_for_render
61,61,hd_apple_ornament,apple barrette,1,Female,1,Accessory,1,59,light_brilliant_yellow_lime,Light brilliant yellow lime,E7FF33,headwear_headwear061,planned_for_render
61,61,hd_apple_ornament,apple barrette,1,Female,1,Accessory,2,55,darkcyan,DarkCyan,008B8B,headwear_headwear061,planned_for_render
61,61,hd_apple_ornament,apple barrette,1,Female,1,Accessory,3,84,white,White,FFFFFF,headwear_headwear061,planned_for_render
61,61,hd_apple_ornament,apple barrette,1,Female,1,Accessory,4,91,black,Black,000000,headwear_headwear061,planned_for_render
61,61,hd_apple_ornament,apple barrette,1,Female,1,Accessory,5,9,coral,Coral,FF7F50,headwear_headwear061,planned_for_render
61,61,hd_apple_ornament,apple barrette,1,Female,1,Accessory,6,28,fuchsia,Fuchsia,FF00FF,headwear_headwear061,planned_for_render
61,61,hd_apple_ornament,apple barrette,1,Female,1,Accessory,7,43,royalblue,RoyalBlue,4169E1,headwear_headwear061,planned_for_render
62,62,hd_mushroom_ornament,mushroom barrette,4,Special,1,Accessory,0,13,luminous_vivid_orange,Luminous vivid orange,FF6600,headwear_headwear062,planned_for_render
62,62,hd_mushroom_ornament,mushroom barrette,4,Special,1,Accessory,1,19,darkred,DarkRed,8B0000,headwear_headwear062,planned_for_render
62,62,hd_mushroom_ornament,mushroom barrette,4,Special,1,Accessory,2,6,gold,Gold,FFD700,headwear_headwear062,planned_for_render
62,62,hd_mushroom_ornament,mushroom barrette,4,Special,1,Accessory,3,9,coral,Coral,FF7F50,headwear_headwear062,planned_for_render
62,62,hd_mushroom_ornament,mushroom barrette,4,Special,1,Accessory,4,72,tan,Tan,D2B48C,headwear_headwear062,planned_for_render
62,62,hd_mushroom_ornament,mushroom barrette,4,Special,1,Accessory,5,82,dark_gamboge,Dark gamboge,452F12,headwear_headwear062,planned_for_render
62,62,hd_mushroom_ornament,mushroom barrette,4,Special,1,Accessory,6,26,deeppink,DeepPink,FF1493,headwear_headwear062,planned_for_render
63,63,hd_rabit_ornament,rabbit barrette,1,Female,1,Accessory,0,24,hotpink,HotPink,FF69B4,headwear_headwear063,planned_for_render
63,63,hd_rabit_ornament,rabbit barrette,1,Female,1,Accessory,1,84,white,White,FFFFFF,headwear_headwear063,planned_for_render
63,63,hd_rabit_ornament,rabbit barrette,1,Female,1,Accessory,2,79,saddlebrown,SaddleBrown,8B4513,headwear_headwear063,planned_for_render
63,63,hd_rabit_ornament,rabbit barrette,1,Female,1,Accessory,3,91,black,Black,000000,headwear_headwear063,planned_for_render
63,63,hd_rabit_ornament,rabbit barrette,1,Female,1,Accessory,4,32,mediumpurple,MediumPurple,9370DB,headwear_headwear063,planned_for_render
63,63,hd_rabit_ornament,rabbit barrette,1,Female,1,Accessory,5,26,deeppink,DeepPink,FF1493,headwear_headwear063,planned_for_render
63,63,hd_rabit_ornament,rabbit barrette,1,Female,1,Accessory,6,40,lightskyblue,LightSkyBlue,87CEFA,headwear_headwear063,planned_for_render
63,63,hd_rabit_ornament,rabbit barrette,1,Female,1,Accessory,7,61,chartreuse,Chartreuse,7FFF00,headwear_headwear063,planned_for_render
64,64,hd_bear_ornament,bear barrette,1,Female,1,Accessory,0,17,orangered,OrangeRed,FF4500,headwear_headwear064,planned_for_render
64,64,hd_bear_ornament,bear barrette,1,Female,1,Accessory,1,73,goldenrod,Goldenrod,DAA520,headwear_headwear064,planned_for_render
64,64,hd_bear_ornament,bear barrette,1,Female,1,Accessory,2,85,lightgrey,LightGrey,D3D3D3,headwear_headwear064,planned_for_render
64,64,hd_bear_ornament,bear barrette,1,Female,1,Accessory,3,18,moderate_red,Moderate red,CB0F0F,headwear_headwear064,planned_for_render
64,64,hd_bear_ornament,bear barrette,1,Female,1,Accessory,4,91,black,Black,000000,headwear_headwear064,planned_for_render
64,64,hd_bear_ornament,bear barrette,1,Female,1,Accessory,5,29,mediumvioletred,MediumVioletRed,C71585,headwear_headwear064,planned_for_render
64,64,hd_bear_ornament,bear barrette,1,Female,1,Accessory,6,62,lime,Lime,00FF00,headwear_headwear064,planned_for_render
64,64,hd_bear_ornament,bear barrette,1,Female,1,Accessory,7,42,luminous_vivid_azure,Luminous vivid azure,0066FF,headwear_headwear064,planned_for_render
65,65,hd_triangle_ornament,triangle barrette,1,Female,1,Accessory,0,25,light_brilliant_crimson,Light brilliant crimson,FF4C87,headwear_headwear065,planned_for_render
65,65,hd_triangle_ornament,triangle barrette,1,Female,1,Accessory,1,62,lime,Lime,00FF00,headwear_headwear065,planned_for_render
65,65,hd_triangle_ornament,triangle barrette,1,Female,1,Accessory,2,36,indigo,Indigo,4B0082,headwear_headwear065,planned_for_render
65,65,hd_triangle_ornament,triangle barrette,1,Female,1,Accessory,3,41,deepskyblue,DeepSkyBlue,00BFFF,headwear_headwear065,planned_for_render
65,65,hd_triangle_ornament,triangle barrette,1,Female,1,Accessory,4,73,goldenrod,Goldenrod,DAA520,headwear_headwear065,planned_for_render
65,65,hd_triangle_ornament,triangle barrette,1,Female,1,Accessory,5,20,mistyrose,MistyRose,FFE4E1,headwear_headwear065,planned_for_render
65,65,hd_triangle_ornament,triangle barrette,1,Female,1,Accessory,6,91,black,Black,000000,headwear_headwear065,planned_for_render
66,66,hd_orbal_ornament,leather barrette,1,Female,1,Accessory,0,77,chocolate,Chocolate,D2691E,headwear_headwear066,planned_for_render
66,66,hd_orbal_ornament,leather barrette,1,Female,1,Accessory,1,80,deep_reddish_brown,Deep reddish brown,560000,headwear_headwear066,planned_for_render
66,66,hd_orbal_ornament,leather barrette,1,Female,1,Accessory,2,47,darkblue_2,DarkBlue_2,1E1E4C,headwear_headwear066,planned_for_render
66,66,hd_orbal_ornament,leather barrette,1,Female,1,Accessory,3,91,black,Black,000000,headwear_headwear066,planned_for_render
66,66,hd_orbal_ornament,leather barrette,1,Female,1,Accessory,4,2,lemonchiffon,LemonChiffon,FFFACD,headwear_headwear066,planned_for_render
66,66,hd_orbal_ornament,leather barrette,1,Female,1,Accessory,5,51,cadetblue,CadetBlue,5F9EA0,headwear_headwear066,planned_for_render
66,66,hd_orbal_ornament,leather barrette,1,Female,1,Accessory,6,58,yellowgreen,YellowGreen,9ACD32,headwear_headwear066,planned_for_render
67,67,hd_ponpon,pom-pom barrette,1,Female,1,Accessory,0,10,tomato,Tomato,FF6347,headwear_headwear067,planned_for_render
67,67,hd_ponpon,pom-pom barrette,1,Female,1,Accessory,1,91,black,Black,000000,headwear_headwear067,planned_for_render
67,67,hd_ponpon,pom-pom barrette,1,Female,1,Accessory,2,4,light_brilliant_amber_yellow,Light brilliant amber yellow,FFEC65,headwear_headwear067,planned_for_render
67,67,hd_ponpon,pom-pom barrette,1,Female,1,Accessory,3,55,darkcyan,DarkCyan,008B8B,headwear_headwear067,planned_for_render
67,67,hd_ponpon,pom-pom barrette,1,Female,1,Accessory,4,61,chartreuse,Chartreuse,7FFF00,headwear_headwear067,planned_for_render
67,67,hd_ponpon,pom-pom barrette,1,Female,1,Accessory,5,29,mediumvioletred,MediumVioletRed,C71585,headwear_headwear067,planned_for_render
67,67,hd_ponpon,pom-pom barrette,1,Female,1,Accessory,6,19,darkred,DarkRed,8B0000,headwear_headwear067,planned_for_render
67,67,hd_ponpon,pom-pom barrette,1,Female,1,Accessory,7,2,lemonchiffon,LemonChiffon,FFFACD,headwear_headwear067,planned_for_render
68,68,hd_jewel_ornament,jewel barrette,1,Female,1,Accessory,0,15,indianred,IndianRed,CD5C5C,headwear_headwear068,planned_for_render
68,68,hd_jewel_ornament,jewel barrette,1,Female,1,Accessory,1,35,darkslateblue,DarkSlateBlue,483D8B,headwear_headwear068,planned_for_render
68,68,hd_jewel_ornament,jewel barrette,1,Female,1,Accessory,2,91,black,Black,000000,headwear_headwear068,planned_for_render
68,68,hd_jewel_ornament,jewel barrette,1,Female,1,Accessory,3,6,gold,Gold,FFD700,headwear_headwear068,planned_for_render
68,68,hd_jewel_ornament,jewel barrette,1,Female,1,Accessory,4,20,mistyrose,MistyRose,FFE4E1,headwear_headwear068,planned_for_render
69,69,hd_skull_ornament,skull barrette,1,Female,1,Accessory,0,1,ivory,Ivory,FFFFF0,headwear_headwear069,planned_for_render
69,69,hd_skull_ornament,skull barrette,1,Female,1,Accessory,1,26,deeppink,DeepPink,FF1493,headwear_headwear069,planned_for_render
69,69,hd_skull_ornament,skull barrette,1,Female,1,Accessory,2,5,yellow,Yellow,FFFF00,headwear_headwear069,planned_for_render
69,69,hd_skull_ornament,skull barrette,1,Female,1,Accessory,3,42,luminous_vivid_azure,Luminous vivid azure,0066FF,headwear_headwear069,planned_for_render
69,69,hd_skull_ornament,skull barrette,1,Female,1,Accessory,4,61,chartreuse,Chartreuse,7FFF00,headwear_headwear069,planned_for_render
69,69,hd_skull_ornament,skull barrette,1,Female,1,Accessory,5,13,luminous_vivid_orange,Luminous vivid orange,FF6600,headwear_headwear069,planned_for_render
69,69,hd_skull_ornament,skull barrette,1,Female,1,Accessory,6,27,very_light_magenta,Very light magenta,FF99FF,headwear_headwear069,planned_for_render
69,69,hd_skull_ornament,skull barrette,1,Female,1,Accessory,7,89,very_dark_gray,Very dark gray,333333,headwear_headwear069,planned_for_render
70,70,hd_skull,skull mask,4,Special,2,Mask,0,1,ivory,Ivory,FFFFF0,headwear_headwear070,planned_for_render
70,70,hd_skull,skull mask,4,Special,2,Mask,1,16,red,Red,FF0000,headwear_headwear070,planned_for_render
70,70,hd_skull,skull mask,4,Special,2,Mask,2,59,light_brilliant_yellow_lime,Light brilliant yellow lime,E7FF33,headwear_headwear070,planned_for_render
70,70,hd_skull,skull mask,4,Special,2,Mask,3,42,luminous_vivid_azure,Luminous vivid azure,0066FF,headwear_headwear070,planned_for_render
70,70,hd_skull,skull mask,4,Special,2,Mask,4,61,chartreuse,Chartreuse,7FFF00,headwear_headwear070,planned_for_render
70,70,hd_skull,skull mask,4,Special,2,Mask,5,65,olivedrab,OliveDrab,6B8E23,headwear_headwear070,planned_for_render
70,70,hd_skull,skull mask,4,Special,2,Mask,6,91,black,Black,000000,headwear_headwear070,planned_for_render
71,71,hd_safe_helmet,safety helmet,3,Uniform,0,Hat,0,6,gold,Gold,FFD700,headwear_headwear071,planned_for_render
71,71,hd_safe_helmet,safety helmet,3,Uniform,0,Hat,1,49,paleturquoise,PaleTurquoise,AFEEEE,headwear_headwear071,planned_for_render
71,71,hd_safe_helmet,safety helmet,3,Uniform,0,Hat,2,17,orangered,OrangeRed,FF4500,headwear_headwear071,planned_for_render
71,71,hd_safe_helmet,safety helmet,3,Uniform,0,Hat,3,29,mediumvioletred,MediumVioletRed,C71585,headwear_headwear071,planned_for_render
71,71,hd_safe_helmet,safety helmet,3,Uniform,0,Hat,4,62,lime,Lime,00FF00,headwear_headwear071,planned_for_render
71,71,hd_safe_helmet,safety helmet,3,Uniform,0,Hat,5,91,black,Black,000000,headwear_headwear071,planned_for_render
72,72,hd_turban,turban,4,Special,2,Mask,0,7,peachpuff,PeachPuff,FFDAB9,headwear_headwear072,planned_for_render
72,72,hd_turban,turban,4,Special,2,Mask,1,4,light_brilliant_amber_yellow,Light brilliant amber yellow,FFEC65,headwear_headwear072,planned_for_render
72,72,hd_turban,turban,4,Special,2,Mask,2,1,ivory,Ivory,FFFFF0,headwear_headwear072,planned_for_render
72,72,hd_turban,turban,4,Special,2,Mask,3,11,orange,Orange,FFA500,headwear_headwear072,planned_for_render
72,72,hd_turban,turban,4,Special,2,Mask,4,49,paleturquoise,PaleTurquoise,AFEEEE,headwear_headwear072,planned_for_render
72,72,hd_turban,turban,4,Special,2,Mask,5,36,indigo,Indigo,4B0082,headwear_headwear072,planned_for_render
72,72,hd_turban,turban,4,Special,2,Mask,6,83,very_dark_gamboge,Very dark gamboge,332819,headwear_headwear072,planned_for_render
72,72,hd_turban,turban,4,Special,2,Mask,7,66,olive,Olive,808000,headwear_headwear072,planned_for_render
73,73,hd_china,mandarin hat,4,Special,0,Hat,0,55,darkcyan,DarkCyan,008B8B,headwear_headwear073,planned_for_render
73,73,hd_china,mandarin hat,4,Special,0,Hat,1,67,darkolivegreen,DarkOliveGreen,556B2F,headwear_headwear073,planned_for_render
73,73,hd_china,mandarin hat,4,Special,0,Hat,2,78,brown,Brown,A52A2A,headwear_headwear073,planned_for_render
73,73,hd_china,mandarin hat,4,Special,0,Hat,3,91,black,Black,000000,headwear_headwear073,planned_for_render
73,73,hd_china,mandarin hat,4,Special,0,Hat,4,6,gold,Gold,FFD700,headwear_headwear073,planned_for_render
73,73,hd_china,mandarin hat,4,Special,0,Hat,5,32,mediumpurple,MediumPurple,9370DB,headwear_headwear073,planned_for_render
73,73,hd_china,mandarin hat,4,Special,0,Hat,6,30,lavender,Lavender,E6E6FA,headwear_headwear073,planned_for_render
73,73,hd_china,mandarin hat,4,Special,0,Hat,7,16,red,Red,FF0000,headwear_headwear073,planned_for_render
74,74,hd_colorful_sunvisor,neon sun visor,2,Unisex,1,Accessory,0,25,light_brilliant_crimson,Light brilliant crimson,FF4C87,headwear_headwear074,planned_for_render
74,74,hd_colorful_sunvisor,neon sun visor,2,Unisex,1,Accessory,1,34,light_brilliant_violet,Light brilliant violet,9933FF,headwear_headwear074,planned_for_render
74,74,hd_colorful_sunvisor,neon sun visor,2,Unisex,1,Accessory,2,41,deepskyblue,DeepSkyBlue,00BFFF,headwear_headwear074,planned_for_render
74,74,hd_colorful_sunvisor,neon sun visor,2,Unisex,1,Accessory,3,60,greenyellow,GreenYellow,ADFF2F,headwear_headwear074,planned_for_render
74,74,hd_colorful_sunvisor,neon sun visor,2,Unisex,1,Accessory,4,5,yellow,Yellow,FFFF00,headwear_headwear074,planned_for_render
74,74,hd_colorful_sunvisor,neon sun visor,2,Unisex,1,Accessory,5,13,luminous_vivid_orange,Luminous vivid orange,FF6600,headwear_headwear074,planned_for_render
74,74,hd_colorful_sunvisor,neon sun visor,2,Unisex,1,Accessory,6,16,red,Red,FF0000,headwear_headwear074,planned_for_render
74,74,hd_colorful_sunvisor,neon sun visor,2,Unisex,1,Accessory,7,46,darkblue,DarkBlue,00008B,headwear_headwear074,planned_for_render
75,75,hd_sports_sunvisor,sports visor,2,Unisex,1,Accessory,0,3,khaki,Khaki,F0E68C,headwear_headwear075,planned_for_render
75,75,hd_sports_sunvisor,sports visor,2,Unisex,1,Accessory,1,91,black,Black,000000,headwear_headwear075,planned_for_render
75,75,hd_sports_sunvisor,sports visor,2,Unisex,1,Accessory,2,48,deep_blue,Deep blue,000054,headwear_headwear075,planned_for_render
75,75,hd_sports_sunvisor,sports visor,2,Unisex,1,Accessory,3,17,orangered,OrangeRed,FF4500,headwear_headwear075,planned_for_render
75,75,hd_sports_sunvisor,sports visor,2,Unisex,1,Accessory,4,26,deeppink,DeepPink,FF1493,headwear_headwear075,planned_for_render
75,75,hd_sports_sunvisor,sports visor,2,Unisex,1,Accessory,5,65,olivedrab,OliveDrab,6B8E23,headwear_headwear075,planned_for_render
75,75,hd_sports_sunvisor,sports visor,2,Unisex,1,Accessory,6,9,coral,Coral,FF7F50,headwear_headwear075,planned_for_render
75,75,hd_sports_sunvisor,sports visor,2,Unisex,1,Accessory,7,32,mediumpurple,MediumPurple,9370DB,headwear_headwear075,planned_for_render
76,76,hd_feeler,fairy antennae,4,Special,1,Accessory,0,26,deeppink,DeepPink,FF1493,headwear_headwear076,planned_for_render
76,76,hd_feeler,fairy antennae,4,Special,1,Accessory,1,34,light_brilliant_violet,Light brilliant violet,9933FF,headwear_headwear076,planned_for_render
76,76,hd_feeler,fairy antennae,4,Special,1,Accessory,2,42,luminous_vivid_azure,Luminous vivid azure,0066FF,headwear_headwear076,planned_for_render
76,76,hd_feeler,fairy antennae,4,Special,1,Accessory,3,58,yellowgreen,YellowGreen,9ACD32,headwear_headwear076,planned_for_render
76,76,hd_feeler,fairy antennae,4,Special,1,Accessory,4,74,darkgoldenrod,DarkGoldenrod,B8860B,headwear_headwear076,planned_for_render
76,76,hd_feeler,fairy antennae,4,Special,1,Accessory,5,53,cyan,Cyan,00FFFF,headwear_headwear076,planned_for_render
76,76,hd_feeler,fairy antennae,4,Special,1,Accessory,6,91,black,Black,000000,headwear_headwear076,planned_for_render
76,76,hd_feeler,fairy antennae,4,Special,1,Accessory,7,87,gray,Gray,808080,headwear_headwear076,planned_for_render
77,77,hd_ryoutei,short chef hat,3,Uniform,0,Hat,0,84,white,White,FFFFFF,headwear_headwear077,planned_for_render
77,77,hd_ryoutei,short chef hat,3,Uniform,0,Hat,1,47,darkblue_2,DarkBlue_2,1E1E4C,headwear_headwear077,planned_for_render
77,77,hd_ryoutei,short chef hat,3,Uniform,0,Hat,2,90,very_dark_gray_2,Very dark gray 2,232323,headwear_headwear077,planned_for_render
77,77,hd_ryoutei,short chef hat,3,Uniform,0,Hat,3,82,dark_gamboge,Dark gamboge,452F12,headwear_headwear077,planned_for_render
77,77,hd_ryoutei,short chef hat,3,Uniform,0,Hat,4,80,deep_reddish_brown,Deep reddish brown,560000,headwear_headwear077,planned_for_render
77,77,hd_ryoutei,short chef hat,3,Uniform,0,Hat,5,73,goldenrod,Goldenrod,DAA520,headwear_headwear077,planned_for_render
77,77,hd_ryoutei,short chef hat,3,Uniform,0,Hat,6,66,olive,Olive,808000,headwear_headwear077,planned_for_render
77,77,hd_ryoutei,short chef hat,3,Uniform,0,Hat,7,13,luminous_vivid_orange,Luminous vivid orange,FF6600,headwear_headwear077,planned_for_render
78,78,hd_onion,garlic wig,4,Special,2,Mask,0,2,lemonchiffon,LemonChiffon,FFFACD,headwear_headwear078,planned_for_render
78,78,hd_onion,garlic wig,4,Special,2,Mask,1,73,goldenrod,Goldenrod,DAA520,headwear_headwear078,planned_for_render
78,78,hd_onion,garlic wig,4,Special,2,Mask,2,77,chocolate,Chocolate,D2691E,headwear_headwear078,planned_for_render
78,78,hd_onion,garlic wig,4,Special,2,Mask,3,87,gray,Gray,808080,headwear_headwear078,planned_for_render
78,78,hd_onion,garlic wig,4,Special,2,Mask,4,91,black,Black,000000,headwear_headwear078,planned_for_render
78,78,hd_onion,garlic wig,4,Special,2,Mask,5,29,mediumvioletred,MediumVioletRed,C71585,headwear_headwear078,planned_for_render
78,78,hd_onion,garlic wig,4,Special,2,Mask,6,58,yellowgreen,YellowGreen,9ACD32,headwear_headwear078,planned_for_render
78,78,hd_onion,garlic wig,4,Special,2,Mask,7,32,mediumpurple,MediumPurple,9370DB,headwear_headwear078,planned_for_render
79,79,hd_flag,tiny flag,4,Special,1,Accessory,0,16,red,Red,FF0000,headwear_headwear079,planned_for_render
79,79,hd_flag,tiny flag,4,Special,1,Accessory,1,84,white,White,FFFFFF,headwear_headwear079,planned_for_render
79,79,hd_flag,tiny flag,4,Special,1,Accessory,2,6,gold,Gold,FFD700,headwear_headwear079,planned_for_render
79,79,hd_flag,tiny flag,4,Special,1,Accessory,3,45,blue,Blue,0000FF,headwear_headwear079,planned_for_render
79,79,hd_flag,tiny flag,4,Special,1,Accessory,4,62,lime,Lime,00FF00,headwear_headwear079,planned_for_render
79,79,hd_flag,tiny flag,4,Special,1,Accessory,5,68,darkgreen,DarkGreen,006400,headwear_headwear079,planned_for_render
79,79,hd_flag,tiny flag,4,Special,1,Accessory,6,34,light_brilliant_violet,Light brilliant violet,9933FF,headwear_headwear079,planned_for_render
79,79,hd_flag,tiny flag,4,Special,1,Accessory,7,91,black,Black,000000,headwear_headwear079,planned_for_render
80,80,hd_flower,flower,4,Special,1,Accessory,0,1,ivory,Ivory,FFFFF0,headwear_headwear080,planned_for_render
80,80,hd_flower,flower,4,Special,1,Accessory,1,91,black,Black,000000,headwear_headwear080,planned_for_render
80,80,hd_flower,flower,4,Special,1,Accessory,2,16,red,Red,FF0000,headwear_headwear080,planned_for_render
80,80,hd_flower,flower,4,Special,1,Accessory,3,11,orange,Orange,FFA500,headwear_headwear080,planned_for_render
80,80,hd_flower,flower,4,Special,1,Accessory,4,28,fuchsia,Fuchsia,FF00FF,headwear_headwear080,planned_for_render
80,80,hd_flower,flower,4,Special,1,Accessory,5,34,light_brilliant_violet,Light brilliant violet,9933FF,headwear_headwear080,planned_for_render
81,81,hd_neguse,bed hair,4,Special,1,Accessory,0,91,black,Black,000000,headwear_headwear081,planned_for_render
82,82,hd_hood,head scarf,4,Special,2,Mask,0,16,red,Red,FF0000,headwear_headwear082,planned_for_render
82,82,hd_hood,head scarf,4,Special,2,Mask,1,9,coral,Coral,FF7F50,headwear_headwear082,planned_for_render
82,82,hd_hood,head scarf,4,Special,2,Mask,2,21,pink,Pink,FFC0CB,headwear_headwear082,planned_for_render
82,82,hd_hood,head scarf,4,Special,2,Mask,3,91,black,Black,000000,headwear_headwear082,planned_for_render
82,82,hd_hood,head scarf,4,Special,2,Mask,4,67,darkolivegreen,DarkOliveGreen,556B2F,headwear_headwear082,planned_for_render
82,82,hd_hood,head scarf,4,Special,2,Mask,5,36,indigo,Indigo,4B0082,headwear_headwear082,planned_for_render
82,82,hd_hood,head scarf,4,Special,2,Mask,6,51,cadetblue,CadetBlue,5F9EA0,headwear_headwear082,planned_for_render
82,82,hd_hood,head scarf,4,Special,2,Mask,7,39,lightcyan,LightCyan,E0FFFF,headwear_headwear082,planned_for_render
83,83,hd_logo_cap,logo baseball hat,2,Unisex,0,Hat,0,90,very_dark_gray_2,Very dark gray 2,232323,headwear_headwear083,planned_for_render
83,83,hd_logo_cap,logo baseball hat,2,Unisex,0,Hat,1,85,lightgrey,LightGrey,D3D3D3,headwear_headwear083,planned_for_render
83,83,hd_logo_cap,logo baseball hat,2,Unisex,0,Hat,2,47,darkblue_2,DarkBlue_2,1E1E4C,headwear_headwear083,planned_for_render
83,83,hd_logo_cap,logo baseball hat,2,Unisex,0,Hat,3,51,cadetblue,CadetBlue,5F9EA0,headwear_headwear083,planned_for_render
83,83,hd_logo_cap,logo baseball hat,2,Unisex,0,Hat,4,78,brown,Brown,A52A2A,headwear_headwear083,planned_for_render
83,83,hd_logo_cap,logo baseball hat,2,Unisex,0,Hat,5,6,gold,Gold,FFD700,headwear_headwear083,planned_for_render
83,83,hd_logo_cap,logo baseball hat,2,Unisex,0,Hat,6,65,olivedrab,OliveDrab,6B8E23,headwear_headwear083,planned_for_render
83,83,hd_logo_cap,logo baseball hat,2,Unisex,0,Hat,7,75,moderate_amber,Moderate amber,886308,headwear_headwear083,planned_for_render
84,84,hd_mesh_cap,trucker hat,2,Unisex,0,Hat,0,16,red,Red,FF0000,headwear_headwear084,planned_for_render
84,84,hd_mesh_cap,trucker hat,2,Unisex,0,Hat,1,91,black,Black,000000,headwear_headwear084,planned_for_render
84,84,hd_mesh_cap,trucker hat,2,Unisex,0,Hat,2,85,lightgrey,LightGrey,D3D3D3,headwear_headwear084,planned_for_render
84,84,hd_mesh_cap,trucker hat,2,Unisex,0,Hat,3,62,lime,Lime,00FF00,headwear_headwear084,planned_for_render
84,84,hd_mesh_cap,trucker hat,2,Unisex,0,Hat,4,54,darkturquoise,DarkTurquoise,00CED1,headwear_headwear084,planned_for_render
84,84,hd_mesh_cap,trucker hat,2,Unisex,0,Hat,5,46,darkblue,DarkBlue,00008B,headwear_headwear084,planned_for_render
84,84,hd_mesh_cap,trucker hat,2,Unisex,0,Hat,6,25,light_brilliant_crimson,Light brilliant crimson,FF4C87,headwear_headwear084,planned_for_render
84,84,hd_mesh_cap,trucker hat,2,Unisex,0,Hat,7,11,orange,Orange,FFA500,headwear_headwear084,planned_for_render
85,85,hd_leather_cap,leather cap,0,Male,0,Hat,0,91,black,Black,000000,headwear_headwear085,planned_for_render
85,85,hd_leather_cap,leather cap,0,Male,0,Hat,1,81,deep_brown_red,Deep brown red,3E1300,headwear_headwear085,planned_for_render
85,85,hd_leather_cap,leather cap,0,Male,0,Hat,2,79,saddlebrown,SaddleBrown,8B4513,headwear_headwear085,planned_for_render
85,85,hd_leather_cap,leather cap,0,Male,0,Hat,3,37,darkmagenta,DarkMagenta,8B008B,headwear_headwear085,planned_for_render
85,85,hd_leather_cap,leather cap,0,Male,0,Hat,4,19,darkred,DarkRed,8B0000,headwear_headwear085,planned_for_render
85,85,hd_leather_cap,leather cap,0,Male,0,Hat,5,47,darkblue_2,DarkBlue_2,1E1E4C,headwear_headwear085,planned_for_render
85,85,hd_leather_cap,leather cap,0,Male,0,Hat,6,56,deep_cyan_2,Deep cyan 2,004240,headwear_headwear085,planned_for_render
85,85,hd_leather_cap,leather cap,0,Male,0,Hat,7,67,darkolivegreen,DarkOliveGreen,556B2F,headwear_headwear085,planned_for_render
86,86,hd_hunting,hunting hat,0,Male,0,Hat,0,76,dark_amber,Dark amber,624806,headwear_headwear086,planned_for_render
86,86,hd_hunting,hunting hat,0,Male,0,Hat,1,87,gray,Gray,808080,headwear_headwear086,planned_for_render
86,86,hd_hunting,hunting hat,0,Male,0,Hat,2,67,darkolivegreen,DarkOliveGreen,556B2F,headwear_headwear086,planned_for_render
86,86,hd_hunting,hunting hat,0,Male,0,Hat,3,71,burlywood,BurlyWood,DEB887,headwear_headwear086,planned_for_render
86,86,hd_hunting,hunting hat,0,Male,0,Hat,4,74,darkgoldenrod,DarkGoldenrod,B8860B,headwear_headwear086,planned_for_render
86,86,hd_hunting,hunting hat,0,Male,0,Hat,5,15,indianred,IndianRed,CD5C5C,headwear_headwear086,planned_for_render
86,86,hd_hunting,hunting hat,0,Male,0,Hat,6,38,deep_magenta,Deep magenta,5C005C,headwear_headwear086,planned_for_render
86,86,hd_hunting,hunting hat,0,Male,0,Hat,7,19,darkred,DarkRed,8B0000,headwear_headwear086,planned_for_render
87,87,hd_tsubahiro_hat,floppy hat,1,Female,0,Hat,0,30,lavender,Lavender,E6E6FA,headwear_headwear087,planned_for_render
87,87,hd_tsubahiro_hat,floppy hat,1,Female,0,Hat,1,71,burlywood,BurlyWood,DEB887,headwear_headwear087,planned_for_render
87,87,hd_tsubahiro_hat,floppy hat,1,Female,0,Hat,2,90,very_dark_gray_2,Very dark gray 2,232323,headwear_headwear087,planned_for_render
87,87,hd_tsubahiro_hat,floppy hat,1,Female,0,Hat,3,49,paleturquoise,PaleTurquoise,AFEEEE,headwear_headwear087,planned_for_render
87,87,hd_tsubahiro_hat,floppy hat,1,Female,0,Hat,4,19,darkred,DarkRed,8B0000,headwear_headwear087,planned_for_render
87,87,hd_tsubahiro_hat,floppy hat,1,Female,0,Hat,5,47,darkblue_2,DarkBlue_2,1E1E4C,headwear_headwear087,planned_for_render
87,87,hd_tsubahiro_hat,floppy hat,1,Female,0,Hat,6,74,darkgoldenrod,DarkGoldenrod,B8860B,headwear_headwear087,planned_for_render
88,88,hd_border_fur_hat,striped fuzzy hat,1,Female,0,Hat,0,21,pink,Pink,FFC0CB,headwear_headwear088,planned_for_render
88,88,hd_border_fur_hat,striped fuzzy hat,1,Female,0,Hat,1,49,paleturquoise,PaleTurquoise,AFEEEE,headwear_headwear088,planned_for_render
88,88,hd_border_fur_hat,striped fuzzy hat,1,Female,0,Hat,2,70,rosybrown,RosyBrown,BC8F8F,headwear_headwear088,planned_for_render
88,88,hd_border_fur_hat,striped fuzzy hat,1,Female,0,Hat,3,84,white,White,FFFFFF,headwear_headwear088,planned_for_render
88,88,hd_border_fur_hat,striped fuzzy hat,1,Female,0,Hat,4,3,khaki,Khaki,F0E68C,headwear_headwear088,planned_for_render
88,88,hd_border_fur_hat,striped fuzzy hat,1,Female,0,Hat,5,31,plum,Plum,DDA0DD,headwear_headwear088,planned_for_render
89,89,hd_beret,beret,2,Unisex,0,Hat,0,80,deep_reddish_brown,Deep reddish brown,560000,headwear_headwear089,planned_for_render
89,89,hd_beret,beret,2,Unisex,0,Hat,1,74,darkgoldenrod,DarkGoldenrod,B8860B,headwear_headwear089,planned_for_render
89,89,hd_beret,beret,2,Unisex,0,Hat,2,70,rosybrown,RosyBrown,BC8F8F,headwear_headwear089,planned_for_render
89,89,hd_beret,beret,2,Unisex,0,Hat,3,69,very_deep_green,Very deep green,003300,headwear_headwear089,planned_for_render
89,89,hd_beret,beret,2,Unisex,0,Hat,4,65,olivedrab,OliveDrab,6B8E23,headwear_headwear089,planned_for_render
89,89,hd_beret,beret,2,Unisex,0,Hat,5,83,very_dark_gamboge,Very dark gamboge,332819,headwear_headwear089,planned_for_render
89,89,hd_beret,beret,2,Unisex,0,Hat,6,37,darkmagenta,DarkMagenta,8B008B,headwear_headwear089,planned_for_render
89,89,hd_beret,beret,2,Unisex,0,Hat,7,47,darkblue_2,DarkBlue_2,1E1E4C,headwear_headwear089,planned_for_render
90,90,hd_knit_beret,slouch hat,2,Unisex,0,Hat,0,86,darkgray,DarkGray,A9A9A9,headwear_headwear090,planned_for_render
90,90,hd_knit_beret,slouch hat,2,Unisex,0,Hat,1,47,darkblue_2,DarkBlue_2,1E1E4C,headwear_headwear090,planned_for_render
90,90,hd_knit_beret,slouch hat,2,Unisex,0,Hat,2,67,darkolivegreen,DarkOliveGreen,556B2F,headwear_headwear090,planned_for_render
90,90,hd_knit_beret,slouch hat,2,Unisex,0,Hat,3,77,chocolate,Chocolate,D2691E,headwear_headwear090,planned_for_render
90,90,hd_knit_beret,slouch hat,2,Unisex,0,Hat,4,80,deep_reddish_brown,Deep reddish brown,560000,headwear_headwear090,planned_for_render
90,90,hd_knit_beret,slouch hat,2,Unisex,0,Hat,5,90,very_dark_gray_2,Very dark gray 2,232323,headwear_headwear090,planned_for_render
90,90,hd_knit_beret,slouch hat,2,Unisex,0,Hat,6,66,olive,Olive,808000,headwear_headwear090,planned_for_render
91,91,hd_casquette,newsboy cap,2,Unisex,0,Hat,0,74,darkgoldenrod,DarkGoldenrod,B8860B,headwear_headwear091,planned_for_render
91,91,hd_casquette,newsboy cap,2,Unisex,0,Hat,1,81,deep_brown_red,Deep brown red,3E1300,headwear_headwear091,planned_for_render
91,91,hd_casquette,newsboy cap,2,Unisex,0,Hat,2,18,moderate_red,Moderate red,CB0F0F,headwear_headwear091,planned_for_render
91,91,hd_casquette,newsboy cap,2,Unisex,0,Hat,3,38,deep_magenta,Deep magenta,5C005C,headwear_headwear091,planned_for_render
91,91,hd_casquette,newsboy cap,2,Unisex,0,Hat,4,48,deep_blue,Deep blue,000054,headwear_headwear091,planned_for_render
91,91,hd_casquette,newsboy cap,2,Unisex,0,Hat,5,56,deep_cyan_2,Deep cyan 2,004240,headwear_headwear091,planned_for_render
91,91,hd_casquette,newsboy cap,2,Unisex,0,Hat,6,13,luminous_vivid_orange,Luminous vivid orange,FF6600,headwear_headwear091,planned_for_render
91,91,hd_casquette,newsboy cap,2,Unisex,0,Hat,7,72,tan,Tan,D2B48C,headwear_headwear091,planned_for_render
92,92,hd_ponpon_casquette,brimmed bobble hat,2,Unisex,0,Hat,0,82,dark_gamboge,Dark gamboge,452F12,headwear_headwear092,planned_for_render
92,92,hd_ponpon_casquette,brimmed bobble hat,2,Unisex,0,Hat,1,66,olive,Olive,808000,headwear_headwear092,planned_for_render
92,92,hd_ponpon_casquette,brimmed bobble hat,2,Unisex,0,Hat,2,71,burlywood,BurlyWood,DEB887,headwear_headwear092,planned_for_render
92,92,hd_ponpon_casquette,brimmed bobble hat,2,Unisex,0,Hat,3,77,chocolate,Chocolate,D2691E,headwear_headwear092,planned_for_render
92,92,hd_ponpon_casquette,brimmed bobble hat,2,Unisex,0,Hat,4,51,cadetblue,CadetBlue,5F9EA0,headwear_headwear092,planned_for_render
92,92,hd_ponpon_casquette,brimmed bobble hat,2,Unisex,0,Hat,5,36,indigo,Indigo,4B0082,headwear_headwear092,planned_for_render
92,92,hd_ponpon_casquette,brimmed bobble hat,2,Unisex,0,Hat,6,30,lavender,Lavender,E6E6FA,headwear_headwear092,planned_for_render
92,92,hd_ponpon_casquette,brimmed bobble hat,2,Unisex,0,Hat,7,22,lightcoral,LightCoral,F08080,headwear_headwear092,planned_for_render
93,93,hd_denim_casquette,denim cap,2,Unisex,0,Hat,0,35,darkslateblue,DarkSlateBlue,483D8B,headwear_headwear093,planned_for_render
93,93,hd_denim_casquette,denim cap,2,Unisex,0,Hat,1,60,greenyellow,GreenYellow,ADFF2F,headwear_headwear093,planned_for_render
93,93,hd_denim_casquette,denim cap,2,Unisex,0,Hat,2,41,deepskyblue,DeepSkyBlue,00BFFF,headwear_headwear093,planned_for_render
93,93,hd_denim_casquette,denim cap,2,Unisex,0,Hat,3,88,dark_gray,Dark gray,4D4D4D,headwear_headwear093,planned_for_render
93,93,hd_denim_casquette,denim cap,2,Unisex,0,Hat,4,56,deep_cyan_2,Deep cyan 2,004240,headwear_headwear093,planned_for_render
93,93,hd_denim_casquette,denim cap,2,Unisex,0,Hat,5,29,mediumvioletred,MediumVioletRed,C71585,headwear_headwear093,planned_for_render
93,93,hd_denim_casquette,denim cap,2,Unisex,0,Hat,6,20,mistyrose,MistyRose,FFE4E1,headwear_headwear093,planned_for_render
93,93,hd_denim_casquette,denim cap,2,Unisex,0,Hat,7,5,yellow,Yellow,FFFF00,headwear_headwear093,planned_for_render
94,94,hd_straw_tengallon,straw ten-gallon hat,1,Female,0,Hat,0,11,orange,Orange,FFA500,headwear_headwear094,planned_for_render
94,94,hd_straw_tengallon,straw ten-gallon hat,1,Female,0,Hat,1,22,lightcoral,LightCoral,F08080,headwear_headwear094,planned_for_render
94,94,hd_straw_tengallon,straw ten-gallon hat,1,Female,0,Hat,2,2,lemonchiffon,LemonChiffon,FFFACD,headwear_headwear094,planned_for_render
94,94,hd_straw_tengallon,straw ten-gallon hat,1,Female,0,Hat,3,80,deep_reddish_brown,Deep reddish brown,560000,headwear_headwear094,planned_for_render
94,94,hd_straw_tengallon,straw ten-gallon hat,1,Female,0,Hat,4,5,yellow,Yellow,FFFF00,headwear_headwear094,planned_for_render
94,94,hd_straw_tengallon,straw ten-gallon hat,1,Female,0,Hat,5,58,yellowgreen,YellowGreen,9ACD32,headwear_headwear094,planned_for_render
94,94,hd_straw_tengallon,straw ten-gallon hat,1,Female,0,Hat,6,77,chocolate,Chocolate,D2691E,headwear_headwear094,planned_for_render
94,94,hd_straw_tengallon,straw ten-gallon hat,1,Female,0,Hat,7,83,very_dark_gamboge,Very dark gamboge,332819,headwear_headwear094,planned_for_render
95,95,hd_teami_straw,woven straw hat,1,Female,0,Hat,0,7,peachpuff,PeachPuff,FFDAB9,headwear_headwear095,planned_for_render
95,95,hd_teami_straw,woven straw hat,1,Female,0,Hat,1,73,goldenrod,Goldenrod,DAA520,headwear_headwear095,planned_for_render
95,95,hd_teami_straw,woven straw hat,1,Female,0,Hat,2,9,coral,Coral,FF7F50,headwear_headwear095,planned_for_render
95,95,hd_teami_straw,woven straw hat,1,Female,0,Hat,3,70,rosybrown,RosyBrown,BC8F8F,headwear_headwear095,planned_for_render
95,95,hd_teami_straw,woven straw hat,1,Female,0,Hat,4,83,very_dark_gamboge,Very dark gamboge,332819,headwear_headwear095,planned_for_render
95,95,hd_teami_straw,woven straw hat,1,Female,0,Hat,5,67,darkolivegreen,DarkOliveGreen,556B2F,headwear_headwear095,planned_for_render
95,95,hd_teami_straw,woven straw hat,1,Female,0,Hat,6,36,indigo,Indigo,4B0082,headwear_headwear095,planned_for_render
95,95,hd_teami_straw,woven straw hat,1,Female,0,Hat,7,80,deep_reddish_brown,Deep reddish brown,560000,headwear_headwear095,planned_for_render
96,96,hd_star_hat,starry top hat,2,Unisex,0,Hat,0,55,darkcyan,DarkCyan,008B8B,headwear_headwear096,planned_for_render
96,96,hd_star_hat,starry top hat,2,Unisex,0,Hat,1,8,salmon,Salmon,FA8072,headwear_headwear096,planned_for_render
96,96,hd_star_hat,starry top hat,2,Unisex,0,Hat,2,48,deep_blue,Deep blue,000054,headwear_headwear096,planned_for_render
96,96,hd_star_hat,starry top hat,2,Unisex,0,Hat,3,1,ivory,Ivory,FFFFF0,headwear_headwear096,planned_for_render
96,96,hd_star_hat,starry top hat,2,Unisex,0,Hat,4,90,very_dark_gray_2,Very dark gray 2,232323,headwear_headwear096,planned_for_render
96,96,hd_star_hat,starry top hat,2,Unisex,0,Hat,5,16,red,Red,FF0000,headwear_headwear096,planned_for_render
96,96,hd_star_hat,starry top hat,2,Unisex,0,Hat,6,68,darkgreen,DarkGreen,006400,headwear_headwear096,planned_for_render
96,96,hd_star_hat,starry top hat,2,Unisex,0,Hat,7,5,yellow,Yellow,FFFF00,headwear_headwear096,planned_for_render
97,97,hd_turip_hat,tulip hat,2,Unisex,0,Hat,0,66,olive,Olive,808000,headwear_headwear097,planned_for_render
97,97,hd_turip_hat,tulip hat,2,Unisex,0,Hat,1,74,darkgoldenrod,DarkGoldenrod,B8860B,headwear_headwear097,planned_for_render
97,97,hd_turip_hat,tulip hat,2,Unisex,0,Hat,2,56,deep_cyan_2,Deep cyan 2,004240,headwear_headwear097,planned_for_render
97,97,hd_turip_hat,tulip hat,2,Unisex,0,Hat,3,22,lightcoral,LightCoral,F08080,headwear_headwear097,planned_for_render
97,97,hd_turip_hat,tulip hat,2,Unisex,0,Hat,4,83,very_dark_gamboge,Very dark gamboge,332819,headwear_headwear097,planned_for_render
97,97,hd_turip_hat,tulip hat,2,Unisex,0,Hat,5,18,moderate_red,Moderate red,CB0F0F,headwear_headwear097,planned_for_render
97,97,hd_turip_hat,tulip hat,2,Unisex,0,Hat,6,58,yellowgreen,YellowGreen,9ACD32,headwear_headwear097,planned_for_render
97,97,hd_turip_hat,tulip hat,2,Unisex,0,Hat,7,4,light_brilliant_amber_yellow,Light brilliant amber yellow,FFEC65,headwear_headwear097,planned_for_render
98,98,hd_check_hat,checkered hat,2,Unisex,0,Hat,0,79,saddlebrown,SaddleBrown,8B4513,headwear_headwear098,planned_for_render
98,98,hd_check_hat,checkered hat,2,Unisex,0,Hat,1,6,gold,Gold,FFD700,headwear_headwear098,planned_for_render
98,98,hd_check_hat,checkered hat,2,Unisex,0,Hat,2,19,darkred,DarkRed,8B0000,headwear_headwear098,planned_for_render
98,98,hd_check_hat,checkered hat,2,Unisex,0,Hat,3,37,darkmagenta,DarkMagenta,8B008B,headwear_headwear098,planned_for_render
98,98,hd_check_hat,checkered hat,2,Unisex,0,Hat,4,69,very_deep_green,Very deep green,003300,headwear_headwear098,planned_for_render
98,98,hd_check_hat,checkered hat,2,Unisex,0,Hat,5,47,darkblue_2,DarkBlue_2,1E1E4C,headwear_headwear098,planned_for_render
98,98,hd_check_hat,checkered hat,2,Unisex,0,Hat,6,91,black,Black,000000,headwear_headwear098,planned_for_render
98,98,hd_check_hat,checkered hat,2,Unisex,0,Hat,7,85,lightgrey,LightGrey,D3D3D3,headwear_headwear098,planned_for_render
99,99,hd_dot_hat,polka-dot hat,2,Unisex,0,Hat,0,51,cadetblue,CadetBlue,5F9EA0,headwear_headwear099,planned_for_render
99,99,hd_dot_hat,polka-dot hat,2,Unisex,0,Hat,1,31,plum,Plum,DDA0DD,headwear_headwear099,planned_for_render
99,99,hd_dot_hat,polka-dot hat,2,Unisex,0,Hat,2,8,salmon,Salmon,FA8072,headwear_headwear099,planned_for_render
99,99,hd_dot_hat,polka-dot hat,2,Unisex,0,Hat,3,58,yellowgreen,YellowGreen,9ACD32,headwear_headwear099,planned_for_render
99,99,hd_dot_hat,polka-dot hat,2,Unisex,0,Hat,4,4,light_brilliant_amber_yellow,Light brilliant amber yellow,FFEC65,headwear_headwear099,planned_for_render
99,99,hd_dot_hat,polka-dot hat,2,Unisex,0,Hat,5,50,aquamarine,Aquamarine,7FFFD4,headwear_headwear099,planned_for_render
99,99,hd_dot_hat,polka-dot hat,2,Unisex,0,Hat,6,83,very_dark_gamboge,Very dark gamboge,332819,headwear_headwear099,planned_for_render
100,100,hd_spangle_hat,sequined hat,1,Female,0,Hat,0,91,black,Black,000000,headwear_headwear100,planned_for_render
100,100,hd_spangle_hat,sequined hat,1,Female,0,Hat,1,23,very_light_crimson,Very light crimson,FF82AB,headwear_headwear100,planned_for_render
100,100,hd_spangle_hat,sequined hat,1,Female,0,Hat,2,30,lavender,Lavender,E6E6FA,headwear_headwear100,planned_for_render
100,100,hd_spangle_hat,sequined hat,1,Female,0,Hat,3,74,darkgoldenrod,DarkGoldenrod,B8860B,headwear_headwear100,planned_for_render
100,100,hd_spangle_hat,sequined hat,1,Female,0,Hat,4,11,orange,Orange,FFA500,headwear_headwear100,planned_for_render
100,100,hd_spangle_hat,sequined hat,1,Female,0,Hat,5,16,red,Red,FF0000,headwear_headwear100,planned_for_render
100,100,hd_spangle_hat,sequined hat,1,Female,0,Hat,6,38,deep_magenta,Deep magenta,5C005C,headwear_headwear100,planned_for_render
101,101,hd_goggle_knit,ski hat & goggles,2,Unisex,0,Hat,0,38,deep_magenta,Deep magenta,5C005C,headwear_headwear101,planned_for_render
101,101,hd_goggle_knit,ski hat & goggles,2,Unisex,0,Hat,1,85,lightgrey,LightGrey,D3D3D3,headwear_headwear101,planned_for_render
101,101,hd_goggle_knit,ski hat & goggles,2,Unisex,0,Hat,2,91,black,Black,000000,headwear_headwear101,planned_for_render
101,101,hd_goggle_knit,ski hat & goggles,2,Unisex,0,Hat,3,63,limegreen,LimeGreen,32CD32,headwear_headwear101,planned_for_render
101,101,hd_goggle_knit,ski hat & goggles,2,Unisex,0,Hat,4,43,royalblue,RoyalBlue,4169E1,headwear_headwear101,planned_for_render
101,101,hd_goggle_knit,ski hat & goggles,2,Unisex,0,Hat,5,6,gold,Gold,FFD700,headwear_headwear101,planned_for_render
101,101,hd_goggle_knit,ski hat & goggles,2,Unisex,0,Hat,6,16,red,Red,FF0000,headwear_headwear101,planned_for_render
101,101,hd_goggle_knit,ski hat & goggles,2,Unisex,0,Hat,7,69,very_deep_green,Very deep green,003300,headwear_headwear101,planned_for_render
102,102,hd_small_ribbon,small ribbons,1,Female,1,Accessory,0,80,deep_reddish_brown,Deep reddish brown,560000,headwear_headwear102,planned_for_render
102,102,hd_small_ribbon,small ribbons,1,Female,1,Accessory,1,84,white,White,FFFFFF,headwear_headwear102,planned_for_render
102,102,hd_small_ribbon,small ribbons,1,Female,1,Accessory,2,91,black,Black,000000,headwear_headwear102,planned_for_render
102,102,hd_small_ribbon,small ribbons,1,Female,1,Accessory,3,10,tomato,Tomato,FF6347,headwear_headwear102,planned_for_render
102,102,hd_small_ribbon,small ribbons,1,Female,1,Accessory,4,29,mediumvioletred,MediumVioletRed,C71585,headwear_headwear102,planned_for_render
102,102,hd_small_ribbon,small ribbons,1,Female,1,Accessory,5,40,lightskyblue,LightSkyBlue,87CEFA,headwear_headwear102,planned_for_render
102,102,hd_small_ribbon,small ribbons,1,Female,1,Accessory,6,48,deep_blue,Deep blue,000054,headwear_headwear102,planned_for_render
102,102,hd_small_ribbon,small ribbons,1,Female,1,Accessory,7,66,olive,Olive,808000,headwear_headwear102,planned_for_render
103,103,hd_rabit_headband,bunny headband,1,Female,1,Accessory,0,26,deeppink,DeepPink,FF1493,headwear_headwear103,planned_for_render
103,103,hd_rabit_headband,bunny headband,1,Female,1,Accessory,1,11,orange,Orange,FFA500,headwear_headwear103,planned_for_render
103,103,hd_rabit_headband,bunny headband,1,Female,1,Accessory,2,48,deep_blue,Deep blue,000054,headwear_headwear103,planned_for_render
103,103,hd_rabit_headband,bunny headband,1,Female,1,Accessory,3,50,aquamarine,Aquamarine,7FFFD4,headwear_headwear103,planned_for_render
103,103,hd_rabit_headband,bunny headband,1,Female,1,Accessory,4,68,darkgreen,DarkGreen,006400,headwear_headwear103,planned_for_render
103,103,hd_rabit_headband,bunny headband,1,Female,1,Accessory,5,71,burlywood,BurlyWood,DEB887,headwear_headwear103,planned_for_render
103,103,hd_rabit_headband,bunny headband,1,Female,1,Accessory,6,19,darkred,DarkRed,8B0000,headwear_headwear103,planned_for_render
103,103,hd_rabit_headband,bunny headband,1,Female,1,Accessory,7,91,black,Black,000000,headwear_headwear103,planned_for_render
104,104,hd_sunflower_ornament,sunflower barrette,1,Female,1,Accessory,0,6,gold,Gold,FFD700,headwear_headwear104,planned_for_render
104,104,hd_sunflower_ornament,sunflower barrette,1,Female,1,Accessory,1,13,luminous_vivid_orange,Luminous vivid orange,FF6600,headwear_headwear104,planned_for_render
104,104,hd_sunflower_ornament,sunflower barrette,1,Female,1,Accessory,2,60,greenyellow,GreenYellow,ADFF2F,headwear_headwear104,planned_for_render
104,104,hd_sunflower_ornament,sunflower barrette,1,Female,1,Accessory,3,12,light_brilliant_amber,Light brilliant amber,FFC950,headwear_headwear104,planned_for_render
104,104,hd_sunflower_ornament,sunflower barrette,1,Female,1,Accessory,4,7,peachpuff,PeachPuff,FFDAB9,headwear_headwear104,planned_for_render
104,104,hd_sunflower_ornament,sunflower barrette,1,Female,1,Accessory,5,81,deep_brown_red,Deep brown red,3E1300,headwear_headwear104,planned_for_render
105,105,hd_rose_ornament,rose barrette,1,Female,1,Accessory,0,16,red,Red,FF0000,headwear_headwear105,planned_for_render
105,105,hd_rose_ornament,rose barrette,1,Female,1,Accessory,1,21,pink,Pink,FFC0CB,headwear_headwear105,planned_for_render
105,105,hd_rose_ornament,rose barrette,1,Female,1,Accessory,2,43,royalblue,RoyalBlue,4169E1,headwear_headwear105,planned_for_render
105,105,hd_rose_ornament,rose barrette,1,Female,1,Accessory,3,4,light_brilliant_amber_yellow,Light brilliant amber yellow,FFEC65,headwear_headwear105,planned_for_render
105,105,hd_rose_ornament,rose barrette,1,Female,1,Accessory,4,26,deeppink,DeepPink,FF1493,headwear_headwear105,planned_for_render
105,105,hd_rose_ornament,rose barrette,1,Female,1,Accessory,5,91,black,Black,000000,headwear_headwear105,planned_for_render
105,105,hd_rose_ornament,rose barrette,1,Female,1,Accessory,6,84,white,White,FFFFFF,headwear_headwear105,planned_for_render
106,106,hd_beanie,beanie,0,Male,0,Hat,0,91,black,Black,000000,headwear_headwear106,planned_for_render
106,106,hd_beanie,beanie,0,Male,0,Hat,1,81,deep_brown_red,Deep brown red,3E1300,headwear_headwear106,planned_for_render
106,106,hd_beanie,beanie,0,Male,0,Hat,2,66,olive,Olive,808000,headwear_headwear106,planned_for_render
106,106,hd_beanie,beanie,0,Male,0,Hat,3,19,darkred,DarkRed,8B0000,headwear_headwear106,planned_for_render
106,106,hd_beanie,beanie,0,Male,0,Hat,4,29,mediumvioletred,MediumVioletRed,C71585,headwear_headwear106,planned_for_render
106,106,hd_beanie,beanie,0,Male,0,Hat,5,68,darkgreen,DarkGreen,006400,headwear_headwear106,planned_for_render
106,106,hd_beanie,beanie,0,Male,0,Hat,6,52,steelblue,SteelBlue,4682B4,headwear_headwear106,planned_for_render
106,106,hd_beanie,beanie,0,Male,0,Hat,7,84,white,White,FFFFFF,headwear_headwear106,planned_for_render
107,107,hd_ski,reindeer bobble hat,2,Unisex,0,Hat,0,8,salmon,Salmon,FA8072,headwear_headwear107,planned_for_render
107,107,hd_ski,reindeer bobble hat,2,Unisex,0,Hat,1,21,pink,Pink,FFC0CB,headwear_headwear107,planned_for_render
107,107,hd_ski,reindeer bobble hat,2,Unisex,0,Hat,2,5,yellow,Yellow,FFFF00,headwear_headwear107,planned_for_render
107,107,hd_ski,reindeer bobble hat,2,Unisex,0,Hat,3,90,very_dark_gray_2,Very dark gray 2,232323,headwear_headwear107,planned_for_render
107,107,hd_ski,reindeer bobble hat,2,Unisex,0,Hat,4,78,brown,Brown,A52A2A,headwear_headwear107,planned_for_render
107,107,hd_ski,reindeer bobble hat,2,Unisex,0,Hat,5,69,very_deep_green,Very deep green,003300,headwear_headwear107,planned_for_render
107,107,hd_ski,reindeer bobble hat,2,Unisex,0,Hat,6,61,chartreuse,Chartreuse,7FFF00,headwear_headwear107,planned_for_render
107,107,hd_ski,reindeer bobble hat,2,Unisex,0,Hat,7,52,steelblue,SteelBlue,4682B4,headwear_headwear107,planned_for_render
108,108,hd_brim_knit,brimmed woolly hat,0,Male,0,Hat,0,88,dark_gray,Dark gray,4D4D4D,headwear_headwear108,planned_for_render
108,108,hd_brim_knit,brimmed woolly hat,0,Male,0,Hat,1,84,white,White,FFFFFF,headwear_headwear108,planned_for_render
108,108,hd_brim_knit,brimmed woolly hat,0,Male,0,Hat,2,91,black,Black,000000,headwear_headwear108,planned_for_render
108,108,hd_brim_knit,brimmed woolly hat,0,Male,0,Hat,3,80,deep_reddish_brown,Deep reddish brown,560000,headwear_headwear108,planned_for_render
108,108,hd_brim_knit,brimmed woolly hat,0,Male,0,Hat,4,67,darkolivegreen,DarkOliveGreen,556B2F,headwear_headwear108,planned_for_render
108,108,hd_brim_knit,brimmed woolly hat,0,Male,0,Hat,5,55,darkcyan,DarkCyan,008B8B,headwear_headwear108,planned_for_render
108,108,hd_brim_knit,brimmed woolly hat,0,Male,0,Hat,6,47,darkblue_2,DarkBlue_2,1E1E4C,headwear_headwear108,planned_for_render
108,108,hd_brim_knit,brimmed woolly hat,0,Male,0,Hat,7,6,gold,Gold,FFD700,headwear_headwear108,planned_for_render
109,109,hd_ear_hat,hat with ears,2,Unisex,0,Hat,0,4,light_brilliant_amber_yellow,Light brilliant amber yellow,FFEC65,headwear_headwear109,planned_for_render
109,109,hd_ear_hat,hat with ears,2,Unisex,0,Hat,1,57,palegreen,PaleGreen,98FB98,headwear_headwear109,planned_for_render
109,109,hd_ear_hat,hat with ears,2,Unisex,0,Hat,2,9,coral,Coral,FF7F50,headwear_headwear109,planned_for_render
109,109,hd_ear_hat,hat with ears,2,Unisex,0,Hat,3,31,plum,Plum,DDA0DD,headwear_headwear109,planned_for_render
109,109,hd_ear_hat,hat with ears,2,Unisex,0,Hat,4,79,saddlebrown,SaddleBrown,8B4513,headwear_headwear109,planned_for_render
109,109,hd_ear_hat,hat with ears,2,Unisex,0,Hat,5,91,black,Black,000000,headwear_headwear109,planned_for_render
109,109,hd_ear_hat,hat with ears,2,Unisex,0,Hat,6,16,red,Red,FF0000,headwear_headwear109,planned_for_render
109,109,hd_ear_hat,hat with ears,2,Unisex,0,Hat,7,48,deep_blue,Deep blue,000054,headwear_headwear109,planned_for_render
110,110,hd_earmuffs_hat,hat with earflaps,2,Unisex,0,Hat,0,72,tan,Tan,D2B48C,headwear_headwear110,planned_for_render
110,110,hd_earmuffs_hat,hat with earflaps,2,Unisex,0,Hat,1,67,darkolivegreen,DarkOliveGreen,556B2F,headwear_headwear110,planned_for_render
110,110,hd_earmuffs_hat,hat with earflaps,2,Unisex,0,Hat,2,51,cadetblue,CadetBlue,5F9EA0,headwear_headwear110,planned_for_render
110,110,hd_earmuffs_hat,hat with earflaps,2,Unisex,0,Hat,3,47,darkblue_2,DarkBlue_2,1E1E4C,headwear_headwear110,planned_for_render
110,110,hd_earmuffs_hat,hat with earflaps,2,Unisex,0,Hat,4,31,plum,Plum,DDA0DD,headwear_headwear110,planned_for_render
110,110,hd_earmuffs_hat,hat with earflaps,2,Unisex,0,Hat,5,81,deep_brown_red,Deep brown red,3E1300,headwear_headwear110,planned_for_render
110,110,hd_earmuffs_hat,hat with earflaps,2,Unisex,0,Hat,6,17,orangered,OrangeRed,FF4500,headwear_headwear110,planned_for_render
110,110,hd_earmuffs_hat,hat with earflaps,2,Unisex,0,Hat,7,38,deep_magenta,Deep magenta,5C005C,headwear_headwear110,planned_for_render
111,111,hd_trilby,trilby hat,0,Male,0,Hat,0,83,very_dark_gamboge,Very dark gamboge,332819,headwear_headwear111,planned_for_render
111,111,hd_trilby,trilby hat,0,Male,0,Hat,1,91,black,Black,000000,headwear_headwear111,planned_for_render
111,111,hd_trilby,trilby hat,0,Male,0,Hat,2,74,darkgoldenrod,DarkGoldenrod,B8860B,headwear_headwear111,planned_for_render
111,111,hd_trilby,trilby hat,0,Male,0,Hat,3,77,chocolate,Chocolate,D2691E,headwear_headwear111,planned_for_render
111,111,hd_trilby,trilby hat,0,Male,0,Hat,4,81,deep_brown_red,Deep brown red,3E1300,headwear_headwear111,planned_for_render
111,111,hd_trilby,trilby hat,0,Male,0,Hat,5,84,white,White,FFFFFF,headwear_headwear111,planned_for_render
111,111,hd_trilby,trilby hat,0,Male,0,Hat,6,48,deep_blue,Deep blue,000054,headwear_headwear111,planned_for_render
112,112,hd_fur_earmuffs,earmuffs,1,Female,1,Accessory,0,7,peachpuff,PeachPuff,FFDAB9,headwear_headwear112,planned_for_render
112,112,hd_fur_earmuffs,earmuffs,1,Female,1,Accessory,1,12,light_brilliant_amber,Light brilliant amber,FFC950,headwear_headwear112,planned_for_render
112,112,hd_fur_earmuffs,earmuffs,1,Female,1,Accessory,2,90,very_dark_gray_2,Very dark gray 2,232323,headwear_headwear112,planned_for_render
112,112,hd_fur_earmuffs,earmuffs,1,Female,1,Accessory,3,79,saddlebrown,SaddleBrown,8B4513,headwear_headwear112,planned_for_render
112,112,hd_fur_earmuffs,earmuffs,1,Female,1,Accessory,4,16,red,Red,FF0000,headwear_headwear112,planned_for_render
112,112,hd_fur_earmuffs,earmuffs,1,Female,1,Accessory,5,34,light_brilliant_violet,Light brilliant violet,9933FF,headwear_headwear112,planned_for_render
112,112,hd_fur_earmuffs,earmuffs,1,Female,1,Accessory,6,26,deeppink,DeepPink,FF1493,headwear_headwear112,planned_for_render
113,113,hd_tilt_cap,street-style hat,0,Male,0,Hat,0,91,black,Black,000000,headwear_headwear113,planned_for_render
113,113,hd_tilt_cap,street-style hat,0,Male,0,Hat,1,18,moderate_red,Moderate red,CB0F0F,headwear_headwear113,planned_for_render
113,113,hd_tilt_cap,street-style hat,0,Male,0,Hat,2,46,darkblue,DarkBlue,00008B,headwear_headwear113,planned_for_render
113,113,hd_tilt_cap,street-style hat,0,Male,0,Hat,3,69,very_deep_green,Very deep green,003300,headwear_headwear113,planned_for_render
113,113,hd_tilt_cap,street-style hat,0,Male,0,Hat,4,85,lightgrey,LightGrey,D3D3D3,headwear_headwear113,planned_for_render
113,113,hd_tilt_cap,street-style hat,0,Male,0,Hat,5,36,indigo,Indigo,4B0082,headwear_headwear113,planned_for_render
113,113,hd_tilt_cap,street-style hat,0,Male,0,Hat,6,26,deeppink,DeepPink,FF1493,headwear_headwear113,planned_for_render
113,113,hd_tilt_cap,street-style hat,0,Male,0,Hat,7,6,gold,Gold,FFD700,headwear_headwear113,planned_for_render
114,114,hd_rasta_hat,reggae hat,2,Unisex,0,Hat,0,74,darkgoldenrod,DarkGoldenrod,B8860B,headwear_headwear114,planned_for_render
114,114,hd_rasta_hat,reggae hat,2,Unisex,0,Hat,1,91,black,Black,000000,headwear_headwear114,planned_for_render
114,114,hd_rasta_hat,reggae hat,2,Unisex,0,Hat,2,84,white,White,FFFFFF,headwear_headwear114,planned_for_render
114,114,hd_rasta_hat,reggae hat,2,Unisex,0,Hat,3,69,very_deep_green,Very deep green,003300,headwear_headwear114,planned_for_render
114,114,hd_rasta_hat,reggae hat,2,Unisex,0,Hat,4,16,red,Red,FF0000,headwear_headwear114,planned_for_render
115,115,hd_teami_knit,acorn hat,2,Unisex,0,Hat,0,79,saddlebrown,SaddleBrown,8B4513,headwear_headwear115,planned_for_render
115,115,hd_teami_knit,acorn hat,2,Unisex,0,Hat,1,13,luminous_vivid_orange,Luminous vivid orange,FF6600,headwear_headwear115,planned_for_render
115,115,hd_teami_knit,acorn hat,2,Unisex,0,Hat,2,38,deep_magenta,Deep magenta,5C005C,headwear_headwear115,planned_for_render
115,115,hd_teami_knit,acorn hat,2,Unisex,0,Hat,3,67,darkolivegreen,DarkOliveGreen,556B2F,headwear_headwear115,planned_for_render
115,115,hd_teami_knit,acorn hat,2,Unisex,0,Hat,4,80,deep_reddish_brown,Deep reddish brown,560000,headwear_headwear115,planned_for_render
115,115,hd_teami_knit,acorn hat,2,Unisex,0,Hat,5,71,burlywood,BurlyWood,DEB887,headwear_headwear115,planned_for_render
115,115,hd_teami_knit,acorn hat,2,Unisex,0,Hat,6,56,deep_cyan_2,Deep cyan 2,004240,headwear_headwear115,planned_for_render
115,115,hd_teami_knit,acorn hat,2,Unisex,0,Hat,7,91,black,Black,000000,headwear_headwear115,planned_for_render
116,116,hd_outdoor,camo hat,2,Unisex,0,Hat,0,72,tan,Tan,D2B48C,headwear_headwear116,planned_for_render
116,116,hd_outdoor,camo hat,2,Unisex,0,Hat,1,89,very_dark_gray,Very dark gray,333333,headwear_headwear116,planned_for_render
116,116,hd_outdoor,camo hat,2,Unisex,0,Hat,2,73,goldenrod,Goldenrod,DAA520,headwear_headwear116,planned_for_render
116,116,hd_outdoor,camo hat,2,Unisex,0,Hat,3,85,lightgrey,LightGrey,D3D3D3,headwear_headwear116,planned_for_render
116,116,hd_outdoor,camo hat,2,Unisex,0,Hat,4,58,yellowgreen,YellowGreen,9ACD32,headwear_headwear116,planned_for_render
116,116,hd_outdoor,camo hat,2,Unisex,0,Hat,5,31,plum,Plum,DDA0DD,headwear_headwear116,planned_for_render
117,117,hd_tare_dog,puppy ears,4,Special,1,Accessory,0,73,goldenrod,Goldenrod,DAA520,headwear_headwear117,planned_for_render
117,117,hd_tare_dog,puppy ears,4,Special,1,Accessory,1,91,black,Black,000000,headwear_headwear117,planned_for_render
117,117,hd_tare_dog,puppy ears,4,Special,1,Accessory,2,71,burlywood,BurlyWood,DEB887,headwear_headwear117,planned_for_render
117,117,hd_tare_dog,puppy ears,4,Special,1,Accessory,3,6,gold,Gold,FFD700,headwear_headwear117,planned_for_render
117,117,hd_tare_dog,puppy ears,4,Special,1,Accessory,4,81,deep_brown_red,Deep brown red,3E1300,headwear_headwear117,planned_for_render
117,117,hd_tare_dog,puppy ears,4,Special,1,Accessory,5,30,lavender,Lavender,E6E6FA,headwear_headwear117,planned_for_render
117,117,hd_tare_dog,puppy ears,4,Special,1,Accessory,6,82,dark_gamboge,Dark gamboge,452F12,headwear_headwear117,planned_for_render
117,117,hd_tare_dog,puppy ears,4,Special,1,Accessory,7,87,gray,Gray,808080,headwear_headwear117,planned_for_render
118,118,hd_pin_dog,dog ears,4,Special,1,Accessory,0,79,saddlebrown,SaddleBrown,8B4513,headwear_headwear118,planned_for_render
118,118,hd_pin_dog,dog ears,4,Special,1,Accessory,1,91,black,Black,000000,headwear_headwear118,planned_for_render
118,118,hd_pin_dog,dog ears,4,Special,1,Accessory,2,9,coral,Coral,FF7F50,headwear_headwear118,planned_for_render
118,118,hd_pin_dog,dog ears,4,Special,1,Accessory,3,85,lightgrey,LightGrey,D3D3D3,headwear_headwear118,planned_for_render
118,118,hd_pin_dog,dog ears,4,Special,1,Accessory,4,12,light_brilliant_amber,Light brilliant amber,FFC950,headwear_headwear118,planned_for_render
118,118,hd_pin_dog,dog ears,4,Special,1,Accessory,5,87,gray,Gray,808080,headwear_headwear118,planned_for_render
118,118,hd_pin_dog,dog ears,4,Special,1,Accessory,6,74,darkgoldenrod,DarkGoldenrod,B8860B,headwear_headwear118,planned_for_render
118,118,hd_pin_dog,dog ears,4,Special,1,Accessory,7,81,deep_brown_red,Deep brown red,3E1300,headwear_headwear118,planned_for_render
119,119,hd_party,party hat,4,Special,0,Hat,0,45,blue,Blue,0000FF,headwear_headwear119,planned_for_render
119,119,hd_party,party hat,4,Special,0,Hat,1,16,red,Red,FF0000,headwear_headwear119,planned_for_render
119,119,hd_party,party hat,4,Special,0,Hat,2,60,greenyellow,GreenYellow,ADFF2F,headwear_headwear119,planned_for_render
119,119,hd_party,party hat,4,Special,0,Hat,3,85,lightgrey,LightGrey,D3D3D3,headwear_headwear119,planned_for_render
119,119,hd_party,party hat,4,Special,0,Hat,4,91,black,Black,000000,headwear_headwear119,planned_for_render
119,119,hd_party,party hat,4,Special,0,Hat,5,74,darkgoldenrod,DarkGoldenrod,B8860B,headwear_headwear119,planned_for_render
120,120,hd_mohikan,mohawk wig,4,Special,2,Mask,0,28,fuchsia,Fuchsia,FF00FF,headwear_headwear120,planned_for_render
120,120,hd_mohikan,mohawk wig,4,Special,2,Mask,1,11,orange,Orange,FFA500,headwear_headwear120,planned_for_render
120,120,hd_mohikan,mohawk wig,4,Special,2,Mask,2,16,red,Red,FF0000,headwear_headwear120,planned_for_render
120,120,hd_mohikan,mohawk wig,4,Special,2,Mask,3,42,luminous_vivid_azure,Luminous vivid azure,0066FF,headwear_headwear120,planned_for_render
120,120,hd_mohikan,mohawk wig,4,Special,2,Mask,4,62,lime,Lime,00FF00,headwear_headwear120,planned_for_render
120,120,hd_mohikan,mohawk wig,4,Special,2,Mask,5,2,lemonchiffon,LemonChiffon,FFFACD,headwear_headwear120,planned_for_render
120,120,hd_mohikan,mohawk wig,4,Special,2,Mask,6,91,black,Black,000000,headwear_headwear120,planned_for_render
120,120,hd_mohikan,mohawk wig,4,Special,2,Mask,7,88,dark_gray,Dark gray,4D4D4D,headwear_headwear120,planned_for_render
121,121,hd_helmet,helmet,4,Special,2,Mask,0,1,ivory,Ivory,FFFFF0,headwear_headwear121,planned_for_render
121,121,hd_helmet,helmet,4,Special,2,Mask,1,91,black,Black,000000,headwear_headwear121,planned_for_render
121,121,hd_helmet,helmet,4,Special,2,Mask,2,13,luminous_vivid_orange,Luminous vivid orange,FF6600,headwear_headwear121,planned_for_render
121,121,hd_helmet,helmet,4,Special,2,Mask,3,69,very_deep_green,Very deep green,003300,headwear_headwear121,planned_for_render
121,121,hd_helmet,helmet,4,Special,2,Mask,4,54,darkturquoise,DarkTurquoise,00CED1,headwear_headwear121,planned_for_render
121,121,hd_helmet,helmet,4,Special,2,Mask,5,16,red,Red,FF0000,headwear_headwear121,planned_for_render
121,121,hd_helmet,helmet,4,Special,2,Mask,6,24,hotpink,HotPink,FF69B4,headwear_headwear121,planned_for_render
121,121,hd_helmet,helmet,4,Special,2,Mask,7,62,lime,Lime,00FF00,headwear_headwear121,planned_for_render
122,122,hd_fullface_helmet,motorcycle helmet,4,Special,2,Mask,0,13,luminous_vivid_orange,Luminous vivid orange,FF6600,headwear_headwear122,planned_for_render
122,122,hd_fullface_helmet,motorcycle helmet,4,Special,2,Mask,1,16,red,Red,FF0000,headwear_headwear122,planned_for_render
122,122,hd_fullface_helmet,motorcycle helmet,4,Special,2,Mask,2,45,blue,Blue,0000FF,headwear_headwear122,planned_for_render
122,122,hd_fullface_helmet,motorcycle helmet,4,Special,2,Mask,3,61,chartreuse,Chartreuse,7FFF00,headwear_headwear122,planned_for_render
122,122,hd_fullface_helmet,motorcycle helmet,4,Special,2,Mask,4,6,gold,Gold,FFD700,headwear_headwear122,planned_for_render
122,122,hd_fullface_helmet,motorcycle helmet,4,Special,2,Mask,5,91,black,Black,000000,headwear_headwear122,planned_for_render
122,122,hd_fullface_helmet,motorcycle helmet,4,Special,2,Mask,6,25,light_brilliant_crimson,Light brilliant crimson,FF4C87,headwear_headwear122,planned_for_render
122,122,hd_fullface_helmet,motorcycle helmet,4,Special,2,Mask,7,85,lightgrey,LightGrey,D3D3D3,headwear_headwear122,planned_for_render
123,123,hd_flight_hat,fighter-pilot hat,4,Special,0,Hat,0,81,deep_brown_red,Deep brown red,3E1300,headwear_headwear123,planned_for_render
123,123,hd_flight_hat,fighter-pilot hat,4,Special,0,Hat,1,91,black,Black,000000,headwear_headwear123,planned_for_render
123,123,hd_flight_hat,fighter-pilot hat,4,Special,0,Hat,2,75,moderate_amber,Moderate amber,886308,headwear_headwear123,planned_for_render
123,123,hd_flight_hat,fighter-pilot hat,4,Special,0,Hat,3,19,darkred,DarkRed,8B0000,headwear_headwear123,planned_for_render
123,123,hd_flight_hat,fighter-pilot hat,4,Special,0,Hat,4,38,deep_magenta,Deep magenta,5C005C,headwear_headwear123,planned_for_render
123,123,hd_flight_hat,fighter-pilot hat,4,Special,0,Hat,5,48,deep_blue,Deep blue,000054,headwear_headwear123,planned_for_render
123,123,hd_flight_hat,fighter-pilot hat,4,Special,0,Hat,6,71,burlywood,BurlyWood,DEB887,headwear_headwear123,planned_for_render
124,124,hd_hero_omen,unknown-hero mask,4,Special,2,Mask,0,17,orangered,OrangeRed,FF4500,headwear_headwear124,planned_for_render
124,124,hd_hero_omen,unknown-hero mask,4,Special,2,Mask,1,45,blue,Blue,0000FF,headwear_headwear124,planned_for_render
124,124,hd_hero_omen,unknown-hero mask,4,Special,2,Mask,2,6,gold,Gold,FFD700,headwear_headwear124,planned_for_render
124,124,hd_hero_omen,unknown-hero mask,4,Special,2,Mask,3,68,darkgreen,DarkGreen,006400,headwear_headwear124,planned_for_render
124,124,hd_hero_omen,unknown-hero mask,4,Special,2,Mask,4,28,fuchsia,Fuchsia,FF00FF,headwear_headwear124,planned_for_render
124,124,hd_hero_omen,unknown-hero mask,4,Special,2,Mask,5,47,darkblue_2,DarkBlue_2,1E1E4C,headwear_headwear124,planned_for_render
124,124,hd_hero_omen,unknown-hero mask,4,Special,2,Mask,6,85,lightgrey,LightGrey,D3D3D3,headwear_headwear124,planned_for_render
124,124,hd_hero_omen,unknown-hero mask,4,Special,2,Mask,7,91,black,Black,000000,headwear_headwear124,planned_for_render
125,125,hd_doctor,graduation cap,4,Special,0,Hat,0,91,black,Black,000000,headwear_headwear125,planned_for_render
125,125,hd_doctor,graduation cap,4,Special,0,Hat,1,19,darkred,DarkRed,8B0000,headwear_headwear125,planned_for_render
125,125,hd_doctor,graduation cap,4,Special,0,Hat,2,48,deep_blue,Deep blue,000054,headwear_headwear125,planned_for_render
125,125,hd_doctor,graduation cap,4,Special,0,Hat,3,67,darkolivegreen,DarkOliveGreen,556B2F,headwear_headwear125,planned_for_render
125,125,hd_doctor,graduation cap,4,Special,0,Hat,4,83,very_dark_gamboge,Very dark gamboge,332819,headwear_headwear125,planned_for_render
125,125,hd_doctor,graduation cap,4,Special,0,Hat,5,72,tan,Tan,D2B48C,headwear_headwear125,planned_for_render
126,126,hd_silk_hat,top hat,0,Male,0,Hat,0,16,red,Red,FF0000,headwear_headwear126,planned_for_render
126,126,hd_silk_hat,top hat,0,Male,0,Hat,1,36,indigo,Indigo,4B0082,headwear_headwear126,planned_for_render
126,126,hd_silk_hat,top hat,0,Male,0,Hat,2,45,blue,Blue,0000FF,headwear_headwear126,planned_for_render
126,126,hd_silk_hat,top hat,0,Male,0,Hat,3,55,darkcyan,DarkCyan,008B8B,headwear_headwear126,planned_for_render
126,126,hd_silk_hat,top hat,0,Male,0,Hat,4,68,darkgreen,DarkGreen,006400,headwear_headwear126,planned_for_render
126,126,hd_silk_hat,top hat,0,Male,0,Hat,5,71,burlywood,BurlyWood,DEB887,headwear_headwear126,planned_for_render
126,126,hd_silk_hat,top hat,0,Male,0,Hat,6,26,deeppink,DeepPink,FF1493,headwear_headwear126,planned_for_render
126,126,hd_silk_hat,top hat,0,Male,0,Hat,7,5,yellow,Yellow,FFFF00,headwear_headwear126,planned_for_render
127,127,hd_tengallon,ten-gallon hat,0,Male,0,Hat,0,74,darkgoldenrod,DarkGoldenrod,B8860B,headwear_headwear127,planned_for_render
127,127,hd_tengallon,ten-gallon hat,0,Male,0,Hat,1,81,deep_brown_red,Deep brown red,3E1300,headwear_headwear127,planned_for_render
127,127,hd_tengallon,ten-gallon hat,0,Male,0,Hat,2,79,saddlebrown,SaddleBrown,8B4513,headwear_headwear127,planned_for_render
127,127,hd_tengallon,ten-gallon hat,0,Male,0,Hat,3,91,black,Black,000000,headwear_headwear127,planned_for_render
127,127,hd_tengallon,ten-gallon hat,0,Male,0,Hat,4,7,peachpuff,PeachPuff,FFDAB9,headwear_headwear127,planned_for_render
127,127,hd_tengallon,ten-gallon hat,0,Male,0,Hat,5,78,brown,Brown,A52A2A,headwear_headwear127,planned_for_render
127,127,hd_tengallon,ten-gallon hat,0,Male,0,Hat,6,67,darkolivegreen,DarkOliveGreen,556B2F,headwear_headwear127,planned_for_render
127,127,hd_tengallon,ten-gallon hat,0,Male,0,Hat,7,29,mediumvioletred,MediumVioletRed,C71585,headwear_headwear127,planned_for_render
128,128,hd_bowler_hat,bowler hat,0,Male,0,Hat,0,91,black,Black,000000,headwear_headwear128,planned_for_render
128,128,hd_bowler_hat,bowler hat,0,Male,0,Hat,1,69,very_deep_green,Very deep green,003300,headwear_headwear128,planned_for_render
128,128,hd_bowler_hat,bowler hat,0,Male,0,Hat,2,81,deep_brown_red,Deep brown red,3E1300,headwear_headwear128,planned_for_render
128,128,hd_bowler_hat,bowler hat,0,Male,0,Hat,3,80,deep_reddish_brown,Deep reddish brown,560000,headwear_headwear128,planned_for_render
128,128,hd_bowler_hat,bowler hat,0,Male,0,Hat,4,48,deep_blue,Deep blue,000054,headwear_headwear128,planned_for_render
128,128,hd_bowler_hat,bowler hat,0,Male,0,Hat,5,75,moderate_amber,Moderate amber,886308,headwear_headwear128,planned_for_render
128,128,hd_bowler_hat,bowler hat,0,Male,0,Hat,6,36,indigo,Indigo,4B0082,headwear_headwear128,planned_for_render
128,128,hd_bowler_hat,bowler hat,0,Male,0,Hat,7,71,burlywood,BurlyWood,DEB887,headwear_headwear128,planned_for_render
129,129,hd_kankan_hat,boater hat,2,Unisex,0,Hat,0,74,darkgoldenrod,DarkGoldenrod,B8860B,headwear_headwear129,planned_for_render
129,129,hd_kankan_hat,boater hat,2,Unisex,0,Hat,1,3,khaki,Khaki,F0E68C,headwear_headwear129,planned_for_render
129,129,hd_kankan_hat,boater hat,2,Unisex,0,Hat,2,81,deep_brown_red,Deep brown red,3E1300,headwear_headwear129,planned_for_render
129,129,hd_kankan_hat,boater hat,2,Unisex,0,Hat,3,50,aquamarine,Aquamarine,7FFFD4,headwear_headwear129,planned_for_render
129,129,hd_kankan_hat,boater hat,2,Unisex,0,Hat,4,21,pink,Pink,FFC0CB,headwear_headwear129,planned_for_render
129,129,hd_kankan_hat,boater hat,2,Unisex,0,Hat,5,47,darkblue_2,DarkBlue_2,1E1E4C,headwear_headwear129,planned_for_render
129,129,hd_kankan_hat,boater hat,2,Unisex,0,Hat,6,91,black,Black,000000,headwear_headwear129,planned_for_render
130,130,hd_russian_hat,russian hat,2,Unisex,0,Hat,0,85,lightgrey,LightGrey,D3D3D3,headwear_headwear130,planned_for_render
130,130,hd_russian_hat,russian hat,2,Unisex,0,Hat,1,88,dark_gray,Dark gray,4D4D4D,headwear_headwear130,planned_for_render
130,130,hd_russian_hat,russian hat,2,Unisex,0,Hat,2,91,black,Black,000000,headwear_headwear130,planned_for_render
130,130,hd_russian_hat,russian hat,2,Unisex,0,Hat,3,72,tan,Tan,D2B48C,headwear_headwear130,planned_for_render
130,130,hd_russian_hat,russian hat,2,Unisex,0,Hat,4,81,deep_brown_red,Deep brown red,3E1300,headwear_headwear130,planned_for_render
130,130,hd_russian_hat,russian hat,2,Unisex,0,Hat,5,75,moderate_amber,Moderate amber,886308,headwear_headwear130,planned_for_render
130,130,hd_russian_hat,russian hat,2,Unisex,0,Hat,6,11,orange,Orange,FFA500,headwear_headwear130,planned_for_render
131,131,hd_propeller,propeller hat,2,Unisex,0,Hat,0,5,yellow,Yellow,FFFF00,headwear_headwear131,planned_for_render
131,131,hd_propeller,propeller hat,2,Unisex,0,Hat,1,45,blue,Blue,0000FF,headwear_headwear131,planned_for_render
131,131,hd_propeller,propeller hat,2,Unisex,0,Hat,2,68,darkgreen,DarkGreen,006400,headwear_headwear131,planned_for_render
131,131,hd_propeller,propeller hat,2,Unisex,0,Hat,3,18,moderate_red,Moderate red,CB0F0F,headwear_headwear131,planned_for_render
131,131,hd_propeller,propeller hat,2,Unisex,0,Hat,4,26,deeppink,DeepPink,FF1493,headwear_headwear131,planned_for_render
131,131,hd_propeller,propeller hat,2,Unisex,0,Hat,5,91,black,Black,000000,headwear_headwear131,planned_for_render
132,132,hd_cloche,cloche,1,Female,0,Hat,0,19,darkred,DarkRed,8B0000,headwear_headwear132,planned_for_render
132,132,hd_cloche,cloche,1,Female,0,Hat,1,7,peachpuff,PeachPuff,FFDAB9,headwear_headwear132,planned_for_render
132,132,hd_cloche,cloche,1,Female,0,Hat,2,69,very_deep_green,Very deep green,003300,headwear_headwear132,planned_for_render
132,132,hd_cloche,cloche,1,Female,0,Hat,3,77,chocolate,Chocolate,D2691E,headwear_headwear132,planned_for_render
132,132,hd_cloche,cloche,1,Female,0,Hat,4,81,deep_brown_red,Deep brown red,3E1300,headwear_headwear132,planned_for_render
132,132,hd_cloche,cloche,1,Female,0,Hat,5,38,deep_magenta,Deep magenta,5C005C,headwear_headwear132,planned_for_render
132,132,hd_cloche,cloche,1,Female,0,Hat,6,47,darkblue_2,DarkBlue_2,1E1E4C,headwear_headwear132,planned_for_render
132,132,hd_cloche,cloche,1,Female,0,Hat,7,31,plum,Plum,DDA0DD,headwear_headwear132,planned_for_render
133,133,hd_night_cap,nightcap,4,Special,0,Hat,0,20,mistyrose,MistyRose,FFE4E1,headwear_headwear133,planned_for_render
133,133,hd_night_cap,nightcap,4,Special,0,Hat,1,31,plum,Plum,DDA0DD,headwear_headwear133,planned_for_render
133,133,hd_night_cap,nightcap,4,Special,0,Hat,2,3,khaki,Khaki,F0E68C,headwear_headwear133,planned_for_render
133,133,hd_night_cap,nightcap,4,Special,0,Hat,3,49,paleturquoise,PaleTurquoise,AFEEEE,headwear_headwear133,planned_for_render
133,133,hd_night_cap,nightcap,4,Special,0,Hat,4,80,deep_reddish_brown,Deep reddish brown,560000,headwear_headwear133,planned_for_render
133,133,hd_night_cap,nightcap,4,Special,0,Hat,5,67,darkolivegreen,DarkOliveGreen,556B2F,headwear_headwear133,planned_for_render
133,133,hd_night_cap,nightcap,4,Special,0,Hat,6,90,very_dark_gray_2,Very dark gray 2,232323,headwear_headwear133,planned_for_render
134,134,hd_marin,sailor hat,3,Uniform,0,Hat,0,46,darkblue,DarkBlue,00008B,headwear_headwear134,planned_for_render
134,134,hd_marin,sailor hat,3,Uniform,0,Hat,1,16,red,Red,FF0000,headwear_headwear134,planned_for_render
134,134,hd_marin,sailor hat,3,Uniform,0,Hat,2,37,darkmagenta,DarkMagenta,8B008B,headwear_headwear134,planned_for_render
134,134,hd_marin,sailor hat,3,Uniform,0,Hat,3,6,gold,Gold,FFD700,headwear_headwear134,planned_for_render
134,134,hd_marin,sailor hat,3,Uniform,0,Hat,4,13,luminous_vivid_orange,Luminous vivid orange,FF6600,headwear_headwear134,planned_for_render
134,134,hd_marin,sailor hat,3,Uniform,0,Hat,5,42,luminous_vivid_azure,Luminous vivid azure,0066FF,headwear_headwear134,planned_for_render
134,134,hd_marin,sailor hat,3,Uniform,0,Hat,6,62,lime,Lime,00FF00,headwear_headwear134,planned_for_render
134,134,hd_marin,sailor hat,3,Uniform,0,Hat,7,82,dark_gamboge,Dark gamboge,452F12,headwear_headwear134,planned_for_render
135,135,hd_sai,rhinoceros horn,4,Special,1,Accessory,0,1,ivory,Ivory,FFFFF0,headwear_headwear135,planned_for_render
135,135,hd_sai,rhinoceros horn,4,Special,1,Accessory,1,16,red,Red,FF0000,headwear_headwear135,planned_for_render
135,135,hd_sai,rhinoceros horn,4,Special,1,Accessory,2,47,darkblue_2,DarkBlue_2,1E1E4C,headwear_headwear135,planned_for_render
135,135,hd_sai,rhinoceros horn,4,Special,1,Accessory,3,6,gold,Gold,FFD700,headwear_headwear135,planned_for_render
135,135,hd_sai,rhinoceros horn,4,Special,1,Accessory,4,38,deep_magenta,Deep magenta,5C005C,headwear_headwear135,planned_for_render
136,136,hd_kami_kabuto,paper hat,4,Special,0,Hat,0,84,white,White,FFFFFF,headwear_headwear136,planned_for_render
136,136,hd_kami_kabuto,paper hat,4,Special,0,Hat,1,72,tan,Tan,D2B48C,headwear_headwear136,planned_for_render
136,136,hd_kami_kabuto,paper hat,4,Special,0,Hat,2,74,darkgoldenrod,DarkGoldenrod,B8860B,headwear_headwear136,planned_for_render
136,136,hd_kami_kabuto,paper hat,4,Special,0,Hat,3,88,dark_gray,Dark gray,4D4D4D,headwear_headwear136,planned_for_render
136,136,hd_kami_kabuto,paper hat,4,Special,0,Hat,4,91,black,Black,000000,headwear_headwear136,planned_for_render
137,137,hd_swimming,swimming cap,4,Special,0,Hat,0,5,yellow,Yellow,FFFF00,headwear_headwear137,planned_for_render
137,137,hd_swimming,swimming cap,4,Special,0,Hat,1,42,luminous_vivid_azure,Luminous vivid azure,0066FF,headwear_headwear137,planned_for_render
137,137,hd_swimming,swimming cap,4,Special,0,Hat,2,16,red,Red,FF0000,headwear_headwear137,planned_for_render
137,137,hd_swimming,swimming cap,4,Special,0,Hat,3,30,lavender,Lavender,E6E6FA,headwear_headwear137,planned_for_render
137,137,hd_swimming,swimming cap,4,Special,0,Hat,4,91,black,Black,000000,headwear_headwear137,planned_for_render
137,137,hd_swimming,swimming cap,4,Special,0,Hat,5,24,hotpink,HotPink,FF69B4,headwear_headwear137,planned_for_render
137,137,hd_swimming,swimming cap,4,Special,0,Hat,6,32,mediumpurple,MediumPurple,9370DB,headwear_headwear137,planned_for_render
137,137,hd_swimming,swimming cap,4,Special,0,Hat,7,13,luminous_vivid_orange,Luminous vivid orange,FF6600,headwear_headwear137,planned_for_render
138,138,hd_hiyoko,baby-chick hat,4,Special,2,Mask,0,11,orange,Orange,FFA500,headwear_headwear138,planned_for_render
138,138,hd_hiyoko,baby-chick hat,4,Special,2,Mask,1,8,salmon,Salmon,FA8072,headwear_headwear138,planned_for_render
138,138,hd_hiyoko,baby-chick hat,4,Special,2,Mask,2,77,chocolate,Chocolate,D2691E,headwear_headwear138,planned_for_render
138,138,hd_hiyoko,baby-chick hat,4,Special,2,Mask,3,91,black,Black,000000,headwear_headwear138,planned_for_render
138,138,hd_hiyoko,baby-chick hat,4,Special,2,Mask,4,3,khaki,Khaki,F0E68C,headwear_headwear138,planned_for_render
138,138,hd_hiyoko,baby-chick hat,4,Special,2,Mask,5,17,orangered,OrangeRed,FF4500,headwear_headwear138,planned_for_render
138,138,hd_hiyoko,baby-chick hat,4,Special,2,Mask,6,56,deep_cyan_2,Deep cyan 2,004240,headwear_headwear138,planned_for_render
138,138,hd_hiyoko,baby-chick hat,4,Special,2,Mask,7,34,light_brilliant_violet,Light brilliant violet,9933FF,headwear_headwear138,planned_for_render
139,139,hd_child_hat,children's hat,3,Uniform,0,Hat,0,6,gold,Gold,FFD700,headwear_headwear139,planned_for_render
139,139,hd_child_hat,children's hat,3,Uniform,0,Hat,1,41,deepskyblue,DeepSkyBlue,00BFFF,headwear_headwear139,planned_for_render
139,139,hd_child_hat,children's hat,3,Uniform,0,Hat,2,47,darkblue_2,DarkBlue_2,1E1E4C,headwear_headwear139,planned_for_render
139,139,hd_child_hat,children's hat,3,Uniform,0,Hat,3,17,orangered,OrangeRed,FF4500,headwear_headwear139,planned_for_render
139,139,hd_child_hat,children's hat,3,Uniform,0,Hat,4,8,salmon,Salmon,FA8072,headwear_headwear139,planned_for_render
139,139,hd_child_hat,children's hat,3,Uniform,0,Hat,5,33,mediumslateblue,MediumSlateBlue,7B68EE,headwear_headwear139,planned_for_render
139,139,hd_child_hat,children's hat,3,Uniform,0,Hat,6,3,khaki,Khaki,F0E68C,headwear_headwear139,planned_for_render
139,139,hd_child_hat,children's hat,3,Uniform,0,Hat,7,58,yellowgreen,YellowGreen,9ACD32,headwear_headwear139,planned_for_render
140,140,hd_softcream,ice-cream hat,4,Special,2,Mask,0,1,ivory,Ivory,FFFFF0,headwear_headwear140,planned_for_render
140,140,hd_softcream,ice-cream hat,4,Special,2,Mask,1,79,saddlebrown,SaddleBrown,8B4513,headwear_headwear140,planned_for_render
140,140,hd_softcream,ice-cream hat,4,Special,2,Mask,2,4,light_brilliant_amber_yellow,Light brilliant amber yellow,FFEC65,headwear_headwear140,planned_for_render
140,140,hd_softcream,ice-cream hat,4,Special,2,Mask,3,23,very_light_crimson,Very light crimson,FF82AB,headwear_headwear140,planned_for_render
140,140,hd_softcream,ice-cream hat,4,Special,2,Mask,4,58,yellowgreen,YellowGreen,9ACD32,headwear_headwear140,planned_for_render
141,141,hd_ebihurai,fried-prawn hat,4,Special,2,Mask,0,13,luminous_vivid_orange,Luminous vivid orange,FF6600,headwear_headwear141,planned_for_render
141,141,hd_ebihurai,fried-prawn hat,4,Special,2,Mask,1,80,deep_reddish_brown,Deep reddish brown,560000,headwear_headwear141,planned_for_render
141,141,hd_ebihurai,fried-prawn hat,4,Special,2,Mask,2,6,gold,Gold,FFD700,headwear_headwear141,planned_for_render
141,141,hd_ebihurai,fried-prawn hat,4,Special,2,Mask,3,1,ivory,Ivory,FFFFF0,headwear_headwear141,planned_for_render
142,142,hd_star_sunglasses,star sunglasses,2,Unisex,1,Accessory,0,64,mediumseagreen,MediumSeaGreen,3CB371,headwear_headwear142,planned_for_render
142,142,hd_star_sunglasses,star sunglasses,2,Unisex,1,Accessory,1,6,gold,Gold,FFD700,headwear_headwear142,planned_for_render
142,142,hd_star_sunglasses,star sunglasses,2,Unisex,1,Accessory,2,16,red,Red,FF0000,headwear_headwear142,planned_for_render
142,142,hd_star_sunglasses,star sunglasses,2,Unisex,1,Accessory,3,37,darkmagenta,DarkMagenta,8B008B,headwear_headwear142,planned_for_render
142,142,hd_star_sunglasses,star sunglasses,2,Unisex,1,Accessory,4,24,hotpink,HotPink,FF69B4,headwear_headwear142,planned_for_render
142,142,hd_star_sunglasses,star sunglasses,2,Unisex,1,Accessory,5,84,white,White,FFFFFF,headwear_headwear142,planned_for_render
142,142,hd_star_sunglasses,star sunglasses,2,Unisex,1,Accessory,6,48,deep_blue,Deep blue,000054,headwear_headwear142,planned_for_render
142,142,hd_star_sunglasses,star sunglasses,2,Unisex,1,Accessory,7,91,black,Black,000000,headwear_headwear142,planned_for_render
143,143,hd_apple,apple bob,4,Special,1,Accessory,0,18,moderate_red,Moderate red,CB0F0F,headwear_headwear143,planned_for_render
143,143,hd_apple,apple bob,4,Special,1,Accessory,1,80,deep_reddish_brown,Deep reddish brown,560000,headwear_headwear143,planned_for_render
143,143,hd_apple,apple bob,4,Special,1,Accessory,2,10,tomato,Tomato,FF6347,headwear_headwear143,planned_for_render
143,143,hd_apple,apple bob,4,Special,1,Accessory,3,58,yellowgreen,YellowGreen,9ACD32,headwear_headwear143,planned_for_render
144,144,hd_sombrero,sombrero,4,Special,0,Hat,0,16,red,Red,FF0000,headwear_headwear144,planned_for_render
144,144,hd_sombrero,sombrero,4,Special,0,Hat,1,28,fuchsia,Fuchsia,FF00FF,headwear_headwear144,planned_for_render
144,144,hd_sombrero,sombrero,4,Special,0,Hat,2,68,darkgreen,DarkGreen,006400,headwear_headwear144,planned_for_render
144,144,hd_sombrero,sombrero,4,Special,0,Hat,3,91,black,Black,000000,headwear_headwear144,planned_for_render
144,144,hd_sombrero,sombrero,4,Special,0,Hat,4,84,white,White,FFFFFF,headwear_headwear144,planned_for_render
144,144,hd_sombrero,sombrero,4,Special,0,Hat,5,4,light_brilliant_amber_yellow,Light brilliant amber yellow,FFEC65,headwear_headwear144,planned_for_render
145,145,hd_ufo,UFO,4,Special,1,Accessory,0,88,dark_gray,Dark gray,4D4D4D,headwear_headwear145,planned_for_render
145,145,hd_ufo,UFO,4,Special,1,Accessory,1,73,goldenrod,Goldenrod,DAA520,headwear_headwear145,planned_for_render
145,145,hd_ufo,UFO,4,Special,1,Accessory,2,16,red,Red,FF0000,headwear_headwear145,planned_for_render
145,145,hd_ufo,UFO,4,Special,1,Accessory,3,26,deeppink,DeepPink,FF1493,headwear_headwear145,planned_for_render
145,145,hd_ufo,UFO,4,Special,1,Accessory,4,41,deepskyblue,DeepSkyBlue,00BFFF,headwear_headwear145,planned_for_render
145,145,hd_ufo,UFO,4,Special,1,Accessory,5,62,lime,Lime,00FF00,headwear_headwear145,planned_for_render
146,146,hd_bear_63,bicycle helmet,4,Special,0,Hat,0,55,darkcyan,DarkCyan,008B8B,headwear_headwear146,planned_for_render
146,146,hd_bear_63,bicycle helmet,4,Special,0,Hat,1,62,lime,Lime,00FF00,headwear_headwear146,planned_for_render
146,146,hd_bear_63,bicycle helmet,4,Special,0,Hat,2,17,orangered,OrangeRed,FF4500,headwear_headwear146,planned_for_render
146,146,hd_bear_63,bicycle helmet,4,Special,0,Hat,3,84,white,White,FFFFFF,headwear_headwear146,planned_for_render
146,146,hd_bear_63,bicycle helmet,4,Special,0,Hat,4,91,black,Black,000000,headwear_headwear146,planned_for_render
146,146,hd_bear_63,bicycle helmet,4,Special,0,Hat,5,32,mediumpurple,MediumPurple,9370DB,headwear_headwear146,planned_for_render
146,146,hd_bear_63,bicycle helmet,4,Special,0,Hat,6,6,gold,Gold,FFD700,headwear_headwear146,planned_for_render
146,146,hd_bear_63,bicycle helmet,4,Special,0,Hat,7,26,deeppink,DeepPink,FF1493,headwear_headwear146,planned_for_render
147,147,hd_wizard,witch hat,4,Special,0,Hat,0,47,darkblue_2,DarkBlue_2,1E1E4C,headwear_headwear147,planned_for_render
147,147,hd_wizard,witch hat,4,Special,0,Hat,1,72,tan,Tan,D2B48C,headwear_headwear147,planned_for_render
147,147,hd_wizard,witch hat,4,Special,0,Hat,2,91,black,Black,000000,headwear_headwear147,planned_for_render
147,147,hd_wizard,witch hat,4,Special,0,Hat,3,19,darkred,DarkRed,8B0000,headwear_headwear147,planned_for_render
147,147,hd_wizard,witch hat,4,Special,0,Hat,4,66,olive,Olive,808000,headwear_headwear147,planned_for_render
147,147,hd_wizard,witch hat,4,Special,0,Hat,5,73,goldenrod,Goldenrod,DAA520,headwear_headwear147,planned_for_render
147,147,hd_wizard,witch hat,4,Special,0,Hat,6,38,deep_magenta,Deep magenta,5C005C,headwear_headwear147,planned_for_render
147,147,hd_wizard,witch hat,4,Special,0,Hat,7,40,lightskyblue,LightSkyBlue,87CEFA,headwear_headwear147,planned_for_render
148,148,hd_nurse,nurse cap,3,Uniform,0,Hat,0,84,white,White,FFFFFF,headwear_headwear148,planned_for_render
148,148,hd_nurse,nurse cap,3,Uniform,0,Hat,1,90,very_dark_gray_2,Very dark gray 2,232323,headwear_headwear148,planned_for_render
148,148,hd_nurse,nurse cap,3,Uniform,0,Hat,2,40,lightskyblue,LightSkyBlue,87CEFA,headwear_headwear148,planned_for_render
148,148,hd_nurse,nurse cap,3,Uniform,0,Hat,3,21,pink,Pink,FFC0CB,headwear_headwear148,planned_for_render
148,148,hd_nurse,nurse cap,3,Uniform,0,Hat,4,3,khaki,Khaki,F0E68C,headwear_headwear148,planned_for_render
148,148,hd_nurse,nurse cap,3,Uniform,0,Hat,5,49,paleturquoise,PaleTurquoise,AFEEEE,headwear_headwear148,planned_for_render
148,148,hd_nurse,nurse cap,3,Uniform,0,Hat,6,42,luminous_vivid_azure,Luminous vivid azure,0066FF,headwear_headwear148,planned_for_render
148,148,hd_nurse,nurse cap,3,Uniform,0,Hat,7,63,limegreen,LimeGreen,32CD32,headwear_headwear148,planned_for_render
149,149,hd_idol1,checkered ribbon,1,Female,1,Accessory,0,19,darkred,DarkRed,8B0000,headwear_headwear149,planned_for_render
149,149,hd_idol1,checkered ribbon,1,Female,1,Accessory,1,41,deepskyblue,DeepSkyBlue,00BFFF,headwear_headwear149,planned_for_render
149,149,hd_idol1,checkered ribbon,1,Female,1,Accessory,2,62,lime,Lime,00FF00,headwear_headwear149,planned_for_render
149,149,hd_idol1,checkered ribbon,1,Female,1,Accessory,3,26,deeppink,DeepPink,FF1493,headwear_headwear149,planned_for_render
149,149,hd_idol1,checkered ribbon,1,Female,1,Accessory,4,6,gold,Gold,FFD700,headwear_headwear149,planned_for_render
149,149,hd_idol1,checkered ribbon,1,Female,1,Accessory,5,32,mediumpurple,MediumPurple,9370DB,headwear_headwear149,planned_for_render
149,149,hd_idol1,checkered ribbon,1,Female,1,Accessory,6,75,moderate_amber,Moderate amber,886308,headwear_headwear149,planned_for_render
149,149,hd_idol1,checkered ribbon,1,Female,1,Accessory,7,89,very_dark_gray,Very dark gray,333333,headwear_headwear149,planned_for_render
150,150,hd_idol2,rhinestone hat,1,Female,0,Hat,0,6,gold,Gold,FFD700,headwear_headwear150,planned_for_render
150,150,hd_idol2,rhinestone hat,1,Female,0,Hat,1,42,luminous_vivid_azure,Luminous vivid azure,0066FF,headwear_headwear150,planned_for_render
150,150,hd_idol2,rhinestone hat,1,Female,0,Hat,2,84,white,White,FFFFFF,headwear_headwear150,planned_for_render
150,150,hd_idol2,rhinestone hat,1,Female,0,Hat,3,36,indigo,Indigo,4B0082,headwear_headwear150,planned_for_render
150,150,hd_idol2,rhinestone hat,1,Female,0,Hat,4,16,red,Red,FF0000,headwear_headwear150,planned_for_render
150,150,hd_idol2,rhinestone hat,1,Female,0,Hat,5,48,deep_blue,Deep blue,000054,headwear_headwear150,planned_for_render
150,150,hd_idol2,rhinestone hat,1,Female,0,Hat,6,61,chartreuse,Chartreuse,7FFF00,headwear_headwear150,planned_for_render
150,150,hd_idol2,rhinestone hat,1,Female,0,Hat,7,26,deeppink,DeepPink,FF1493,headwear_headwear150,planned_for_render
151,151,hd_color_cap,colorful cap,2,Unisex,0,Hat,0,18,moderate_red,Moderate red,CB0F0F,headwear_headwear151,planned_for_render
151,151,hd_color_cap,colorful cap,2,Unisex,0,Hat,1,30,lavender,Lavender,E6E6FA,headwear_headwear151,planned_for_render
151,151,hd_color_cap,colorful cap,2,Unisex,0,Hat,2,5,yellow,Yellow,FFFF00,headwear_headwear151,planned_for_render
151,151,hd_color_cap,colorful cap,2,Unisex,0,Hat,3,41,deepskyblue,DeepSkyBlue,00BFFF,headwear_headwear151,planned_for_render
151,151,hd_color_cap,colorful cap,2,Unisex,0,Hat,4,58,yellowgreen,YellowGreen,9ACD32,headwear_headwear151,planned_for_render
151,151,hd_color_cap,colorful cap,2,Unisex,0,Hat,5,13,luminous_vivid_orange,Luminous vivid orange,FF6600,headwear_headwear151,planned_for_render
151,151,hd_color_cap,colorful cap,2,Unisex,0,Hat,6,34,light_brilliant_violet,Light brilliant violet,9933FF,headwear_headwear151,planned_for_render
151,151,hd_color_cap,colorful cap,2,Unisex,0,Hat,7,23,very_light_crimson,Very light crimson,FF82AB,headwear_headwear151,planned_for_render
152,152,hd_luxurious_flower,floral fascinator,1,Female,1,Accessory,0,2,lemonchiffon,LemonChiffon,FFFACD,headwear_headwear152,planned_for_render
152,152,hd_luxurious_flower,floral fascinator,1,Female,1,Accessory,1,91,black,Black,000000,headwear_headwear152,planned_for_render
152,152,hd_luxurious_flower,floral fascinator,1,Female,1,Accessory,2,38,deep_magenta,Deep magenta,5C005C,headwear_headwear152,planned_for_render
152,152,hd_luxurious_flower,floral fascinator,1,Female,1,Accessory,3,40,lightskyblue,LightSkyBlue,87CEFA,headwear_headwear152,planned_for_render
152,152,hd_luxurious_flower,floral fascinator,1,Female,1,Accessory,4,16,red,Red,FF0000,headwear_headwear152,planned_for_render
152,152,hd_luxurious_flower,floral fascinator,1,Female,1,Accessory,5,73,goldenrod,Goldenrod,DAA520,headwear_headwear152,planned_for_render
152,152,hd_luxurious_flower,floral fascinator,1,Female,1,Accessory,6,28,fuchsia,Fuchsia,FF00FF,headwear_headwear152,planned_for_render
152,152,hd_luxurious_flower,floral fascinator,1,Female,1,Accessory,7,61,chartreuse,Chartreuse,7FFF00,headwear_headwear152,planned_for_render
153,153,hd_luxurious_wing,fancy feather hairpiece,1,Female,1,Accessory,0,1,ivory,Ivory,FFFFF0,headwear_headwear153,planned_for_render
153,153,hd_luxurious_wing,fancy feather hairpiece,1,Female,1,Accessory,1,26,deeppink,DeepPink,FF1493,headwear_headwear153,planned_for_render
153,153,hd_luxurious_wing,fancy feather hairpiece,1,Female,1,Accessory,2,36,indigo,Indigo,4B0082,headwear_headwear153,planned_for_render
153,153,hd_luxurious_wing,fancy feather hairpiece,1,Female,1,Accessory,3,80,deep_reddish_brown,Deep reddish brown,560000,headwear_headwear153,planned_for_render
153,153,hd_luxurious_wing,fancy feather hairpiece,1,Female,1,Accessory,4,91,black,Black,000000,headwear_headwear153,planned_for_render
153,153,hd_luxurious_wing,fancy feather hairpiece,1,Female,1,Accessory,5,11,orange,Orange,FFA500,headwear_headwear153,planned_for_render
153,153,hd_luxurious_wing,fancy feather hairpiece,1,Female,1,Accessory,6,56,deep_cyan_2,Deep cyan 2,004240,headwear_headwear153,planned_for_render
153,153,hd_luxurious_wing,fancy feather hairpiece,1,Female,1,Accessory,7,66,olive,Olive,808000,headwear_headwear153,planned_for_render
154,154,hd_mini_silkhat,mini top hat,1,Female,1,Accessory,0,48,deep_blue,Deep blue,000054,headwear_headwear154,planned_for_render
154,154,hd_mini_silkhat,mini top hat,1,Female,1,Accessory,1,19,darkred,DarkRed,8B0000,headwear_headwear154,planned_for_render
154,154,hd_mini_silkhat,mini top hat,1,Female,1,Accessory,2,91,black,Black,000000,headwear_headwear154,planned_for_render
154,154,hd_mini_silkhat,mini top hat,1,Female,1,Accessory,3,84,white,White,FFFFFF,headwear_headwear154,planned_for_render
154,154,hd_mini_silkhat,mini top hat,1,Female,1,Accessory,4,69,very_deep_green,Very deep green,003300,headwear_headwear154,planned_for_render
154,154,hd_mini_silkhat,mini top hat,1,Female,1,Accessory,5,29,mediumvioletred,MediumVioletRed,C71585,headwear_headwear154,planned_for_render
154,154,hd_mini_silkhat,mini top hat,1,Female,1,Accessory,6,9,coral,Coral,FF7F50,headwear_headwear154,planned_for_render
154,154,hd_mini_silkhat,mini top hat,1,Female,1,Accessory,7,74,darkgoldenrod,DarkGoldenrod,B8860B,headwear_headwear154,planned_for_render
155,155,hd_work_cap,work hat,2,Unisex,0,Hat,0,67,darkolivegreen,DarkOliveGreen,556B2F,headwear_headwear155,planned_for_render
155,155,hd_work_cap,work hat,2,Unisex,0,Hat,1,71,burlywood,BurlyWood,DEB887,headwear_headwear155,planned_for_render
155,155,hd_work_cap,work hat,2,Unisex,0,Hat,2,82,dark_gamboge,Dark gamboge,452F12,headwear_headwear155,planned_for_render
155,155,hd_work_cap,work hat,2,Unisex,0,Hat,3,79,saddlebrown,SaddleBrown,8B4513,headwear_headwear155,planned_for_render
155,155,hd_work_cap,work hat,2,Unisex,0,Hat,4,19,darkred,DarkRed,8B0000,headwear_headwear155,planned_for_render
155,155,hd_work_cap,work hat,2,Unisex,0,Hat,5,47,darkblue_2,DarkBlue_2,1E1E4C,headwear_headwear155,planned_for_render
155,155,hd_work_cap,work hat,2,Unisex,0,Hat,6,60,greenyellow,GreenYellow,ADFF2F,headwear_headwear155,planned_for_render
155,155,hd_work_cap,work hat,2,Unisex,0,Hat,7,39,lightcyan,LightCyan,E0FFFF,headwear_headwear155,planned_for_render
156,156,hd_headhone,headphones,2,Unisex,1,Accessory,0,16,red,Red,FF0000,headwear_headwear156,planned_for_render
156,156,hd_headhone,headphones,2,Unisex,1,Accessory,1,42,luminous_vivid_azure,Luminous vivid azure,0066FF,headwear_headwear156,planned_for_render
156,156,hd_headhone,headphones,2,Unisex,1,Accessory,2,6,gold,Gold,FFD700,headwear_headwear156,planned_for_render
156,156,hd_headhone,headphones,2,Unisex,1,Accessory,3,62,lime,Lime,00FF00,headwear_headwear156,planned_for_render
156,156,hd_headhone,headphones,2,Unisex,1,Accessory,4,26,deeppink,DeepPink,FF1493,headwear_headwear156,planned_for_render
156,156,hd_headhone,headphones,2,Unisex,1,Accessory,5,34,light_brilliant_violet,Light brilliant violet,9933FF,headwear_headwear156,planned_for_render
156,156,hd_headhone,headphones,2,Unisex,1,Accessory,6,91,black,Black,000000,headwear_headwear156,planned_for_render
156,156,hd_headhone,headphones,2,Unisex,1,Accessory,7,39,lightcyan,LightCyan,E0FFFF,headwear_headwear156,planned_for_render
157,157,hd_tights,bodysuit hat,4,Special,2,Mask,0,6,gold,Gold,FFD700,headwear_headwear157,planned_for_render
157,157,hd_tights,bodysuit hat,4,Special,2,Mask,1,26,deeppink,DeepPink,FF1493,headwear_headwear157,planned_for_render
157,157,hd_tights,bodysuit hat,4,Special,2,Mask,2,16,red,Red,FF0000,headwear_headwear157,planned_for_render
157,157,hd_tights,bodysuit hat,4,Special,2,Mask,3,45,blue,Blue,0000FF,headwear_headwear157,planned_for_render
157,157,hd_tights,bodysuit hat,4,Special,2,Mask,4,62,lime,Lime,00FF00,headwear_headwear157,planned_for_render
157,157,hd_tights,bodysuit hat,4,Special,2,Mask,5,41,deepskyblue,DeepSkyBlue,00BFFF,headwear_headwear157,planned_for_render
157,157,hd_tights,bodysuit hat,4,Special,2,Mask,6,91,black,Black,000000,headwear_headwear157,planned_for_render
157,157,hd_tights,bodysuit hat,4,Special,2,Mask,7,84,white,White,FFFFFF,headwear_headwear157,planned_for_render
158,158,hd_metallic_tights,metallic-bodysuit hat,4,Special,2,Mask,0,11,orange,Orange,FFA500,headwear_headwear158,planned_for_render
158,158,hd_metallic_tights,metallic-bodysuit hat,4,Special,2,Mask,1,86,darkgray,DarkGray,A9A9A9,headwear_headwear158,planned_for_render
158,158,hd_metallic_tights,metallic-bodysuit hat,4,Special,2,Mask,2,77,chocolate,Chocolate,D2691E,headwear_headwear158,planned_for_render
158,158,hd_metallic_tights,metallic-bodysuit hat,4,Special,2,Mask,3,16,red,Red,FF0000,headwear_headwear158,planned_for_render
158,158,hd_metallic_tights,metallic-bodysuit hat,4,Special,2,Mask,4,42,luminous_vivid_azure,Luminous vivid azure,0066FF,headwear_headwear158,planned_for_render
158,158,hd_metallic_tights,metallic-bodysuit hat,4,Special,2,Mask,5,91,black,Black,000000,headwear_headwear158,planned_for_render
158,158,hd_metallic_tights,metallic-bodysuit hat,4,Special,2,Mask,6,68,darkgreen,DarkGreen,006400,headwear_headwear158,planned_for_render
158,158,hd_metallic_tights,metallic-bodysuit hat,4,Special,2,Mask,7,28,fuchsia,Fuchsia,FF00FF,headwear_headwear158,planned_for_render
159,159,hd_flower_headband,flower headband,1,Female,1,Accessory,0,10,tomato,Tomato,FF6347,headwear_headwear159,planned_for_render
159,159,hd_flower_headband,flower headband,1,Female,1,Accessory,1,11,orange,Orange,FFA500,headwear_headwear159,planned_for_render
159,159,hd_flower_headband,flower headband,1,Female,1,Accessory,2,38,deep_magenta,Deep magenta,5C005C,headwear_headwear159,planned_for_render
159,159,hd_flower_headband,flower headband,1,Female,1,Accessory,3,52,steelblue,SteelBlue,4682B4,headwear_headwear159,planned_for_render
159,159,hd_flower_headband,flower headband,1,Female,1,Accessory,4,58,yellowgreen,YellowGreen,9ACD32,headwear_headwear159,planned_for_render
159,159,hd_flower_headband,flower headband,1,Female,1,Accessory,5,69,very_deep_green,Very deep green,003300,headwear_headwear159,planned_for_render
159,159,hd_flower_headband,flower headband,1,Female,1,Accessory,6,20,mistyrose,MistyRose,FFE4E1,headwear_headwear159,planned_for_render
159,159,hd_flower_headband,flower headband,1,Female,1,Accessory,7,91,black,Black,000000,headwear_headwear159,planned_for_render
160,160,hd_hero_meka,robo-hero helmet,0,Male,2,Mask,0,18,moderate_red,Moderate red,CB0F0F,headwear_headwear160,planned_for_render
160,160,hd_hero_meka,robo-hero helmet,0,Male,2,Mask,1,45,blue,Blue,0000FF,headwear_headwear160,planned_for_render
160,160,hd_hero_meka,robo-hero helmet,0,Male,2,Mask,2,86,darkgray,DarkGray,A9A9A9,headwear_headwear160,planned_for_render
160,160,hd_hero_meka,robo-hero helmet,0,Male,2,Mask,3,54,darkturquoise,DarkTurquoise,00CED1,headwear_headwear160,planned_for_render
160,160,hd_hero_meka,robo-hero helmet,0,Male,2,Mask,4,91,black,Black,000000,headwear_headwear160,planned_for_render
160,160,hd_hero_meka,robo-hero helmet,0,Male,2,Mask,5,62,lime,Lime,00FF00,headwear_headwear160,planned_for_render
160,160,hd_hero_meka,robo-hero helmet,0,Male,2,Mask,6,28,fuchsia,Fuchsia,FF00FF,headwear_headwear160,planned_for_render
161,161,hd_heavymetal,glam-rock wig,4,Special,2,Mask,0,21,pink,Pink,FFC0CB,headwear_headwear161,planned_for_render
161,161,hd_heavymetal,glam-rock wig,4,Special,2,Mask,1,26,deeppink,DeepPink,FF1493,headwear_headwear161,planned_for_render
161,161,hd_heavymetal,glam-rock wig,4,Special,2,Mask,2,13,luminous_vivid_orange,Luminous vivid orange,FF6600,headwear_headwear161,planned_for_render
161,161,hd_heavymetal,glam-rock wig,4,Special,2,Mask,3,16,red,Red,FF0000,headwear_headwear161,planned_for_render
161,161,hd_heavymetal,glam-rock wig,4,Special,2,Mask,4,62,lime,Lime,00FF00,headwear_headwear161,planned_for_render
161,161,hd_heavymetal,glam-rock wig,4,Special,2,Mask,5,59,light_brilliant_yellow_lime,Light brilliant yellow lime,E7FF33,headwear_headwear161,planned_for_render
161,161,hd_heavymetal,glam-rock wig,4,Special,2,Mask,6,50,aquamarine,Aquamarine,7FFFD4,headwear_headwear161,planned_for_render
161,161,hd_heavymetal,glam-rock wig,4,Special,2,Mask,7,91,black,Black,000000,headwear_headwear161,planned_for_render
162,162,hd_mask,phantom mask,4,Special,1,Accessory,0,1,ivory,Ivory,FFFFF0,headwear_headwear162,planned_for_render
162,162,hd_mask,phantom mask,4,Special,1,Accessory,1,91,black,Black,000000,headwear_headwear162,planned_for_render
162,162,hd_mask,phantom mask,4,Special,1,Accessory,2,6,gold,Gold,FFD700,headwear_headwear162,planned_for_render
162,162,hd_mask,phantom mask,4,Special,1,Accessory,3,19,darkred,DarkRed,8B0000,headwear_headwear162,planned_for_render
163,163,hd_shell,shell barrette,1,Female,1,Accessory,0,10,tomato,Tomato,FF6347,headwear_headwear163,planned_for_render
163,163,hd_shell,shell barrette,1,Female,1,Accessory,1,20,mistyrose,MistyRose,FFE4E1,headwear_headwear163,planned_for_render
163,163,hd_shell,shell barrette,1,Female,1,Accessory,2,73,goldenrod,Goldenrod,DAA520,headwear_headwear163,planned_for_render
163,163,hd_shell,shell barrette,1,Female,1,Accessory,3,32,mediumpurple,MediumPurple,9370DB,headwear_headwear163,planned_for_render
163,163,hd_shell,shell barrette,1,Female,1,Accessory,4,58,yellowgreen,YellowGreen,9ACD32,headwear_headwear163,planned_for_render
163,163,hd_shell,shell barrette,1,Female,1,Accessory,5,26,deeppink,DeepPink,FF1493,headwear_headwear163,planned_for_render
164,164,hd_nekomimi,cat-ears headband,4,Special,1,Accessory,0,91,black,Black,000000,headwear_headwear164,planned_for_render
164,164,hd_nekomimi,cat-ears headband,4,Special,1,Accessory,1,1,ivory,Ivory,FFFFF0,headwear_headwear164,planned_for_render
164,164,hd_nekomimi,cat-ears headband,4,Special,1,Accessory,2,4,light_brilliant_amber_yellow,Light brilliant amber yellow,FFEC65,headwear_headwear164,planned_for_render
164,164,hd_nekomimi,cat-ears headband,4,Special,1,Accessory,3,22,lightcoral,LightCoral,F08080,headwear_headwear164,planned_for_render
164,164,hd_nekomimi,cat-ears headband,4,Special,1,Accessory,4,32,mediumpurple,MediumPurple,9370DB,headwear_headwear164,planned_for_render
164,164,hd_nekomimi,cat-ears headband,4,Special,1,Accessory,5,40,lightskyblue,LightSkyBlue,87CEFA,headwear_headwear164,planned_for_render
165,165,hd_pierrot,jester hat,0,Male,2,Mask,0,84,white,White,FFFFFF,headwear_headwear165,planned_for_render
165,165,hd_pierrot,jester hat,0,Male,2,Mask,1,59,light_brilliant_yellow_lime,Light brilliant yellow lime,E7FF33,headwear_headwear165,planned_for_render
165,165,hd_pierrot,jester hat,0,Male,2,Mask,2,91,black,Black,000000,headwear_headwear165,planned_for_render
165,165,hd_pierrot,jester hat,0,Male,2,Mask,3,63,limegreen,LimeGreen,32CD32,headwear_headwear165,planned_for_render
165,165,hd_pierrot,jester hat,0,Male,2,Mask,4,19,darkred,DarkRed,8B0000,headwear_headwear165,planned_for_render
166,166,hd_regent,pompadour wig,4,Special,2,Mask,0,91,black,Black,000000,headwear_headwear166,planned_for_render
166,166,hd_regent,pompadour wig,4,Special,2,Mask,1,81,deep_brown_red,Deep brown red,3E1300,headwear_headwear166,planned_for_render
166,166,hd_regent,pompadour wig,4,Special,2,Mask,2,18,moderate_red,Moderate red,CB0F0F,headwear_headwear166,planned_for_render
166,166,hd_regent,pompadour wig,4,Special,2,Mask,3,4,light_brilliant_amber_yellow,Light brilliant amber yellow,FFEC65,headwear_headwear166,planned_for_render
166,166,hd_regent,pompadour wig,4,Special,2,Mask,4,13,luminous_vivid_orange,Luminous vivid orange,FF6600,headwear_headwear166,planned_for_render
166,166,hd_regent,pompadour wig,4,Special,2,Mask,5,34,light_brilliant_violet,Light brilliant violet,9933FF,headwear_headwear166,planned_for_render
166,166,hd_regent,pompadour wig,4,Special,2,Mask,6,31,plum,Plum,DDA0DD,headwear_headwear166,planned_for_render
167,167,hd_incom,headset,4,Special,1,Accessory,0,84,white,White,FFFFFF,headwear_headwear167,planned_for_render
167,167,hd_incom,headset,4,Special,1,Accessory,1,16,red,Red,FF0000,headwear_headwear167,planned_for_render
167,167,hd_incom,headset,4,Special,1,Accessory,2,45,blue,Blue,0000FF,headwear_headwear167,planned_for_render
167,167,hd_incom,headset,4,Special,1,Accessory,3,5,yellow,Yellow,FFFF00,headwear_headwear167,planned_for_render
167,167,hd_incom,headset,4,Special,1,Accessory,4,62,lime,Lime,00FF00,headwear_headwear167,planned_for_render
167,167,hd_incom,headset,4,Special,1,Accessory,5,24,hotpink,HotPink,FF69B4,headwear_headwear167,planned_for_render
167,167,hd_incom,headset,4,Special,1,Accessory,6,83,very_dark_gamboge,Very dark gamboge,332819,headwear_headwear167,planned_for_render
168,168,hd_bonnet,bonnet,4,Special,2,Mask,0,1,ivory,Ivory,FFFFF0,headwear_headwear168,planned_for_render
168,168,hd_bonnet,bonnet,4,Special,2,Mask,1,3,khaki,Khaki,F0E68C,headwear_headwear168,planned_for_render
168,168,hd_bonnet,bonnet,4,Special,2,Mask,2,21,pink,Pink,FFC0CB,headwear_headwear168,planned_for_render
168,168,hd_bonnet,bonnet,4,Special,2,Mask,3,40,lightskyblue,LightSkyBlue,87CEFA,headwear_headwear168,planned_for_render
168,168,hd_bonnet,bonnet,4,Special,2,Mask,4,57,palegreen,PaleGreen,98FB98,headwear_headwear168,planned_for_render
168,168,hd_bonnet,bonnet,4,Special,2,Mask,5,31,plum,Plum,DDA0DD,headwear_headwear168,planned_for_render
169,169,hd_traveler,traveler goggles,4,Special,1,Accessory,0,84,white,White,FFFFFF,headwear_headwear169,planned_for_render
169,169,hd_traveler,traveler goggles,4,Special,1,Accessory,1,87,gray,Gray,808080,headwear_headwear169,planned_for_render
169,169,hd_traveler,traveler goggles,4,Special,1,Accessory,2,91,black,Black,000000,headwear_headwear169,planned_for_render
170,170,hd_dog,plain dog ears,4,Special,1,Accessory,0,79,saddlebrown,SaddleBrown,8B4513,headwear_headwear170,planned_for_render
170,170,hd_dog,plain dog ears,4,Special,1,Accessory,1,91,black,Black,000000,headwear_headwear170,planned_for_render
170,170,hd_dog,plain dog ears,4,Special,1,Accessory,2,81,deep_brown_red,Deep brown red,3E1300,headwear_headwear170,planned_for_render
170,170,hd_dog,plain dog ears,4,Special,1,Accessory,3,87,gray,Gray,808080,headwear_headwear170,planned_for_render
170,170,hd_dog,plain dog ears,4,Special,1,Accessory,4,77,chocolate,Chocolate,D2691E,headwear_headwear170,planned_for_render
170,170,hd_dog,plain dog ears,4,Special,1,Accessory,5,11,orange,Orange,FFA500,headwear_headwear170,planned_for_render
170,170,hd_dog,plain dog ears,4,Special,1,Accessory,6,82,dark_gamboge,Dark gamboge,452F12,headwear_headwear170,planned_for_render
170,170,hd_dog,plain dog ears,4,Special,1,Accessory,7,13,luminous_vivid_orange,Luminous vivid orange,FF6600,headwear_headwear170,planned_for_render
171,171,hd_dekaribbon,huge ribbon,1,Female,1,Accessory,0,25,light_brilliant_crimson,Light brilliant crimson,FF4C87,headwear_headwear171,planned_for_render
171,171,hd_dekaribbon,huge ribbon,1,Female,1,Accessory,1,16,red,Red,FF0000,headwear_headwear171,planned_for_render
171,171,hd_dekaribbon,huge ribbon,1,Female,1,Accessory,2,38,deep_magenta,Deep magenta,5C005C,headwear_headwear171,planned_for_render
171,171,hd_dekaribbon,huge ribbon,1,Female,1,Accessory,3,55,darkcyan,DarkCyan,008B8B,headwear_headwear171,planned_for_render
171,171,hd_dekaribbon,huge ribbon,1,Female,1,Accessory,4,11,orange,Orange,FFA500,headwear_headwear171,planned_for_render
171,171,hd_dekaribbon,huge ribbon,1,Female,1,Accessory,5,61,chartreuse,Chartreuse,7FFF00,headwear_headwear171,planned_for_render
171,171,hd_dekaribbon,huge ribbon,1,Female,1,Accessory,6,83,very_dark_gamboge,Very dark gamboge,332819,headwear_headwear171,planned_for_render
171,171,hd_dekaribbon,huge ribbon,1,Female,1,Accessory,7,30,lavender,Lavender,E6E6FA,headwear_headwear171,planned_for_render
172,172,hd_top,spiky ponytail,4,Special,1,Accessory,0,91,black,Black,000000,headwear_headwear172,planned_for_render
173,173,hd_bunnygirl,,4,Special,1,Accessory,0,91,black,Black,000000,,missing_physical_asset
173,173,hd_bunnygirl,,4,Special,1,Accessory,1,16,red,Red,FF0000,,missing_physical_asset
173,173,hd_bunnygirl,,4,Special,1,Accessory,2,74,darkgoldenrod,DarkGoldenrod,B8860B,,missing_physical_asset
173,173,hd_bunnygirl,,4,Special,1,Accessory,3,26,deeppink,DeepPink,FF1493,,missing_physical_asset
173,173,hd_bunnygirl,,4,Special,1,Accessory,4,68,darkgreen,DarkGreen,006400,,missing_physical_asset
173,173,hd_bunnygirl,,4,Special,1,Accessory,5,84,white,White,FFFFFF,,missing_physical_asset
173,173,hd_bunnygirl,,4,Special,1,Accessory,6,46,darkblue,DarkBlue,00008B,,missing_physical_asset
173,173,hd_bunnygirl,,4,Special,1,Accessory,7,41,deepskyblue,DeepSkyBlue,00BFFF,,missing_physical_asset
174,174,hd_hero,superhero mask,4,Special,2,Mask,0,16,red,Red,FF0000,headwear_headwear174,planned_for_render
174,174,hd_hero,superhero mask,4,Special,2,Mask,1,5,yellow,Yellow,FFFF00,headwear_headwear174,planned_for_render
174,174,hd_hero,superhero mask,4,Special,2,Mask,2,68,darkgreen,DarkGreen,006400,headwear_headwear174,planned_for_render
174,174,hd_hero,superhero mask,4,Special,2,Mask,3,26,deeppink,DeepPink,FF1493,headwear_headwear174,planned_for_render
174,174,hd_hero,superhero mask,4,Special,2,Mask,4,45,blue,Blue,0000FF,headwear_headwear174,planned_for_render
174,174,hd_hero,superhero mask,4,Special,2,Mask,5,90,very_dark_gray_2,Very dark gray 2,232323,headwear_headwear174,planned_for_render
174,174,hd_hero,superhero mask,4,Special,2,Mask,6,84,white,White,FFFFFF,headwear_headwear174,planned_for_render
174,174,hd_hero,superhero mask,4,Special,2,Mask,7,36,indigo,Indigo,4B0082,headwear_headwear174,planned_for_render
175,175,hd_robot,robot head,4,Special,2,Mask,0,88,dark_gray,Dark gray,4D4D4D,headwear_headwear175,planned_for_render
175,175,hd_robot,robot head,4,Special,2,Mask,1,48,deep_blue,Deep blue,000054,headwear_headwear175,planned_for_render
175,175,hd_robot,robot head,4,Special,2,Mask,2,19,darkred,DarkRed,8B0000,headwear_headwear175,planned_for_render
175,175,hd_robot,robot head,4,Special,2,Mask,3,74,darkgoldenrod,DarkGoldenrod,B8860B,headwear_headwear175,planned_for_render
175,175,hd_robot,robot head,4,Special,2,Mask,4,62,lime,Lime,00FF00,headwear_headwear175,planned_for_render
175,175,hd_robot,robot head,4,Special,2,Mask,5,26,deeppink,DeepPink,FF1493,headwear_headwear175,planned_for_render
175,175,hd_robot,robot head,4,Special,2,Mask,6,42,luminous_vivid_azure,Luminous vivid azure,0066FF,headwear_headwear175,planned_for_render
175,175,hd_robot,robot head,4,Special,2,Mask,7,86,darkgray,DarkGray,A9A9A9,headwear_headwear175,planned_for_render
176,176,hd_riboon_headband,ribbon headband,1,Female,1,Accessory,0,91,black,Black,000000,headwear_headwear176,planned_for_render
176,176,hd_riboon_headband,ribbon headband,1,Female,1,Accessory,1,48,deep_blue,Deep blue,000054,headwear_headwear176,planned_for_render
176,176,hd_riboon_headband,ribbon headband,1,Female,1,Accessory,2,19,darkred,DarkRed,8B0000,headwear_headwear176,planned_for_render
176,176,hd_riboon_headband,ribbon headband,1,Female,1,Accessory,3,69,very_deep_green,Very deep green,003300,headwear_headwear176,planned_for_render
176,176,hd_riboon_headband,ribbon headband,1,Female,1,Accessory,4,25,light_brilliant_crimson,Light brilliant crimson,FF4C87,headwear_headwear176,planned_for_render
176,176,hd_riboon_headband,ribbon headband,1,Female,1,Accessory,5,6,gold,Gold,FFD700,headwear_headwear176,planned_for_render
176,176,hd_riboon_headband,ribbon headband,1,Female,1,Accessory,6,51,cadetblue,CadetBlue,5F9EA0,headwear_headwear176,planned_for_render
176,176,hd_riboon_headband,ribbon headband,1,Female,1,Accessory,7,30,lavender,Lavender,E6E6FA,headwear_headwear176,planned_for_render
177,177,hd_silk_bandanna,silk bandana,2,Unisex,2,Mask,0,34,light_brilliant_violet,Light brilliant violet,9933FF,headwear_headwear177,planned_for_render
177,177,hd_silk_bandanna,silk bandana,2,Unisex,2,Mask,1,83,very_dark_gamboge,Very dark gamboge,332819,headwear_headwear177,planned_for_render
177,177,hd_silk_bandanna,silk bandana,2,Unisex,2,Mask,2,56,deep_cyan_2,Deep cyan 2,004240,headwear_headwear177,planned_for_render
177,177,hd_silk_bandanna,silk bandana,2,Unisex,2,Mask,3,26,deeppink,DeepPink,FF1493,headwear_headwear177,planned_for_render
177,177,hd_silk_bandanna,silk bandana,2,Unisex,2,Mask,4,73,goldenrod,Goldenrod,DAA520,headwear_headwear177,planned_for_render
177,177,hd_silk_bandanna,silk bandana,2,Unisex,2,Mask,5,60,greenyellow,GreenYellow,ADFF2F,headwear_headwear177,planned_for_render
177,177,hd_silk_bandanna,silk bandana,2,Unisex,2,Mask,6,50,aquamarine,Aquamarine,7FFFD4,headwear_headwear177,planned_for_render
177,177,hd_silk_bandanna,silk bandana,2,Unisex,2,Mask,7,7,peachpuff,PeachPuff,FFDAB9,headwear_headwear177,planned_for_render
178,178,hd_shishimai,lion mask,4,Special,2,Mask,0,18,moderate_red,Moderate red,CB0F0F,headwear_headwear178,planned_for_render
178,178,hd_shishimai,lion mask,4,Special,2,Mask,1,91,black,Black,000000,headwear_headwear178,planned_for_render
178,178,hd_shishimai,lion mask,4,Special,2,Mask,2,81,deep_brown_red,Deep brown red,3E1300,headwear_headwear178,planned_for_render
178,178,hd_shishimai,lion mask,4,Special,2,Mask,3,74,darkgoldenrod,DarkGoldenrod,B8860B,headwear_headwear178,planned_for_render
178,178,hd_shishimai,lion mask,4,Special,2,Mask,4,67,darkolivegreen,DarkOliveGreen,556B2F,headwear_headwear178,planned_for_render
178,178,hd_shishimai,lion mask,4,Special,2,Mask,5,85,lightgrey,LightGrey,D3D3D3,headwear_headwear178,planned_for_render
179,179,hd_horse,horse mask,4,Special,2,Mask,0,79,saddlebrown,SaddleBrown,8B4513,headwear_headwear179,planned_for_render
179,179,hd_horse,horse mask,4,Special,2,Mask,1,82,dark_gamboge,Dark gamboge,452F12,headwear_headwear179,planned_for_render
179,179,hd_horse,horse mask,4,Special,2,Mask,2,85,lightgrey,LightGrey,D3D3D3,headwear_headwear179,planned_for_render
179,179,hd_horse,horse mask,4,Special,2,Mask,3,88,dark_gray,Dark gray,4D4D4D,headwear_headwear179,planned_for_render
179,179,hd_horse,horse mask,4,Special,2,Mask,4,89,very_dark_gray,Very dark gray,333333,headwear_headwear179,planned_for_render
179,179,hd_horse,horse mask,4,Special,2,Mask,5,18,moderate_red,Moderate red,CB0F0F,headwear_headwear179,planned_for_render
180,180,hd_sheep,ram horns,4,Special,1,Accessory,0,12,light_brilliant_amber,Light brilliant amber,FFC950,headwear_headwear180,planned_for_render
180,180,hd_sheep,ram horns,4,Special,1,Accessory,1,1,ivory,Ivory,FFFFF0,headwear_headwear180,planned_for_render
180,180,hd_sheep,ram horns,4,Special,1,Accessory,2,90,very_dark_gray_2,Very dark gray 2,232323,headwear_headwear180,planned_for_render
180,180,hd_sheep,ram horns,4,Special,1,Accessory,3,67,darkolivegreen,DarkOliveGreen,556B2F,headwear_headwear180,planned_for_render
180,180,hd_sheep,ram horns,4,Special,1,Accessory,4,22,lightcoral,LightCoral,F08080,headwear_headwear180,planned_for_render
181,181,hd_monkey,monkey hat,4,Special,2,Mask,0,80,deep_reddish_brown,Deep reddish brown,560000,headwear_headwear181,planned_for_render
181,181,hd_monkey,monkey hat,4,Special,2,Mask,1,2,lemonchiffon,LemonChiffon,FFFACD,headwear_headwear181,planned_for_render
181,181,hd_monkey,monkey hat,4,Special,2,Mask,2,83,very_dark_gamboge,Very dark gamboge,332819,headwear_headwear181,planned_for_render
181,181,hd_monkey,monkey hat,4,Special,2,Mask,3,55,darkcyan,DarkCyan,008B8B,headwear_headwear181,planned_for_render
181,181,hd_monkey,monkey hat,4,Special,2,Mask,4,23,very_light_crimson,Very light crimson,FF82AB,headwear_headwear181,planned_for_render
181,181,hd_monkey,monkey hat,4,Special,2,Mask,5,13,luminous_vivid_orange,Luminous vivid orange,FF6600,headwear_headwear181,planned_for_render
181,181,hd_monkey,monkey hat,4,Special,2,Mask,6,6,gold,Gold,FFD700,headwear_headwear181,planned_for_render
182,182,hd_cake,cake hat,4,Special,0,Hat,0,1,ivory,Ivory,FFFFF0,headwear_headwear182,planned_for_render
182,182,hd_cake,cake hat,4,Special,0,Hat,1,79,saddlebrown,SaddleBrown,8B4513,headwear_headwear182,planned_for_render
182,182,hd_cake,cake hat,4,Special,0,Hat,2,23,very_light_crimson,Very light crimson,FF82AB,headwear_headwear182,planned_for_render
182,182,hd_cake,cake hat,4,Special,0,Hat,3,58,yellowgreen,YellowGreen,9ACD32,headwear_headwear182,planned_for_render
182,182,hd_cake,cake hat,4,Special,0,Hat,4,50,aquamarine,Aquamarine,7FFFD4,headwear_headwear182,planned_for_render
183,183,hd_rabbit,rabbit hat,4,Special,2,Mask,0,23,very_light_crimson,Very light crimson,FF82AB,headwear_headwear183,planned_for_render
183,183,hd_rabbit,rabbit hat,4,Special,2,Mask,1,83,very_dark_gamboge,Very dark gamboge,332819,headwear_headwear183,planned_for_render
183,183,hd_rabbit,rabbit hat,4,Special,2,Mask,2,2,lemonchiffon,LemonChiffon,FFFACD,headwear_headwear183,planned_for_render
183,183,hd_rabbit,rabbit hat,4,Special,2,Mask,3,80,deep_reddish_brown,Deep reddish brown,560000,headwear_headwear183,planned_for_render
183,183,hd_rabbit,rabbit hat,4,Special,2,Mask,4,55,darkcyan,DarkCyan,008B8B,headwear_headwear183,planned_for_render
183,183,hd_rabbit,rabbit hat,4,Special,2,Mask,5,79,saddlebrown,SaddleBrown,8B4513,headwear_headwear183,planned_for_render
183,183,hd_rabbit,rabbit hat,4,Special,2,Mask,6,87,gray,Gray,808080,headwear_headwear183,planned_for_render
184,184,hd_depart,Sunday-dress hat,3,Uniform,0,Hat,0,73,goldenrod,Goldenrod,DAA520,headwear_headwear184,planned_for_render
184,184,hd_depart,Sunday-dress hat,3,Uniform,0,Hat,1,22,lightcoral,LightCoral,F08080,headwear_headwear184,planned_for_render
184,184,hd_depart,Sunday-dress hat,3,Uniform,0,Hat,2,56,deep_cyan_2,Deep cyan 2,004240,headwear_headwear184,planned_for_render
184,184,hd_depart,Sunday-dress hat,3,Uniform,0,Hat,3,19,darkred,DarkRed,8B0000,headwear_headwear184,planned_for_render
184,184,hd_depart,Sunday-dress hat,3,Uniform,0,Hat,4,69,very_deep_green,Very deep green,003300,headwear_headwear184,planned_for_render
184,184,hd_depart,Sunday-dress hat,3,Uniform,0,Hat,5,47,darkblue_2,DarkBlue_2,1E1E4C,headwear_headwear184,planned_for_render
184,184,hd_depart,Sunday-dress hat,3,Uniform,0,Hat,6,32,mediumpurple,MediumPurple,9370DB,headwear_headwear184,planned_for_render
184,184,hd_depart,Sunday-dress hat,3,Uniform,0,Hat,7,84,white,White,FFFFFF,headwear_headwear184,planned_for_render
185,185,hd_bear_25,fish hat,4,Special,2,Mask,0,22,lightcoral,LightCoral,F08080,headwear_headwear185,planned_for_render
185,185,hd_bear_25,fish hat,4,Special,2,Mask,1,17,orangered,OrangeRed,FF4500,headwear_headwear185,planned_for_render
185,185,hd_bear_25,fish hat,4,Special,2,Mask,2,51,cadetblue,CadetBlue,5F9EA0,headwear_headwear185,planned_for_render
185,185,hd_bear_25,fish hat,4,Special,2,Mask,3,39,lightcyan,LightCyan,E0FFFF,headwear_headwear185,planned_for_render
185,185,hd_bear_25,fish hat,4,Special,2,Mask,4,90,very_dark_gray_2,Very dark gray 2,232323,headwear_headwear185,planned_for_render
186,186,hd_cat_spot,calico-cat ears,4,Special,1,Accessory,0,79,saddlebrown,SaddleBrown,8B4513,headwear_headwear186,planned_for_render
186,186,hd_cat_spot,calico-cat ears,4,Special,1,Accessory,1,87,gray,Gray,808080,headwear_headwear186,planned_for_render
186,186,hd_cat_spot,calico-cat ears,4,Special,1,Accessory,2,12,light_brilliant_amber,Light brilliant amber,FFC950,headwear_headwear186,planned_for_render
186,186,hd_cat_spot,calico-cat ears,4,Special,1,Accessory,3,74,darkgoldenrod,DarkGoldenrod,B8860B,headwear_headwear186,planned_for_render
186,186,hd_cat_spot,calico-cat ears,4,Special,1,Accessory,4,76,dark_amber,Dark amber,624806,headwear_headwear186,planned_for_render
186,186,hd_cat_spot,calico-cat ears,4,Special,1,Accessory,5,91,black,Black,000000,headwear_headwear186,planned_for_render
186,186,hd_cat_spot,calico-cat ears,4,Special,1,Accessory,6,71,burlywood,BurlyWood,DEB887,headwear_headwear186,planned_for_render
186,186,hd_cat_spot,calico-cat ears,4,Special,1,Accessory,7,6,gold,Gold,FFD700,headwear_headwear186,planned_for_render
187,187,hd_cat_socks,socks-cat ears,4,Special,1,Accessory,0,88,dark_gray,Dark gray,4D4D4D,headwear_headwear187,planned_for_render
187,187,hd_cat_socks,socks-cat ears,4,Special,1,Accessory,1,82,dark_gamboge,Dark gamboge,452F12,headwear_headwear187,planned_for_render
187,187,hd_cat_socks,socks-cat ears,4,Special,1,Accessory,2,73,goldenrod,Goldenrod,DAA520,headwear_headwear187,planned_for_render
187,187,hd_cat_socks,socks-cat ears,4,Special,1,Accessory,3,71,burlywood,BurlyWood,DEB887,headwear_headwear187,planned_for_render
187,187,hd_cat_socks,socks-cat ears,4,Special,1,Accessory,4,43,royalblue,RoyalBlue,4169E1,headwear_headwear187,planned_for_render
187,187,hd_cat_socks,socks-cat ears,4,Special,1,Accessory,5,91,black,Black,000000,headwear_headwear187,planned_for_render
187,187,hd_cat_socks,socks-cat ears,4,Special,1,Accessory,6,16,red,Red,FF0000,headwear_headwear187,planned_for_render
187,187,hd_cat_socks,socks-cat ears,4,Special,1,Accessory,7,77,chocolate,Chocolate,D2691E,headwear_headwear187,planned_for_render
188,188,hd_maschera,masquerade mask,4,Special,1,Accessory,0,37,darkmagenta,DarkMagenta,8B008B,headwear_headwear188,planned_for_render
188,188,hd_maschera,masquerade mask,4,Special,1,Accessory,1,6,gold,Gold,FFD700,headwear_headwear188,planned_for_render
188,188,hd_maschera,masquerade mask,4,Special,1,Accessory,2,16,red,Red,FF0000,headwear_headwear188,planned_for_render
188,188,hd_maschera,masquerade mask,4,Special,1,Accessory,3,56,deep_cyan_2,Deep cyan 2,004240,headwear_headwear188,planned_for_render
188,188,hd_maschera,masquerade mask,4,Special,1,Accessory,4,72,tan,Tan,D2B48C,headwear_headwear188,planned_for_render
188,188,hd_maschera,masquerade mask,4,Special,1,Accessory,5,44,moderate_blue,Moderate blue,323296,headwear_headwear188,planned_for_render
188,188,hd_maschera,masquerade mask,4,Special,1,Accessory,6,66,olive,Olive,808000,headwear_headwear188,planned_for_render
188,188,hd_maschera,masquerade mask,4,Special,1,Accessory,7,91,black,Black,000000,headwear_headwear188,planned_for_render
189,189,hd_cat,tabby-cat ears,4,Special,1,Accessory,0,73,goldenrod,Goldenrod,DAA520,headwear_headwear189,planned_for_render
189,189,hd_cat,tabby-cat ears,4,Special,1,Accessory,1,81,deep_brown_red,Deep brown red,3E1300,headwear_headwear189,planned_for_render
189,189,hd_cat,tabby-cat ears,4,Special,1,Accessory,2,88,dark_gray,Dark gray,4D4D4D,headwear_headwear189,planned_for_render
189,189,hd_cat,tabby-cat ears,4,Special,1,Accessory,3,37,darkmagenta,DarkMagenta,8B008B,headwear_headwear189,planned_for_render
189,189,hd_cat,tabby-cat ears,4,Special,1,Accessory,4,91,black,Black,000000,headwear_headwear189,planned_for_render
189,189,hd_cat,tabby-cat ears,4,Special,1,Accessory,5,66,olive,Olive,808000,headwear_headwear189,planned_for_render
189,189,hd_cat,tabby-cat ears,4,Special,1,Accessory,6,87,gray,Gray,808080,headwear_headwear189,planned_for_render
189,189,hd_cat,tabby-cat ears,4,Special,1,Accessory,7,79,saddlebrown,SaddleBrown,8B4513,headwear_headwear189,planned_for_render
190,190,hd_oni_1,horn,4,Special,1,Accessory,0,6,gold,Gold,FFD700,headwear_headwear190,planned_for_render
190,190,hd_oni_1,horn,4,Special,1,Accessory,1,84,white,White,FFFFFF,headwear_headwear190,planned_for_render
190,190,hd_oni_1,horn,4,Special,1,Accessory,2,91,black,Black,000000,headwear_headwear190,planned_for_render
190,190,hd_oni_1,horn,4,Special,1,Accessory,3,13,luminous_vivid_orange,Luminous vivid orange,FF6600,headwear_headwear190,planned_for_render
190,190,hd_oni_1,horn,4,Special,1,Accessory,4,16,red,Red,FF0000,headwear_headwear190,planned_for_render
190,190,hd_oni_1,horn,4,Special,1,Accessory,5,42,luminous_vivid_azure,Luminous vivid azure,0066FF,headwear_headwear190,planned_for_render
190,190,hd_oni_1,horn,4,Special,1,Accessory,6,68,darkgreen,DarkGreen,006400,headwear_headwear190,planned_for_render
191,191,hd_oni_2,double horns,4,Special,1,Accessory,0,6,gold,Gold,FFD700,headwear_headwear191,planned_for_render
191,191,hd_oni_2,double horns,4,Special,1,Accessory,1,84,white,White,FFFFFF,headwear_headwear191,planned_for_render
191,191,hd_oni_2,double horns,4,Special,1,Accessory,2,91,black,Black,000000,headwear_headwear191,planned_for_render
191,191,hd_oni_2,double horns,4,Special,1,Accessory,3,13,luminous_vivid_orange,Luminous vivid orange,FF6600,headwear_headwear191,planned_for_render
191,191,hd_oni_2,double horns,4,Special,1,Accessory,4,16,red,Red,FF0000,headwear_headwear191,planned_for_render
191,191,hd_oni_2,double horns,4,Special,1,Accessory,5,42,luminous_vivid_azure,Luminous vivid azure,0066FF,headwear_headwear191,planned_for_render
191,191,hd_oni_2,double horns,4,Special,1,Accessory,6,68,darkgreen,DarkGreen,006400,headwear_headwear191,planned_for_render
192,192,hd_traveler_great,super-traveler goggles,0,Male,1,Accessory,0,88,dark_gray,Dark gray,4D4D4D,headwear_headwear192,planned_for_render
192,192,hd_traveler_great,super-traveler goggles,0,Male,1,Accessory,1,74,darkgoldenrod,DarkGoldenrod,B8860B,headwear_headwear192,planned_for_render
193,193,hd_odango,hair-bun covers,3,Uniform,1,Accessory,0,1,ivory,Ivory,FFFFF0,headwear_headwear193,planned_for_render
193,193,hd_odango,hair-bun covers,3,Uniform,1,Accessory,1,91,black,Black,000000,headwear_headwear193,planned_for_render
193,193,hd_odango,hair-bun covers,3,Uniform,1,Accessory,2,22,lightcoral,LightCoral,F08080,headwear_headwear193,planned_for_render
193,193,hd_odango,hair-bun covers,3,Uniform,1,Accessory,3,40,lightskyblue,LightSkyBlue,87CEFA,headwear_headwear193,planned_for_render
193,193,hd_odango,hair-bun covers,3,Uniform,1,Accessory,4,4,light_brilliant_amber_yellow,Light brilliant amber yellow,FFEC65,headwear_headwear193,planned_for_render
193,193,hd_odango,hair-bun covers,3,Uniform,1,Accessory,5,32,mediumpurple,MediumPurple,9370DB,headwear_headwear193,planned_for_render
193,193,hd_odango,hair-bun covers,3,Uniform,1,Accessory,6,60,greenyellow,GreenYellow,ADFF2F,headwear_headwear193,planned_for_render
193,193,hd_odango,hair-bun covers,3,Uniform,1,Accessory,7,72,tan,Tan,D2B48C,headwear_headwear193,planned_for_render
194,194,hd_flog,frog hat,4,Special,0,Hat,0,63,limegreen,LimeGreen,32CD32,headwear_headwear194,planned_for_render
194,194,hd_flog,frog hat,4,Special,0,Hat,1,65,olivedrab,OliveDrab,6B8E23,headwear_headwear194,planned_for_render
194,194,hd_flog,frog hat,4,Special,0,Hat,2,56,deep_cyan_2,Deep cyan 2,004240,headwear_headwear194,planned_for_render
194,194,hd_flog,frog hat,4,Special,0,Hat,3,5,yellow,Yellow,FFFF00,headwear_headwear194,planned_for_render
194,194,hd_flog,frog hat,4,Special,0,Hat,4,10,tomato,Tomato,FF6347,headwear_headwear194,planned_for_render
194,194,hd_flog,frog hat,4,Special,0,Hat,5,32,mediumpurple,MediumPurple,9370DB,headwear_headwear194,planned_for_render
194,194,hd_flog,frog hat,4,Special,0,Hat,6,50,aquamarine,Aquamarine,7FFFD4,headwear_headwear194,planned_for_render
194,194,hd_flog,frog hat,4,Special,0,Hat,7,91,black,Black,000000,headwear_headwear194,planned_for_render
195,195,hd_question,question-mark mask,4,Special,2,Mask,0,1,ivory,Ivory,FFFFF0,headwear_headwear195,planned_for_render
196,196,hd_hamster,hamster hood,4,Special,2,Mask,0,13,luminous_vivid_orange,Luminous vivid orange,FF6600,headwear_headwear196,planned_for_render
196,196,hd_hamster,hamster hood,4,Special,2,Mask,1,51,cadetblue,CadetBlue,5F9EA0,headwear_headwear196,planned_for_render
196,196,hd_hamster,hamster hood,4,Special,2,Mask,2,73,goldenrod,Goldenrod,DAA520,headwear_headwear196,planned_for_render
196,196,hd_hamster,hamster hood,4,Special,2,Mask,3,87,gray,Gray,808080,headwear_headwear196,planned_for_render
196,196,hd_hamster,hamster hood,4,Special,2,Mask,4,12,light_brilliant_amber,Light brilliant amber,FFC950,headwear_headwear196,planned_for_render
196,196,hd_hamster,hamster hood,4,Special,2,Mask,5,79,saddlebrown,SaddleBrown,8B4513,headwear_headwear196,planned_for_render
196,196,hd_hamster,hamster hood,4,Special,2,Mask,6,47,darkblue_2,DarkBlue_2,1E1E4C,headwear_headwear196,planned_for_render
196,196,hd_hamster,hamster hood,4,Special,2,Mask,7,91,black,Black,000000,headwear_headwear196,planned_for_render
197,197,hd_rabit_ribbon,rabbit-ear ribbons,1,Female,1,Accessory,0,16,red,Red,FF0000,headwear_headwear197,planned_for_render
197,197,hd_rabit_ribbon,rabbit-ear ribbons,1,Female,1,Accessory,1,25,light_brilliant_crimson,Light brilliant crimson,FF4C87,headwear_headwear197,planned_for_render
197,197,hd_rabit_ribbon,rabbit-ear ribbons,1,Female,1,Accessory,2,31,plum,Plum,DDA0DD,headwear_headwear197,planned_for_render
197,197,hd_rabit_ribbon,rabbit-ear ribbons,1,Female,1,Accessory,3,43,royalblue,RoyalBlue,4169E1,headwear_headwear197,planned_for_render
197,197,hd_rabit_ribbon,rabbit-ear ribbons,1,Female,1,Accessory,4,63,limegreen,LimeGreen,32CD32,headwear_headwear197,planned_for_render
197,197,hd_rabit_ribbon,rabbit-ear ribbons,1,Female,1,Accessory,5,5,yellow,Yellow,FFFF00,headwear_headwear197,planned_for_render
197,197,hd_rabit_ribbon,rabbit-ear ribbons,1,Female,1,Accessory,6,30,lavender,Lavender,E6E6FA,headwear_headwear197,planned_for_render
197,197,hd_rabit_ribbon,rabbit-ear ribbons,1,Female,1,Accessory,7,91,black,Black,000000,headwear_headwear197,planned_for_render
198,198,hd_kappa,,4,Special,0,Hat,0,65,olivedrab,OliveDrab,6B8E23,,missing_physical_asset
198,198,hd_kappa,,4,Special,0,Hat,1,26,deeppink,DeepPink,FF1493,,missing_physical_asset
198,198,hd_kappa,,4,Special,0,Hat,2,44,moderate_blue,Moderate blue,323296,,missing_physical_asset
198,198,hd_kappa,,4,Special,0,Hat,3,18,moderate_red,Moderate red,CB0F0F,,missing_physical_asset
198,198,hd_kappa,,4,Special,0,Hat,4,6,gold,Gold,FFD700,,missing_physical_asset
198,198,hd_kappa,,4,Special,0,Hat,5,90,very_dark_gray_2,Very dark gray 2,232323,,missing_physical_asset
198,198,hd_kappa,,4,Special,0,Hat,6,37,darkmagenta,DarkMagenta,8B008B,,missing_physical_asset
198,198,hd_kappa,,4,Special,0,Hat,7,62,lime,Lime,00FF00,,missing_physical_asset
199,199,hd_okame,,4,Special,2,Mask,0,2,lemonchiffon,LemonChiffon,FFFACD,,missing_physical_asset
199,199,hd_okame,,4,Special,2,Mask,1,21,pink,Pink,FFC0CB,,missing_physical_asset
199,199,hd_okame,,4,Special,2,Mask,2,72,tan,Tan,D2B48C,,missing_physical_asset
199,199,hd_okame,,4,Special,2,Mask,3,40,lightskyblue,LightSkyBlue,87CEFA,,missing_physical_asset
199,199,hd_okame,,4,Special,2,Mask,4,77,chocolate,Chocolate,D2691E,,missing_physical_asset
199,199,hd_okame,,4,Special,2,Mask,5,87,gray,Gray,808080,,missing_physical_asset
200,200,hd_hyottoko,,4,Special,2,Mask,0,1,ivory,Ivory,FFFFF0,,missing_physical_asset
200,200,hd_hyottoko,,4,Special,2,Mask,1,42,luminous_vivid_azure,Luminous vivid azure,0066FF,,missing_physical_asset
200,200,hd_hyottoko,,4,Special,2,Mask,2,6,gold,Gold,FFD700,,missing_physical_asset
200,200,hd_hyottoko,,4,Special,2,Mask,3,17,orangered,OrangeRed,FF4500,,missing_physical_asset
200,200,hd_hyottoko,,4,Special,2,Mask,4,26,deeppink,DeepPink,FF1493,,missing_physical_asset
200,200,hd_hyottoko,,4,Special,2,Mask,5,91,black,Black,000000,,missing_physical_asset
201,201,hd_oni_wig,,4,Special,2,Mask,0,16,red,Red,FF0000,,missing_physical_asset
201,201,hd_oni_wig,,4,Special,2,Mask,1,91,black,Black,000000,,missing_physical_asset
201,201,hd_oni_wig,,4,Special,2,Mask,2,71,burlywood,BurlyWood,DEB887,,missing_physical_asset
201,201,hd_oni_wig,,4,Special,2,Mask,3,41,deepskyblue,DeepSkyBlue,00BFFF,,missing_physical_asset
201,201,hd_oni_wig,,4,Special,2,Mask,4,23,very_light_crimson,Very light crimson,FF82AB,,missing_physical_asset
201,201,hd_oni_wig,,4,Special,2,Mask,5,46,darkblue,DarkBlue,00008B,,missing_physical_asset
201,201,hd_oni_wig,,4,Special,2,Mask,6,79,saddlebrown,SaddleBrown,8B4513,,missing_physical_asset
201,201,hd_oni_wig,,4,Special,2,Mask,7,62,lime,Lime,00FF00,,missing_physical_asset
202,202,hd_girl_santa,cute Santa hat,4,Special,2,Mask,0,18,moderate_red,Moderate red,CB0F0F,headwear_headwear202,planned_for_render
202,202,hd_girl_santa,cute Santa hat,4,Special,2,Mask,1,46,darkblue,DarkBlue,00008B,headwear_headwear202,planned_for_render
202,202,hd_girl_santa,cute Santa hat,4,Special,2,Mask,2,6,gold,Gold,FFD700,headwear_headwear202,planned_for_render
202,202,hd_girl_santa,cute Santa hat,4,Special,2,Mask,3,24,hotpink,HotPink,FF69B4,headwear_headwear202,planned_for_render
202,202,hd_girl_santa,cute Santa hat,4,Special,2,Mask,4,68,darkgreen,DarkGreen,006400,headwear_headwear202,planned_for_render
202,202,hd_girl_santa,cute Santa hat,4,Special,2,Mask,5,89,very_dark_gray,Very dark gray,333333,headwear_headwear202,planned_for_render
202,202,hd_girl_santa,cute Santa hat,4,Special,2,Mask,6,37,darkmagenta,DarkMagenta,8B008B,headwear_headwear202,planned_for_render
202,202,hd_girl_santa,cute Santa hat,4,Special,2,Mask,7,41,deepskyblue,DeepSkyBlue,00BFFF,headwear_headwear202,planned_for_render
203,203,hd_conductor,doorman cap,3,Uniform,0,Hat,0,47,darkblue_2,DarkBlue_2,1E1E4C,headwear_headwear203,planned_for_render
203,203,hd_conductor,doorman cap,3,Uniform,0,Hat,1,56,deep_cyan_2,Deep cyan 2,004240,headwear_headwear203,planned_for_render
203,203,hd_conductor,doorman cap,3,Uniform,0,Hat,2,67,darkolivegreen,DarkOliveGreen,556B2F,headwear_headwear203,planned_for_render
203,203,hd_conductor,doorman cap,3,Uniform,0,Hat,3,76,dark_amber,Dark amber,624806,headwear_headwear203,planned_for_render
203,203,hd_conductor,doorman cap,3,Uniform,0,Hat,4,80,deep_reddish_brown,Deep reddish brown,560000,headwear_headwear203,planned_for_render
203,203,hd_conductor,doorman cap,3,Uniform,0,Hat,5,82,dark_gamboge,Dark gamboge,452F12,headwear_headwear203,planned_for_render
203,203,hd_conductor,doorman cap,3,Uniform,0,Hat,6,87,gray,Gray,808080,headwear_headwear203,planned_for_render
203,203,hd_conductor,doorman cap,3,Uniform,0,Hat,7,23,very_light_crimson,Very light crimson,FF82AB,headwear_headwear203,planned_for_render
204,204,hd_navigator,pilot hat,3,Uniform,0,Hat,0,91,black,Black,000000,headwear_headwear204,planned_for_render
204,204,hd_navigator,pilot hat,3,Uniform,0,Hat,1,33,mediumslateblue,MediumSlateBlue,7B68EE,headwear_headwear204,planned_for_render
204,204,hd_navigator,pilot hat,3,Uniform,0,Hat,2,47,darkblue_2,DarkBlue_2,1E1E4C,headwear_headwear204,planned_for_render
204,204,hd_navigator,pilot hat,3,Uniform,0,Hat,3,56,deep_cyan_2,Deep cyan 2,004240,headwear_headwear204,planned_for_render
204,204,hd_navigator,pilot hat,3,Uniform,0,Hat,4,80,deep_reddish_brown,Deep reddish brown,560000,headwear_headwear204,planned_for_render
204,204,hd_navigator,pilot hat,3,Uniform,0,Hat,5,84,white,White,FFFFFF,headwear_headwear204,planned_for_render
204,204,hd_navigator,pilot hat,3,Uniform,0,Hat,6,6,gold,Gold,FFD700,headwear_headwear204,planned_for_render
204,204,hd_navigator,pilot hat,3,Uniform,0,Hat,7,41,deepskyblue,DeepSkyBlue,00BFFF,headwear_headwear204,planned_for_render
205,205,hd_usuge,comb-over wig,4,Special,2,Mask,0,91,black,Black,000000,headwear_headwear205,planned_for_render
205,205,hd_usuge,comb-over wig,4,Special,2,Mask,1,88,dark_gray,Dark gray,4D4D4D,headwear_headwear205,planned_for_render
205,205,hd_usuge,comb-over wig,4,Special,2,Mask,2,85,lightgrey,LightGrey,D3D3D3,headwear_headwear205,planned_for_render
205,205,hd_usuge,comb-over wig,4,Special,2,Mask,3,4,light_brilliant_amber_yellow,Light brilliant amber yellow,FFEC65,headwear_headwear205,planned_for_render
205,205,hd_usuge,comb-over wig,4,Special,2,Mask,4,76,dark_amber,Dark amber,624806,headwear_headwear205,planned_for_render
205,205,hd_usuge,comb-over wig,4,Special,2,Mask,5,26,deeppink,DeepPink,FF1493,headwear_headwear205,planned_for_render
206,206,hd_bii_mini,honeybee hat,0,Male,0,Hat,0,6,gold,Gold,FFD700,headwear_headwear206,planned_for_render
206,206,hd_bii_mini,honeybee hat,0,Male,0,Hat,1,16,red,Red,FF0000,headwear_headwear206,planned_for_render
206,206,hd_bii_mini,honeybee hat,0,Male,0,Hat,2,42,luminous_vivid_azure,Luminous vivid azure,0066FF,headwear_headwear206,planned_for_render
206,206,hd_bii_mini,honeybee hat,0,Male,0,Hat,3,62,lime,Lime,00FF00,headwear_headwear206,planned_for_render
206,206,hd_bii_mini,honeybee hat,0,Male,0,Hat,4,74,darkgoldenrod,DarkGoldenrod,B8860B,headwear_headwear206,planned_for_render
206,206,hd_bii_mini,honeybee hat,0,Male,0,Hat,5,84,white,White,FFFFFF,headwear_headwear206,planned_for_render
206,206,hd_bii_mini,honeybee hat,0,Male,0,Hat,6,88,dark_gray,Dark gray,4D4D4D,headwear_headwear206,planned_for_render
207,207,hd_cow,cow hat,0,Male,0,Hat,0,90,very_dark_gray_2,Very dark gray 2,232323,headwear_headwear207,planned_for_render
207,207,hd_cow,cow hat,0,Male,0,Hat,1,19,darkred,DarkRed,8B0000,headwear_headwear207,planned_for_render
207,207,hd_cow,cow hat,0,Male,0,Hat,2,79,saddlebrown,SaddleBrown,8B4513,headwear_headwear207,planned_for_render
207,207,hd_cow,cow hat,0,Male,0,Hat,3,47,darkblue_2,DarkBlue_2,1E1E4C,headwear_headwear207,planned_for_render
207,207,hd_cow,cow hat,0,Male,0,Hat,4,69,very_deep_green,Very deep green,003300,headwear_headwear207,planned_for_render
207,207,hd_cow,cow hat,0,Male,0,Hat,5,75,moderate_amber,Moderate amber,886308,headwear_headwear207,planned_for_render
207,207,hd_cow,cow hat,0,Male,0,Hat,6,87,gray,Gray,808080,headwear_headwear207,planned_for_render
207,207,hd_cow,cow hat,0,Male,0,Hat,7,13,luminous_vivid_orange,Luminous vivid orange,FF6600,headwear_headwear207,planned_for_render
208,208,hd_bear_mini,baby-bear hat,0,Male,0,Hat,0,80,deep_reddish_brown,Deep reddish brown,560000,headwear_headwear208,planned_for_render
208,208,hd_bear_mini,baby-bear hat,0,Male,0,Hat,1,83,very_dark_gamboge,Very dark gamboge,332819,headwear_headwear208,planned_for_render
208,208,hd_bear_mini,baby-bear hat,0,Male,0,Hat,2,55,darkcyan,DarkCyan,008B8B,headwear_headwear208,planned_for_render
208,208,hd_bear_mini,baby-bear hat,0,Male,0,Hat,3,2,lemonchiffon,LemonChiffon,FFFACD,headwear_headwear208,planned_for_render
208,208,hd_bear_mini,baby-bear hat,0,Male,0,Hat,4,23,very_light_crimson,Very light crimson,FF82AB,headwear_headwear208,planned_for_render
208,208,hd_bear_mini,baby-bear hat,0,Male,0,Hat,5,73,goldenrod,Goldenrod,DAA520,headwear_headwear208,planned_for_render
208,208,hd_bear_mini,baby-bear hat,0,Male,0,Hat,6,77,chocolate,Chocolate,D2691E,headwear_headwear208,planned_for_render
208,208,hd_bear_mini,baby-bear hat,0,Male,0,Hat,7,62,lime,Lime,00FF00,headwear_headwear208,planned_for_render
209,209,hd_chick_mini,mini chick hat,0,Male,0,Hat,0,11,orange,Orange,FFA500,headwear_headwear209,planned_for_render
209,209,hd_chick_mini,mini chick hat,0,Male,0,Hat,1,8,salmon,Salmon,FA8072,headwear_headwear209,planned_for_render
209,209,hd_chick_mini,mini chick hat,0,Male,0,Hat,2,77,chocolate,Chocolate,D2691E,headwear_headwear209,planned_for_render
209,209,hd_chick_mini,mini chick hat,0,Male,0,Hat,3,91,black,Black,000000,headwear_headwear209,planned_for_render
209,209,hd_chick_mini,mini chick hat,0,Male,0,Hat,4,3,khaki,Khaki,F0E68C,headwear_headwear209,planned_for_render
209,209,hd_chick_mini,mini chick hat,0,Male,0,Hat,5,17,orangered,OrangeRed,FF4500,headwear_headwear209,planned_for_render
209,209,hd_chick_mini,mini chick hat,0,Male,0,Hat,6,56,deep_cyan_2,Deep cyan 2,004240,headwear_headwear209,planned_for_render
209,209,hd_chick_mini,mini chick hat,0,Male,0,Hat,7,34,light_brilliant_violet,Light brilliant violet,9933FF,headwear_headwear209,planned_for_render
210,210,hd_cat_mini,kitten hat,0,Male,0,Hat,0,73,goldenrod,Goldenrod,DAA520,headwear_headwear210,planned_for_render
210,210,hd_cat_mini,kitten hat,0,Male,0,Hat,1,81,deep_brown_red,Deep brown red,3E1300,headwear_headwear210,planned_for_render
210,210,hd_cat_mini,kitten hat,0,Male,0,Hat,2,88,dark_gray,Dark gray,4D4D4D,headwear_headwear210,planned_for_render
210,210,hd_cat_mini,kitten hat,0,Male,0,Hat,3,37,darkmagenta,DarkMagenta,8B008B,headwear_headwear210,planned_for_render
210,210,hd_cat_mini,kitten hat,0,Male,0,Hat,4,91,black,Black,000000,headwear_headwear210,planned_for_render
210,210,hd_cat_mini,kitten hat,0,Male,0,Hat,5,66,olive,Olive,808000,headwear_headwear210,planned_for_render
210,210,hd_cat_mini,kitten hat,0,Male,0,Hat,6,87,gray,Gray,808080,headwear_headwear210,planned_for_render
210,210,hd_cat_mini,kitten hat,0,Male,0,Hat,7,79,saddlebrown,SaddleBrown,8B4513,headwear_headwear210,planned_for_render
211,211,hd_dog_mini,puppy hat,0,Male,0,Hat,0,73,goldenrod,Goldenrod,DAA520,headwear_headwear211,planned_for_render
211,211,hd_dog_mini,puppy hat,0,Male,0,Hat,1,91,black,Black,000000,headwear_headwear211,planned_for_render
211,211,hd_dog_mini,puppy hat,0,Male,0,Hat,2,71,burlywood,BurlyWood,DEB887,headwear_headwear211,planned_for_render
211,211,hd_dog_mini,puppy hat,0,Male,0,Hat,3,6,gold,Gold,FFD700,headwear_headwear211,planned_for_render
211,211,hd_dog_mini,puppy hat,0,Male,0,Hat,4,81,deep_brown_red,Deep brown red,3E1300,headwear_headwear211,planned_for_render
211,211,hd_dog_mini,puppy hat,0,Male,0,Hat,5,30,lavender,Lavender,E6E6FA,headwear_headwear211,planned_for_render
211,211,hd_dog_mini,puppy hat,0,Male,0,Hat,6,82,dark_gamboge,Dark gamboge,452F12,headwear_headwear211,planned_for_render
211,211,hd_dog_mini,puppy hat,0,Male,0,Hat,7,87,gray,Gray,808080,headwear_headwear211,planned_for_render
212,212,hd_kappa_mini,,0,Male,0,Hat,0,65,olivedrab,OliveDrab,6B8E23,,missing_physical_asset
212,212,hd_kappa_mini,,0,Male,0,Hat,1,26,deeppink,DeepPink,FF1493,,missing_physical_asset
212,212,hd_kappa_mini,,0,Male,0,Hat,2,44,moderate_blue,Moderate blue,323296,,missing_physical_asset
212,212,hd_kappa_mini,,0,Male,0,Hat,3,18,moderate_red,Moderate red,CB0F0F,,missing_physical_asset
212,212,hd_kappa_mini,,0,Male,0,Hat,4,6,gold,Gold,FFD700,,missing_physical_asset
212,212,hd_kappa_mini,,0,Male,0,Hat,5,90,very_dark_gray_2,Very dark gray 2,232323,,missing_physical_asset
212,212,hd_kappa_mini,,0,Male,0,Hat,6,37,darkmagenta,DarkMagenta,8B008B,,missing_physical_asset
212,212,hd_kappa_mini,,0,Male,0,Hat,7,62,lime,Lime,00FF00,,missing_physical_asset
213,213,hd_eyepatch,eye patch,4,Special,1,Accessory,0,91,black,Black,000000,headwear_headwear213,planned_for_render
213,213,hd_eyepatch,eye patch,4,Special,1,Accessory,1,16,red,Red,FF0000,headwear_headwear213,planned_for_render
213,213,hd_eyepatch,eye patch,4,Special,1,Accessory,2,45,blue,Blue,0000FF,headwear_headwear213,planned_for_render
213,213,hd_eyepatch,eye patch,4,Special,1,Accessory,3,73,goldenrod,Goldenrod,DAA520,headwear_headwear213,planned_for_render
213,213,hd_eyepatch,eye patch,4,Special,1,Accessory,4,36,indigo,Indigo,4B0082,headwear_headwear213,planned_for_render
213,213,hd_eyepatch,eye patch,4,Special,1,Accessory,5,86,darkgray,DarkGray,A9A9A9,headwear_headwear213,planned_for_render
214,214,hd_panda,panda hat,4,Special,2,Mask,0,91,black,Black,000000,headwear_headwear214,planned_for_render
214,214,hd_panda,panda hat,4,Special,2,Mask,1,22,lightcoral,LightCoral,F08080,headwear_headwear214,planned_for_render
214,214,hd_panda,panda hat,4,Special,2,Mask,2,61,chartreuse,Chartreuse,7FFF00,headwear_headwear214,planned_for_render
214,214,hd_panda,panda hat,4,Special,2,Mask,3,82,dark_gamboge,Dark gamboge,452F12,headwear_headwear214,planned_for_render
214,214,hd_panda,panda hat,4,Special,2,Mask,4,48,deep_blue,Deep blue,000054,headwear_headwear214,planned_for_render
214,214,hd_panda,panda hat,4,Special,2,Mask,5,75,moderate_amber,Moderate amber,886308,headwear_headwear214,planned_for_render
214,214,hd_panda,panda hat,4,Special,2,Mask,6,55,darkcyan,DarkCyan,008B8B,headwear_headwear214,planned_for_render
214,214,hd_panda,panda hat,4,Special,2,Mask,7,19,darkred,DarkRed,8B0000,headwear_headwear214,planned_for_render
215,215,hd_bavarian_hat,bavarian hat,4,Special,0,Hat,0,74,darkgoldenrod,DarkGoldenrod,B8860B,headwear_headwear215,planned_for_render
215,215,hd_bavarian_hat,bavarian hat,4,Special,0,Hat,1,81,deep_brown_red,Deep brown red,3E1300,headwear_headwear215,planned_for_render
215,215,hd_bavarian_hat,bavarian hat,4,Special,0,Hat,2,69,very_deep_green,Very deep green,003300,headwear_headwear215,planned_for_render
215,215,hd_bavarian_hat,bavarian hat,4,Special,0,Hat,3,5,yellow,Yellow,FFFF00,headwear_headwear215,planned_for_render
215,215,hd_bavarian_hat,bavarian hat,4,Special,0,Hat,4,48,deep_blue,Deep blue,000054,headwear_headwear215,planned_for_render
215,215,hd_bavarian_hat,bavarian hat,4,Special,0,Hat,5,38,deep_magenta,Deep magenta,5C005C,headwear_headwear215,planned_for_render
215,215,hd_bavarian_hat,bavarian hat,4,Special,0,Hat,6,22,lightcoral,LightCoral,F08080,headwear_headwear215,planned_for_render
215,215,hd_bavarian_hat,bavarian hat,4,Special,0,Hat,7,52,steelblue,SteelBlue,4682B4,headwear_headwear215,planned_for_render
216,216,hd_leprechaun_hat,leprechaun hat,4,Special,0,Hat,0,68,darkgreen,DarkGreen,006400,headwear_headwear216,planned_for_render
216,216,hd_leprechaun_hat,leprechaun hat,4,Special,0,Hat,1,61,chartreuse,Chartreuse,7FFF00,headwear_headwear216,planned_for_render
216,216,hd_leprechaun_hat,leprechaun hat,4,Special,0,Hat,2,66,olive,Olive,808000,headwear_headwear216,planned_for_render
216,216,hd_leprechaun_hat,leprechaun hat,4,Special,0,Hat,3,91,black,Black,000000,headwear_headwear216,planned_for_render
216,216,hd_leprechaun_hat,leprechaun hat,4,Special,0,Hat,4,6,gold,Gold,FFD700,headwear_headwear216,planned_for_render
216,216,hd_leprechaun_hat,leprechaun hat,4,Special,0,Hat,5,16,red,Red,FF0000,headwear_headwear216,planned_for_render
216,216,hd_leprechaun_hat,leprechaun hat,4,Special,0,Hat,6,45,blue,Blue,0000FF,headwear_headwear216,planned_for_render
217,217,hd_cordoba_hat,flamenco hat,0,Male,0,Hat,0,91,black,Black,000000,headwear_headwear217,planned_for_render
217,217,hd_cordoba_hat,flamenco hat,0,Male,0,Hat,1,19,darkred,DarkRed,8B0000,headwear_headwear217,planned_for_render
217,217,hd_cordoba_hat,flamenco hat,0,Male,0,Hat,2,38,deep_magenta,Deep magenta,5C005C,headwear_headwear217,planned_for_render
217,217,hd_cordoba_hat,flamenco hat,0,Male,0,Hat,3,48,deep_blue,Deep blue,000054,headwear_headwear217,planned_for_render
217,217,hd_cordoba_hat,flamenco hat,0,Male,0,Hat,4,82,dark_gamboge,Dark gamboge,452F12,headwear_headwear217,planned_for_render
217,217,hd_cordoba_hat,flamenco hat,0,Male,0,Hat,5,84,white,White,FFFFFF,headwear_headwear217,planned_for_render
218,218,hd_dutch_cap,dutch bonnet,4,Special,0,Hat,0,1,ivory,Ivory,FFFFF0,headwear_headwear218,planned_for_render
218,218,hd_dutch_cap,dutch bonnet,4,Special,0,Hat,1,73,goldenrod,Goldenrod,DAA520,headwear_headwear218,planned_for_render
218,218,hd_dutch_cap,dutch bonnet,4,Special,0,Hat,2,80,deep_reddish_brown,Deep reddish brown,560000,headwear_headwear218,planned_for_render
218,218,hd_dutch_cap,dutch bonnet,4,Special,0,Hat,3,13,luminous_vivid_orange,Luminous vivid orange,FF6600,headwear_headwear218,planned_for_render
218,218,hd_dutch_cap,dutch bonnet,4,Special,0,Hat,4,65,olivedrab,OliveDrab,6B8E23,headwear_headwear218,planned_for_render
218,218,hd_dutch_cap,dutch bonnet,4,Special,0,Hat,5,91,black,Black,000000,headwear_headwear218,planned_for_render
219,219,hd_laurel_wreath,laurel wreath,4,Special,1,Accessory,0,68,darkgreen,DarkGreen,006400,headwear_headwear219,planned_for_render
219,219,hd_laurel_wreath,laurel wreath,4,Special,1,Accessory,1,62,lime,Lime,00FF00,headwear_headwear219,planned_for_render
219,219,hd_laurel_wreath,laurel wreath,4,Special,1,Accessory,2,3,khaki,Khaki,F0E68C,headwear_headwear219,planned_for_render
219,219,hd_laurel_wreath,laurel wreath,4,Special,1,Accessory,3,73,goldenrod,Goldenrod,DAA520,headwear_headwear219,planned_for_render
219,219,hd_laurel_wreath,laurel wreath,4,Special,1,Accessory,4,88,dark_gray,Dark gray,4D4D4D,headwear_headwear219,planned_for_render
219,219,hd_laurel_wreath,laurel wreath,4,Special,1,Accessory,5,77,chocolate,Chocolate,D2691E,headwear_headwear219,planned_for_render
220,220,hd_night_cap_triangle,classic nightcap,4,Special,0,Hat,0,1,ivory,Ivory,FFFFF0,headwear_headwear220,planned_for_render
220,220,hd_night_cap_triangle,classic nightcap,4,Special,0,Hat,1,40,lightskyblue,LightSkyBlue,87CEFA,headwear_headwear220,planned_for_render
220,220,hd_night_cap_triangle,classic nightcap,4,Special,0,Hat,2,8,salmon,Salmon,FA8072,headwear_headwear220,planned_for_render
220,220,hd_night_cap_triangle,classic nightcap,4,Special,0,Hat,3,32,mediumpurple,MediumPurple,9370DB,headwear_headwear220,planned_for_render
220,220,hd_night_cap_triangle,classic nightcap,4,Special,0,Hat,4,60,greenyellow,GreenYellow,ADFF2F,headwear_headwear220,planned_for_render
220,220,hd_night_cap_triangle,classic nightcap,4,Special,0,Hat,5,87,gray,Gray,808080,headwear_headwear220,planned_for_render
221,221,hd_tam_o_shanter,tam-o'-shanter,4,Special,0,Hat,0,16,red,Red,FF0000,headwear_headwear221,planned_for_render
221,221,hd_tam_o_shanter,tam-o'-shanter,4,Special,0,Hat,1,46,darkblue,DarkBlue,00008B,headwear_headwear221,planned_for_render
221,221,hd_tam_o_shanter,tam-o'-shanter,4,Special,0,Hat,2,68,darkgreen,DarkGreen,006400,headwear_headwear221,planned_for_render
221,221,hd_tam_o_shanter,tam-o'-shanter,4,Special,0,Hat,3,43,royalblue,RoyalBlue,4169E1,headwear_headwear221,planned_for_render
221,221,hd_tam_o_shanter,tam-o'-shanter,4,Special,0,Hat,4,89,very_dark_gray,Very dark gray,333333,headwear_headwear221,planned_for_render
221,221,hd_tam_o_shanter,tam-o'-shanter,4,Special,0,Hat,5,37,darkmagenta,DarkMagenta,8B008B,headwear_headwear221,planned_for_render
221,221,hd_tam_o_shanter,tam-o'-shanter,4,Special,0,Hat,6,75,moderate_amber,Moderate amber,886308,headwear_headwear221,planned_for_render
221,221,hd_tam_o_shanter,tam-o'-shanter,4,Special,0,Hat,7,6,gold,Gold,FFD700,headwear_headwear221,planned_for_render
222,222,hd_fez,fez,4,Special,0,Hat,0,18,moderate_red,Moderate red,CB0F0F,headwear_headwear222,planned_for_render
222,222,hd_fez,fez,4,Special,0,Hat,1,38,deep_magenta,Deep magenta,5C005C,headwear_headwear222,planned_for_render
222,222,hd_fez,fez,4,Special,0,Hat,2,11,orange,Orange,FFA500,headwear_headwear222,planned_for_render
222,222,hd_fez,fez,4,Special,0,Hat,3,69,very_deep_green,Very deep green,003300,headwear_headwear222,planned_for_render
222,222,hd_fez,fez,4,Special,0,Hat,4,71,burlywood,BurlyWood,DEB887,headwear_headwear222,planned_for_render
222,222,hd_fez,fez,4,Special,0,Hat,5,91,black,Black,000000,headwear_headwear222,planned_for_render
223,223,hd_head_scarf,kaffiyeh,4,Special,2,Mask,0,2,lemonchiffon,LemonChiffon,FFFACD,headwear_headwear223,planned_for_render
223,223,hd_head_scarf,kaffiyeh,4,Special,2,Mask,1,91,black,Black,000000,headwear_headwear223,planned_for_render
223,223,hd_head_scarf,kaffiyeh,4,Special,2,Mask,2,86,darkgray,DarkGray,A9A9A9,headwear_headwear223,planned_for_render
223,223,hd_head_scarf,kaffiyeh,4,Special,2,Mask,3,83,very_dark_gamboge,Very dark gamboge,332819,headwear_headwear223,planned_for_render
223,223,hd_head_scarf,kaffiyeh,4,Special,2,Mask,4,26,deeppink,DeepPink,FF1493,headwear_headwear223,planned_for_render
224,224,hd_judge_wig,judge wig,4,Special,2,Mask,0,72,tan,Tan,D2B48C,headwear_headwear224,planned_for_render
224,224,hd_judge_wig,judge wig,4,Special,2,Mask,1,86,darkgray,DarkGray,A9A9A9,headwear_headwear224,planned_for_render
224,224,hd_judge_wig,judge wig,4,Special,2,Mask,2,4,light_brilliant_amber_yellow,Light brilliant amber yellow,FFEC65,headwear_headwear224,planned_for_render
224,224,hd_judge_wig,judge wig,4,Special,2,Mask,3,77,chocolate,Chocolate,D2691E,headwear_headwear224,planned_for_render
224,224,hd_judge_wig,judge wig,4,Special,2,Mask,4,83,very_dark_gamboge,Very dark gamboge,332819,headwear_headwear224,planned_for_render
225,225,hd_navy_hat,captain hat,3,Uniform,0,Hat,0,47,darkblue_2,DarkBlue_2,1E1E4C,headwear_headwear225,planned_for_render
225,225,hd_navy_hat,captain hat,3,Uniform,0,Hat,1,66,olive,Olive,808000,headwear_headwear225,planned_for_render
225,225,hd_navy_hat,captain hat,3,Uniform,0,Hat,2,74,darkgoldenrod,DarkGoldenrod,B8860B,headwear_headwear225,planned_for_render
225,225,hd_navy_hat,captain hat,3,Uniform,0,Hat,3,69,very_deep_green,Very deep green,003300,headwear_headwear225,planned_for_render
225,225,hd_navy_hat,captain hat,3,Uniform,0,Hat,4,86,darkgray,DarkGray,A9A9A9,headwear_headwear225,planned_for_render
225,225,hd_navy_hat,captain hat,3,Uniform,0,Hat,5,15,indianred,IndianRed,CD5C5C,headwear_headwear225,planned_for_render
225,225,hd_navy_hat,captain hat,3,Uniform,0,Hat,6,90,very_dark_gray_2,Very dark gray 2,232323,headwear_headwear225,planned_for_render
225,225,hd_navy_hat,captain hat,3,Uniform,0,Hat,7,19,darkred,DarkRed,8B0000,headwear_headwear225,planned_for_render
226,226,hd_pirate_scarf,pirate scarf,4,Special,2,Mask,0,79,saddlebrown,SaddleBrown,8B4513,headwear_headwear226,planned_for_render
226,226,hd_pirate_scarf,pirate scarf,4,Special,2,Mask,1,19,darkred,DarkRed,8B0000,headwear_headwear226,planned_for_render
226,226,hd_pirate_scarf,pirate scarf,4,Special,2,Mask,2,29,mediumvioletred,MediumVioletRed,C71585,headwear_headwear226,planned_for_render
226,226,hd_pirate_scarf,pirate scarf,4,Special,2,Mask,3,56,deep_cyan_2,Deep cyan 2,004240,headwear_headwear226,planned_for_render
226,226,hd_pirate_scarf,pirate scarf,4,Special,2,Mask,4,66,olive,Olive,808000,headwear_headwear226,planned_for_render
226,226,hd_pirate_scarf,pirate scarf,4,Special,2,Mask,5,71,burlywood,BurlyWood,DEB887,headwear_headwear226,planned_for_render
226,226,hd_pirate_scarf,pirate scarf,4,Special,2,Mask,6,83,very_dark_gamboge,Very dark gamboge,332819,headwear_headwear226,planned_for_render
227,227,hd_safari_hat,safari hat,4,Special,0,Hat,0,73,goldenrod,Goldenrod,DAA520,headwear_headwear227,planned_for_render
227,227,hd_safari_hat,safari hat,4,Special,0,Hat,1,8,salmon,Salmon,FA8072,headwear_headwear227,planned_for_render
227,227,hd_safari_hat,safari hat,4,Special,0,Hat,2,47,darkblue_2,DarkBlue_2,1E1E4C,headwear_headwear227,planned_for_render
227,227,hd_safari_hat,safari hat,4,Special,0,Hat,3,52,steelblue,SteelBlue,4682B4,headwear_headwear227,planned_for_render
227,227,hd_safari_hat,safari hat,4,Special,0,Hat,4,65,olivedrab,OliveDrab,6B8E23,headwear_headwear227,planned_for_render
227,227,hd_safari_hat,safari hat,4,Special,0,Hat,5,79,saddlebrown,SaddleBrown,8B4513,headwear_headwear227,planned_for_render
227,227,hd_safari_hat,safari hat,4,Special,0,Hat,6,87,gray,Gray,808080,headwear_headwear227,planned_for_render
227,227,hd_safari_hat,safari hat,4,Special,0,Hat,7,84,white,White,FFFFFF,headwear_headwear227,planned_for_render
228,228,hd_hairband,headband,1,Female,1,Accessory,0,91,black,Black,000000,headwear_headwear228,planned_for_render
228,228,hd_hairband,headband,1,Female,1,Accessory,1,81,deep_brown_red,Deep brown red,3E1300,headwear_headwear228,planned_for_render
228,228,hd_hairband,headband,1,Female,1,Accessory,2,2,lemonchiffon,LemonChiffon,FFFACD,headwear_headwear228,planned_for_render
228,228,hd_hairband,headband,1,Female,1,Accessory,3,10,tomato,Tomato,FF6347,headwear_headwear228,planned_for_render
228,228,hd_hairband,headband,1,Female,1,Accessory,4,11,orange,Orange,FFA500,headwear_headwear228,planned_for_render
228,228,hd_hairband,headband,1,Female,1,Accessory,5,29,mediumvioletred,MediumVioletRed,C71585,headwear_headwear228,planned_for_render
228,228,hd_hairband,headband,1,Female,1,Accessory,6,52,steelblue,SteelBlue,4682B4,headwear_headwear228,planned_for_render
228,228,hd_hairband,headband,1,Female,1,Accessory,7,67,darkolivegreen,DarkOliveGreen,556B2F,headwear_headwear228,planned_for_render
229,229,hd_rider's_helmet,jockey helmet,3,Uniform,0,Hat,0,56,deep_cyan_2,Deep cyan 2,004240,headwear_headwear229,planned_for_render
229,229,hd_rider's_helmet,jockey helmet,3,Uniform,0,Hat,1,38,deep_magenta,Deep magenta,5C005C,headwear_headwear229,planned_for_render
229,229,hd_rider's_helmet,jockey helmet,3,Uniform,0,Hat,2,47,darkblue_2,DarkBlue_2,1E1E4C,headwear_headwear229,planned_for_render
229,229,hd_rider's_helmet,jockey helmet,3,Uniform,0,Hat,3,67,darkolivegreen,DarkOliveGreen,556B2F,headwear_headwear229,planned_for_render
229,229,hd_rider's_helmet,jockey helmet,3,Uniform,0,Hat,4,81,deep_brown_red,Deep brown red,3E1300,headwear_headwear229,planned_for_render
229,229,hd_rider's_helmet,jockey helmet,3,Uniform,0,Hat,5,73,goldenrod,Goldenrod,DAA520,headwear_headwear229,planned_for_render
229,229,hd_rider's_helmet,jockey helmet,3,Uniform,0,Hat,6,90,very_dark_gray_2,Very dark gray 2,232323,headwear_headwear229,planned_for_render
230,230,hd_pharaoh_mask,pharaoh mask,4,Special,2,Mask,0,48,deep_blue,Deep blue,000054,headwear_headwear230,planned_for_render
230,230,hd_pharaoh_mask,pharaoh mask,4,Special,2,Mask,1,19,darkred,DarkRed,8B0000,headwear_headwear230,planned_for_render
230,230,hd_pharaoh_mask,pharaoh mask,4,Special,2,Mask,2,64,mediumseagreen,MediumSeaGreen,3CB371,headwear_headwear230,planned_for_render
230,230,hd_pharaoh_mask,pharaoh mask,4,Special,2,Mask,3,90,very_dark_gray_2,Very dark gray 2,232323,headwear_headwear230,planned_for_render
230,230,hd_pharaoh_mask,pharaoh mask,4,Special,2,Mask,4,75,moderate_amber,Moderate amber,886308,headwear_headwear230,planned_for_render
230,230,hd_pharaoh_mask,pharaoh mask,4,Special,2,Mask,5,84,white,White,FFFFFF,headwear_headwear230,planned_for_render
230,230,hd_pharaoh_mask,pharaoh mask,4,Special,2,Mask,6,29,mediumvioletred,MediumVioletRed,C71585,headwear_headwear230,planned_for_render
231,231,hd_gnome,gnome hat,4,Special,0,Hat,0,48,deep_blue,Deep blue,000054,headwear_headwear231,planned_for_render
231,231,hd_gnome,gnome hat,4,Special,0,Hat,1,19,darkred,DarkRed,8B0000,headwear_headwear231,planned_for_render
231,231,hd_gnome,gnome hat,4,Special,0,Hat,2,6,gold,Gold,FFD700,headwear_headwear231,planned_for_render
231,231,hd_gnome,gnome hat,4,Special,0,Hat,3,17,orangered,OrangeRed,FF4500,headwear_headwear231,planned_for_render
231,231,hd_gnome,gnome hat,4,Special,0,Hat,4,25,light_brilliant_crimson,Light brilliant crimson,FF4C87,headwear_headwear231,planned_for_render
231,231,hd_gnome,gnome hat,4,Special,0,Hat,5,68,darkgreen,DarkGreen,006400,headwear_headwear231,planned_for_render
231,231,hd_gnome,gnome hat,4,Special,0,Hat,6,42,luminous_vivid_azure,Luminous vivid azure,0066FF,headwear_headwear231,planned_for_render
231,231,hd_gnome,gnome hat,4,Special,0,Hat,7,37,darkmagenta,DarkMagenta,8B008B,headwear_headwear231,planned_for_render
232,232,hd_ghost,,4,Special,2,Mask,0,85,lightgrey,LightGrey,D3D3D3,,missing_physical_asset
232,232,hd_ghost,,4,Special,2,Mask,1,71,burlywood,BurlyWood,DEB887,,missing_physical_asset
232,232,hd_ghost,,4,Special,2,Mask,2,59,light_brilliant_yellow_lime,Light brilliant yellow lime,E7FF33,,missing_physical_asset
232,232,hd_ghost,,4,Special,2,Mask,3,40,lightskyblue,LightSkyBlue,87CEFA,,missing_physical_asset
232,232,hd_ghost,,4,Special,2,Mask,4,31,plum,Plum,DDA0DD,,missing_physical_asset
232,232,hd_ghost,,4,Special,2,Mask,5,3,khaki,Khaki,F0E68C,,missing_physical_asset
232,232,hd_ghost,,4,Special,2,Mask,6,19,darkred,DarkRed,8B0000,,missing_physical_asset
232,232,hd_ghost,,4,Special,2,Mask,7,90,very_dark_gray_2,Very dark gray 2,232323,,missing_physical_asset
233,233,hd_guardsman,foot-guard hat,3,Uniform,0,Hat,0,16,red,Red,FF0000,headwear_headwear233,planned_for_render
233,233,hd_guardsman,foot-guard hat,3,Uniform,0,Hat,1,45,blue,Blue,0000FF,headwear_headwear233,planned_for_render
233,233,hd_guardsman,foot-guard hat,3,Uniform,0,Hat,2,6,gold,Gold,FFD700,headwear_headwear233,planned_for_render
233,233,hd_guardsman,foot-guard hat,3,Uniform,0,Hat,3,8,salmon,Salmon,FA8072,headwear_headwear233,planned_for_render
233,233,hd_guardsman,foot-guard hat,3,Uniform,0,Hat,4,68,darkgreen,DarkGreen,006400,headwear_headwear233,planned_for_render
233,233,hd_guardsman,foot-guard hat,3,Uniform,0,Hat,5,84,white,White,FFFFFF,headwear_headwear233,planned_for_render
233,233,hd_guardsman,foot-guard hat,3,Uniform,0,Hat,6,89,very_dark_gray,Very dark gray,333333,headwear_headwear233,planned_for_render
234,234,hd_football_helmet,football helmet,3,Uniform,2,Mask,0,16,red,Red,FF0000,headwear_headwear234,planned_for_render
234,234,hd_football_helmet,football helmet,3,Uniform,2,Mask,1,46,darkblue,DarkBlue,00008B,headwear_headwear234,planned_for_render
234,234,hd_football_helmet,football helmet,3,Uniform,2,Mask,2,37,darkmagenta,DarkMagenta,8B008B,headwear_headwear234,planned_for_render
234,234,hd_football_helmet,football helmet,3,Uniform,2,Mask,3,87,gray,Gray,808080,headwear_headwear234,planned_for_render
234,234,hd_football_helmet,football helmet,3,Uniform,2,Mask,4,74,darkgoldenrod,DarkGoldenrod,B8860B,headwear_headwear234,planned_for_render
234,234,hd_football_helmet,football helmet,3,Uniform,2,Mask,5,91,black,Black,000000,headwear_headwear234,planned_for_render
234,234,hd_football_helmet,football helmet,3,Uniform,2,Mask,6,68,darkgreen,DarkGreen,006400,headwear_headwear234,planned_for_render
234,234,hd_football_helmet,football helmet,3,Uniform,2,Mask,7,13,luminous_vivid_orange,Luminous vivid orange,FF6600,headwear_headwear234,planned_for_render
235,235,hd_wizard2,wizard hat,4,Special,0,Hat,0,46,darkblue,DarkBlue,00008B,headwear_headwear235,planned_for_render
235,235,hd_wizard2,wizard hat,4,Special,0,Hat,1,38,deep_magenta,Deep magenta,5C005C,headwear_headwear235,planned_for_render
235,235,hd_wizard2,wizard hat,4,Special,0,Hat,2,76,dark_amber,Dark amber,624806,headwear_headwear235,planned_for_render
235,235,hd_wizard2,wizard hat,4,Special,0,Hat,3,90,very_dark_gray_2,Very dark gray 2,232323,headwear_headwear235,planned_for_render
235,235,hd_wizard2,wizard hat,4,Special,0,Hat,4,84,white,White,FFFFFF,headwear_headwear235,planned_for_render
235,235,hd_wizard2,wizard hat,4,Special,0,Hat,5,12,light_brilliant_amber,Light brilliant amber,FFC950,headwear_headwear235,planned_for_render
235,235,hd_wizard2,wizard hat,4,Special,0,Hat,6,67,darkolivegreen,DarkOliveGreen,556B2F,headwear_headwear235,planned_for_render
235,235,hd_wizard2,wizard hat,4,Special,0,Hat,7,19,darkred,DarkRed,8B0000,headwear_headwear235,planned_for_render
236,236,hd_gladiator,gladiator helmet,4,Special,0,Hat,0,79,saddlebrown,SaddleBrown,8B4513,headwear_headwear236,planned_for_render
236,236,hd_gladiator,gladiator helmet,4,Special,0,Hat,1,34,light_brilliant_violet,Light brilliant violet,9933FF,headwear_headwear236,planned_for_render
236,236,hd_gladiator,gladiator helmet,4,Special,0,Hat,2,68,darkgreen,DarkGreen,006400,headwear_headwear236,planned_for_render
236,236,hd_gladiator,gladiator helmet,4,Special,0,Hat,3,18,moderate_red,Moderate red,CB0F0F,headwear_headwear236,planned_for_render
236,236,hd_gladiator,gladiator helmet,4,Special,0,Hat,4,75,moderate_amber,Moderate amber,886308,headwear_headwear236,planned_for_render
236,236,hd_gladiator,gladiator helmet,4,Special,0,Hat,5,55,darkcyan,DarkCyan,008B8B,headwear_headwear236,planned_for_render
236,236,hd_gladiator,gladiator helmet,4,Special,0,Hat,6,88,dark_gray,Dark gray,4D4D4D,headwear_headwear236,planned_for_render
236,236,hd_gladiator,gladiator helmet,4,Special,0,Hat,7,47,darkblue_2,DarkBlue_2,1E1E4C,headwear_headwear236,planned_for_render
237,237,hd_napoleon_hat,napoleonic hat,4,Special,0,Hat,0,46,darkblue,DarkBlue,00008B,headwear_headwear237,planned_for_render
237,237,hd_napoleon_hat,napoleonic hat,4,Special,0,Hat,1,22,lightcoral,LightCoral,F08080,headwear_headwear237,planned_for_render
237,237,hd_napoleon_hat,napoleonic hat,4,Special,0,Hat,2,91,black,Black,000000,headwear_headwear237,planned_for_render
237,237,hd_napoleon_hat,napoleonic hat,4,Special,0,Hat,3,56,deep_cyan_2,Deep cyan 2,004240,headwear_headwear237,planned_for_render
237,237,hd_napoleon_hat,napoleonic hat,4,Special,0,Hat,4,74,darkgoldenrod,DarkGoldenrod,B8860B,headwear_headwear237,planned_for_render
237,237,hd_napoleon_hat,napoleonic hat,4,Special,0,Hat,5,87,gray,Gray,808080,headwear_headwear237,planned_for_render
237,237,hd_napoleon_hat,napoleonic hat,4,Special,0,Hat,6,36,indigo,Indigo,4B0082,headwear_headwear237,planned_for_render
237,237,hd_napoleon_hat,napoleonic hat,4,Special,0,Hat,7,19,darkred,DarkRed,8B0000,headwear_headwear237,planned_for_render
238,238,hd_antique_military_outfit_hat,colonial hat,4,Special,0,Hat,0,16,red,Red,FF0000,headwear_headwear238,planned_for_render
238,238,hd_antique_military_outfit_hat,colonial hat,4,Special,0,Hat,1,48,deep_blue,Deep blue,000054,headwear_headwear238,planned_for_render
238,238,hd_antique_military_outfit_hat,colonial hat,4,Special,0,Hat,2,68,darkgreen,DarkGreen,006400,headwear_headwear238,planned_for_render
238,238,hd_antique_military_outfit_hat,colonial hat,4,Special,0,Hat,3,76,dark_amber,Dark amber,624806,headwear_headwear238,planned_for_render
238,238,hd_antique_military_outfit_hat,colonial hat,4,Special,0,Hat,4,91,black,Black,000000,headwear_headwear238,planned_for_render
238,238,hd_antique_military_outfit_hat,colonial hat,4,Special,0,Hat,5,79,saddlebrown,SaddleBrown,8B4513,headwear_headwear238,planned_for_render
238,238,hd_antique_military_outfit_hat,colonial hat,4,Special,0,Hat,6,10,tomato,Tomato,FF6347,headwear_headwear238,planned_for_render
238,238,hd_antique_military_outfit_hat,colonial hat,4,Special,0,Hat,7,37,darkmagenta,DarkMagenta,8B008B,headwear_headwear238,planned_for_render
239,239,hd_uncle_sam,Uncle Sam hat,4,Special,0,Hat,0,16,red,Red,FF0000,headwear_headwear239,planned_for_render
239,239,hd_uncle_sam,Uncle Sam hat,4,Special,0,Hat,1,11,orange,Orange,FFA500,headwear_headwear239,planned_for_render
239,239,hd_uncle_sam,Uncle Sam hat,4,Special,0,Hat,2,26,deeppink,DeepPink,FF1493,headwear_headwear239,planned_for_render
239,239,hd_uncle_sam,Uncle Sam hat,4,Special,0,Hat,3,63,limegreen,LimeGreen,32CD32,headwear_headwear239,planned_for_render
239,239,hd_uncle_sam,Uncle Sam hat,4,Special,0,Hat,4,87,gray,Gray,808080,headwear_headwear239,planned_for_render
239,239,hd_uncle_sam,Uncle Sam hat,4,Special,0,Hat,5,41,deepskyblue,DeepSkyBlue,00BFFF,headwear_headwear239,planned_for_render
239,239,hd_uncle_sam,Uncle Sam hat,4,Special,0,Hat,6,91,black,Black,000000,headwear_headwear239,planned_for_render
240,240,hd_flapper_headdress,flapper headband,4,Special,1,Accessory,0,86,darkgray,DarkGray,A9A9A9,headwear_headwear240,planned_for_render
240,240,hd_flapper_headdress,flapper headband,4,Special,1,Accessory,1,19,darkred,DarkRed,8B0000,headwear_headwear240,planned_for_render
240,240,hd_flapper_headdress,flapper headband,4,Special,1,Accessory,2,53,cyan,Cyan,00FFFF,headwear_headwear240,planned_for_render
240,240,hd_flapper_headdress,flapper headband,4,Special,1,Accessory,3,74,darkgoldenrod,DarkGoldenrod,B8860B,headwear_headwear240,planned_for_render
240,240,hd_flapper_headdress,flapper headband,4,Special,1,Accessory,4,42,luminous_vivid_azure,Luminous vivid azure,0066FF,headwear_headwear240,planned_for_render
240,240,hd_flapper_headdress,flapper headband,4,Special,1,Accessory,5,37,darkmagenta,DarkMagenta,8B008B,headwear_headwear240,planned_for_render
240,240,hd_flapper_headdress,flapper headband,4,Special,1,Accessory,6,26,deeppink,DeepPink,FF1493,headwear_headwear240,planned_for_render
240,240,hd_flapper_headdress,flapper headband,4,Special,1,Accessory,7,88,dark_gray,Dark gray,4D4D4D,headwear_headwear240,planned_for_render
241,241,hd_samba_dancer_headdress,samba headdress,4,Special,1,Accessory,0,16,red,Red,FF0000,headwear_headwear241,planned_for_render
241,241,hd_samba_dancer_headdress,samba headdress,4,Special,1,Accessory,1,11,orange,Orange,FFA500,headwear_headwear241,planned_for_render
241,241,hd_samba_dancer_headdress,samba headdress,4,Special,1,Accessory,2,41,deepskyblue,DeepSkyBlue,00BFFF,headwear_headwear241,planned_for_render
241,241,hd_samba_dancer_headdress,samba headdress,4,Special,1,Accessory,3,85,lightgrey,LightGrey,D3D3D3,headwear_headwear241,planned_for_render
241,241,hd_samba_dancer_headdress,samba headdress,4,Special,1,Accessory,4,61,chartreuse,Chartreuse,7FFF00,headwear_headwear241,planned_for_render
241,241,hd_samba_dancer_headdress,samba headdress,4,Special,1,Accessory,5,26,deeppink,DeepPink,FF1493,headwear_headwear241,planned_for_render
241,241,hd_samba_dancer_headdress,samba headdress,4,Special,1,Accessory,6,91,black,Black,000000,headwear_headwear241,planned_for_render
242,242,hd_americanfootball_referee,referee cap,3,Uniform,0,Hat,0,91,black,Black,000000,headwear_headwear242,planned_for_render
242,242,hd_americanfootball_referee,referee cap,3,Uniform,0,Hat,1,46,darkblue,DarkBlue,00008B,headwear_headwear242,planned_for_render
242,242,hd_americanfootball_referee,referee cap,3,Uniform,0,Hat,2,73,goldenrod,Goldenrod,DAA520,headwear_headwear242,planned_for_render
242,242,hd_americanfootball_referee,referee cap,3,Uniform,0,Hat,3,19,darkred,DarkRed,8B0000,headwear_headwear242,planned_for_render
242,242,hd_americanfootball_referee,referee cap,3,Uniform,0,Hat,4,6,gold,Gold,FFD700,headwear_headwear242,planned_for_render
242,242,hd_americanfootball_referee,referee cap,3,Uniform,0,Hat,5,51,cadetblue,CadetBlue,5F9EA0,headwear_headwear242,planned_for_render
242,242,hd_americanfootball_referee,referee cap,3,Uniform,0,Hat,6,68,darkgreen,DarkGreen,006400,headwear_headwear242,planned_for_render
242,242,hd_americanfootball_referee,referee cap,3,Uniform,0,Hat,7,34,light_brilliant_violet,Light brilliant violet,9933FF,headwear_headwear242,planned_for_render
243,243,hd_eskimo,snow hood,4,Special,2,Mask,0,52,steelblue,SteelBlue,4682B4,headwear_headwear243,planned_for_render
243,243,hd_eskimo,snow hood,4,Special,2,Mask,1,24,hotpink,HotPink,FF69B4,headwear_headwear243,planned_for_render
243,243,hd_eskimo,snow hood,4,Special,2,Mask,2,12,light_brilliant_amber,Light brilliant amber,FFC950,headwear_headwear243,planned_for_render
243,243,hd_eskimo,snow hood,4,Special,2,Mask,3,16,red,Red,FF0000,headwear_headwear243,planned_for_render
243,243,hd_eskimo,snow hood,4,Special,2,Mask,4,32,mediumpurple,MediumPurple,9370DB,headwear_headwear243,planned_for_render
243,243,hd_eskimo,snow hood,4,Special,2,Mask,5,65,olivedrab,OliveDrab,6B8E23,headwear_headwear243,planned_for_render
243,243,hd_eskimo,snow hood,4,Special,2,Mask,6,74,darkgoldenrod,DarkGoldenrod,B8860B,headwear_headwear243,planned_for_render
243,243,hd_eskimo,snow hood,4,Special,2,Mask,7,87,gray,Gray,808080,headwear_headwear243,planned_for_render
244,244,hd_ladybug,ladybug hat,4,Special,0,Hat,0,16,red,Red,FF0000,headwear_headwear244,planned_for_render
244,244,hd_ladybug,ladybug hat,4,Special,0,Hat,1,84,white,White,FFFFFF,headwear_headwear244,planned_for_render
244,244,hd_ladybug,ladybug hat,4,Special,0,Hat,2,80,deep_reddish_brown,Deep reddish brown,560000,headwear_headwear244,planned_for_render
244,244,hd_ladybug,ladybug hat,4,Special,0,Hat,3,25,light_brilliant_crimson,Light brilliant crimson,FF4C87,headwear_headwear244,planned_for_render
244,244,hd_ladybug,ladybug hat,4,Special,0,Hat,4,55,darkcyan,DarkCyan,008B8B,headwear_headwear244,planned_for_render
244,244,hd_ladybug,ladybug hat,4,Special,0,Hat,5,68,darkgreen,DarkGreen,006400,headwear_headwear244,planned_for_render
244,244,hd_ladybug,ladybug hat,4,Special,0,Hat,6,90,very_dark_gray_2,Very dark gray 2,232323,headwear_headwear244,planned_for_render
244,244,hd_ladybug,ladybug hat,4,Special,0,Hat,7,17,orangered,OrangeRed,FF4500,headwear_headwear244,planned_for_render
245,245,hd_banana,banana hat,4,Special,2,Mask,0,6,gold,Gold,FFD700,headwear_headwear245,planned_for_render
245,245,hd_banana,banana hat,4,Special,2,Mask,1,60,greenyellow,GreenYellow,ADFF2F,headwear_headwear245,planned_for_render
245,245,hd_banana,banana hat,4,Special,2,Mask,2,74,darkgoldenrod,DarkGoldenrod,B8860B,headwear_headwear245,planned_for_render
245,245,hd_banana,banana hat,4,Special,2,Mask,3,84,white,White,FFFFFF,headwear_headwear245,planned_for_render
245,245,hd_banana,banana hat,4,Special,2,Mask,4,46,darkblue,DarkBlue,00008B,headwear_headwear245,planned_for_render
245,245,hd_banana,banana hat,4,Special,2,Mask,5,81,deep_brown_red,Deep brown red,3E1300,headwear_headwear245,planned_for_render
245,245,hd_banana,banana hat,4,Special,2,Mask,6,91,black,Black,000000,headwear_headwear245,planned_for_render
245,245,hd_banana,banana hat,4,Special,2,Mask,7,13,luminous_vivid_orange,Luminous vivid orange,FF6600,headwear_headwear245,planned_for_render
246,246,hd_hot_dog,hot-dog hat,4,Special,2,Mask,0,16,red,Red,FF0000,headwear_headwear246,planned_for_render
246,246,hd_hot_dog,hot-dog hat,4,Special,2,Mask,1,81,deep_brown_red,Deep brown red,3E1300,headwear_headwear246,planned_for_render
246,246,hd_hot_dog,hot-dog hat,4,Special,2,Mask,2,11,orange,Orange,FFA500,headwear_headwear246,planned_for_render
246,246,hd_hot_dog,hot-dog hat,4,Special,2,Mask,3,77,chocolate,Chocolate,D2691E,headwear_headwear246,planned_for_render
246,246,hd_hot_dog,hot-dog hat,4,Special,2,Mask,4,91,black,Black,000000,headwear_headwear246,planned_for_render
246,246,hd_hot_dog,hot-dog hat,4,Special,2,Mask,5,45,blue,Blue,0000FF,headwear_headwear246,planned_for_render
246,246,hd_hot_dog,hot-dog hat,4,Special,2,Mask,6,62,lime,Lime,00FF00,headwear_headwear246,planned_for_render
246,246,hd_hot_dog,hot-dog hat,4,Special,2,Mask,7,19,darkred,DarkRed,8B0000,headwear_headwear246,planned_for_render
247,247,hd_ka,,0,Male,0,Hat,0,91,black,Black,000000,,missing_physical_asset
247,247,hd_ka,,0,Male,0,Hat,1,87,gray,Gray,808080,,missing_physical_asset
247,247,hd_ka,,0,Male,0,Hat,2,84,white,White,FFFFFF,,missing_physical_asset
247,247,hd_ka,,0,Male,0,Hat,3,16,red,Red,FF0000,,missing_physical_asset
247,247,hd_ka,,0,Male,0,Hat,4,45,blue,Blue,0000FF,,missing_physical_asset
247,247,hd_ka,,0,Male,0,Hat,5,26,deeppink,DeepPink,FF1493,,missing_physical_asset
247,247,hd_ka,,0,Male,0,Hat,6,38,deep_magenta,Deep magenta,5C005C,,missing_physical_asset
247,247,hd_ka,,0,Male,0,Hat,7,79,saddlebrown,SaddleBrown,8B4513,,missing_physical_asset
248,248,hd_pinyumori,,1,Female,2,Mask,0,6,gold,Gold,FFD700,,missing_physical_asset
248,248,hd_pinyumori,,1,Female,2,Mask,1,31,plum,Plum,DDA0DD,,missing_physical_asset
248,248,hd_pinyumori,,1,Female,2,Mask,2,56,deep_cyan_2,Deep cyan 2,004240,,missing_physical_asset
248,248,hd_pinyumori,,1,Female,2,Mask,3,26,deeppink,DeepPink,FF1493,,missing_physical_asset
248,248,hd_pinyumori,,1,Female,2,Mask,4,18,moderate_red,Moderate red,CB0F0F,,missing_physical_asset
248,248,hd_pinyumori,,1,Female,2,Mask,5,91,black,Black,000000,,missing_physical_asset
249,249,hd_satomoza,,0,Male,0,Hat,0,91,black,Black,000000,,missing_physical_asset
249,249,hd_satomoza,,0,Male,0,Hat,1,56,deep_cyan_2,Deep cyan 2,004240,,missing_physical_asset
249,249,hd_satomoza,,0,Male,0,Hat,2,15,indianred,IndianRed,CD5C5C,,missing_physical_asset
249,249,hd_satomoza,,0,Male,0,Hat,3,48,deep_blue,Deep blue,000054,,missing_physical_asset
249,249,hd_satomoza,,0,Male,0,Hat,4,11,orange,Orange,FFA500,,missing_physical_asset
249,249,hd_satomoza,,0,Male,0,Hat,5,69,very_deep_green,Very deep green,003300,,missing_physical_asset
249,249,hd_satomoza,,0,Male,0,Hat,6,76,dark_amber,Dark amber,624806,,missing_physical_asset
249,249,hd_satomoza,,0,Male,0,Hat,7,42,luminous_vivid_azure,Luminous vivid azure,0066FF,,missing_physical_asset
250,250,hd_santo,,0,Male,2,Mask,0,91,black,Black,000000,,missing_physical_asset
250,250,hd_santo,,0,Male,2,Mask,1,87,gray,Gray,808080,,missing_physical_asset
250,250,hd_santo,,0,Male,2,Mask,2,84,white,White,FFFFFF,,missing_physical_asset
250,250,hd_santo,,0,Male,2,Mask,3,81,deep_brown_red,Deep brown red,3E1300,,missing_physical_asset
250,250,hd_santo,,0,Male,2,Mask,4,77,chocolate,Chocolate,D2691E,,missing_physical_asset
250,250,hd_santo,,0,Male,2,Mask,5,73,goldenrod,Goldenrod,DAA520,,missing_physical_asset
250,250,hd_santo,,0,Male,2,Mask,6,26,deeppink,DeepPink,FF1493,,missing_physical_asset
250,250,hd_santo,,0,Male,2,Mask,7,48,deep_blue,Deep blue,000054,,missing_physical_asset
251,251,hd_oyomori,,1,Female,2,Mask,0,91,black,Black,000000,,missing_physical_asset
251,251,hd_oyomori,,1,Female,2,Mask,1,87,gray,Gray,808080,,missing_physical_asset
251,251,hd_oyomori,,1,Female,2,Mask,2,84,white,White,FFFFFF,,missing_physical_asset
251,251,hd_oyomori,,1,Female,2,Mask,3,81,deep_brown_red,Deep brown red,3E1300,,missing_physical_asset
251,251,hd_oyomori,,1,Female,2,Mask,4,77,chocolate,Chocolate,D2691E,,missing_physical_asset
251,251,hd_oyomori,,1,Female,2,Mask,5,73,goldenrod,Goldenrod,DAA520,,missing_physical_asset
251,251,hd_oyomori,,1,Female,2,Mask,6,26,deeppink,DeepPink,FF1493,,missing_physical_asset
251,251,hd_oyomori,,1,Female,2,Mask,7,48,deep_blue,Deep blue,000054,,missing_physical_asset
252,252,hd_ikusonkan,,0,Male,0,Hat,0,91,black,Black,000000,,missing_physical_asset
252,252,hd_ikusonkan,,0,Male,0,Hat,1,87,gray,Gray,808080,,missing_physical_asset
252,252,hd_ikusonkan,,0,Male,0,Hat,2,84,white,White,FFFFFF,,missing_physical_asset
252,252,hd_ikusonkan,,0,Male,0,Hat,3,16,red,Red,FF0000,,missing_physical_asset
252,252,hd_ikusonkan,,0,Male,0,Hat,4,45,blue,Blue,0000FF,,missing_physical_asset
252,252,hd_ikusonkan,,0,Male,0,Hat,5,26,deeppink,DeepPink,FF1493,,missing_physical_asset
252,252,hd_ikusonkan,,0,Male,0,Hat,6,38,deep_magenta,Deep magenta,5C005C,,missing_physical_asset
252,252,hd_ikusonkan,,0,Male,0,Hat,7,79,saddlebrown,SaddleBrown,8B4513,,missing_physical_asset
253,253,hd_zyonzakan,,0,Male,0,Hat,0,91,black,Black,000000,,missing_physical_asset
253,253,hd_zyonzakan,,0,Male,0,Hat,1,87,gray,Gray,808080,,missing_physical_asset
253,253,hd_zyonzakan,,0,Male,0,Hat,2,84,white,White,FFFFFF,,missing_physical_asset
253,253,hd_zyonzakan,,0,Male,0,Hat,3,16,red,Red,FF0000,,missing_physical_asset
253,253,hd_zyonzakan,,0,Male,0,Hat,4,45,blue,Blue,0000FF,,missing_physical_asset
253,253,hd_zyonzakan,,0,Male,0,Hat,5,26,deeppink,DeepPink,FF1493,,missing_physical_asset
253,253,hd_zyonzakan,,0,Male,0,Hat,6,38,deep_magenta,Deep magenta,5C005C,,missing_physical_asset
253,253,hd_zyonzakan,,0,Male,0,Hat,7,79,saddlebrown,SaddleBrown,8B4513,,missing_physical_asset
254,254,hd_tyonsonzide,,0,Male,0,Hat,0,19,darkred,DarkRed,8B0000,,missing_physical_asset
254,254,hd_tyonsonzide,,0,Male,0,Hat,1,47,darkblue_2,DarkBlue_2,1E1E4C,,missing_physical_asset
254,254,hd_tyonsonzide,,0,Male,0,Hat,2,69,very_deep_green,Very deep green,003300,,missing_physical_asset
254,254,hd_tyonsonzide,,0,Male,0,Hat,3,76,dark_amber,Dark amber,624806,,missing_physical_asset
254,254,hd_tyonsonzide,,0,Male,0,Hat,4,91,black,Black,000000,,missing_physical_asset
254,254,hd_tyonsonzide,,0,Male,0,Hat,5,17,orangered,OrangeRed,FF4500,,missing_physical_asset
254,254,hd_tyonsonzide,,0,Male,0,Hat,6,65,olivedrab,OliveDrab,6B8E23,,missing_physical_asset
254,254,hd_tyonsonzide,,0,Male,0,Hat,7,38,deep_magenta,Deep magenta,5C005C,,missing_physical_asset
255,255,hd_yanmori,,4,Special,0,Hat,0,1,ivory,Ivory,FFFFF0,,missing_physical_asset
255,255,hd_yanmori,,4,Special,0,Hat,1,23,very_light_crimson,Very light crimson,FF82AB,,missing_physical_asset
255,255,hd_yanmori,,4,Special,0,Hat,2,40,lightskyblue,LightSkyBlue,87CEFA,,missing_physical_asset
255,255,hd_yanmori,,4,Special,0,Hat,3,57,palegreen,PaleGreen,98FB98,,missing_physical_asset
255,255,hd_yanmori,,4,Special,0,Hat,4,59,light_brilliant_yellow_lime,Light brilliant yellow lime,E7FF33,,missing_physical_asset
255,255,hd_yanmori,,4,Special,0,Hat,5,16,red,Red,FF0000,,missing_physical_asset
255,255,hd_yanmori,,4,Special,0,Hat,6,91,black,Black,000000,,missing_physical_asset
256,256,hd_chukkugonmoza,,4,Special,0,Hat,0,1,ivory,Ivory,FFFFF0,,missing_physical_asset
256,256,hd_chukkugonmoza,,4,Special,0,Hat,1,16,red,Red,FF0000,,missing_physical_asset
256,256,hd_chukkugonmoza,,4,Special,0,Hat,2,45,blue,Blue,0000FF,,missing_physical_asset
256,256,hd_chukkugonmoza,,4,Special,0,Hat,3,6,gold,Gold,FFD700,,missing_physical_asset
256,256,hd_chukkugonmoza,,4,Special,0,Hat,4,62,lime,Lime,00FF00,,missing_physical_asset
256,256,hd_chukkugonmoza,,4,Special,0,Hat,5,26,deeppink,DeepPink,FF1493,,missing_physical_asset
256,256,hd_chukkugonmoza,,4,Special,0,Hat,6,34,light_brilliant_violet,Light brilliant violet,9933FF,,missing_physical_asset
256,256,hd_chukkugonmoza,,4,Special,0,Hat,7,91,black,Black,000000,,missing_physical_asset
257,257,hd_yanbantaru,,4,Special,1,Accessory,0,77,chocolate,Chocolate,D2691E,,missing_physical_asset
257,257,hd_yanbantaru,,4,Special,1,Accessory,1,81,deep_brown_red,Deep brown red,3E1300,,missing_physical_asset
257,257,hd_yanbantaru,,4,Special,1,Accessory,2,93,mii_skin_1,MiiSkin_1,FFB66B,,missing_physical_asset
257,257,hd_yanbantaru,,4,Special,1,Accessory,3,72,tan,Tan,D2B48C,,missing_physical_asset
257,257,hd_yanbantaru,,4,Special,1,Accessory,4,73,goldenrod,Goldenrod,DAA520,,missing_physical_asset
257,257,hd_yanbantaru,,4,Special,1,Accessory,5,17,orangered,OrangeRed,FF4500,,missing_physical_asset
257,257,hd_yanbantaru,,4,Special,1,Accessory,6,26,deeppink,DeepPink,FF1493,,missing_physical_asset
257,257,hd_yanbantaru,,4,Special,1,Accessory,7,42,luminous_vivid_azure,Luminous vivid azure,0066FF,,missing_physical_asset
258,258,hd_bunetaru,,4,Special,1,Accessory,0,77,chocolate,Chocolate,D2691E,,missing_physical_asset
258,258,hd_bunetaru,,4,Special,1,Accessory,1,81,deep_brown_red,Deep brown red,3E1300,,missing_physical_asset
258,258,hd_bunetaru,,4,Special,1,Accessory,2,93,mii_skin_1,MiiSkin_1,FFB66B,,missing_physical_asset
258,258,hd_bunetaru,,4,Special,1,Accessory,3,72,tan,Tan,D2B48C,,missing_physical_asset
258,258,hd_bunetaru,,4,Special,1,Accessory,4,73,goldenrod,Goldenrod,DAA520,,missing_physical_asset
258,258,hd_bunetaru,,4,Special,1,Accessory,5,17,orangered,OrangeRed,FF4500,,missing_physical_asset
258,258,hd_bunetaru,,4,Special,1,Accessory,6,26,deeppink,DeepPink,FF1493,,missing_physical_asset
258,258,hd_bunetaru,,4,Special,1,Accessory,7,42,luminous_vivid_azure,Luminous vivid azure,0066FF,,missing_physical_asset
259,259,hd_buruguanma,,4,Special,1,Accessory,0,16,red,Red,FF0000,,missing_physical_asset
259,259,hd_buruguanma,,4,Special,1,Accessory,1,91,black,Black,000000,,missing_physical_asset
259,259,hd_buruguanma,,4,Special,1,Accessory,2,5,yellow,Yellow,FFFF00,,missing_physical_asset
259,259,hd_buruguanma,,4,Special,1,Accessory,3,28,fuchsia,Fuchsia,FF00FF,,missing_physical_asset
259,259,hd_buruguanma,,4,Special,1,Accessory,4,42,luminous_vivid_azure,Luminous vivid azure,0066FF,,missing_physical_asset
259,259,hd_buruguanma,,4,Special,1,Accessory,5,62,lime,Lime,00FF00,,missing_physical_asset
259,259,hd_buruguanma,,4,Special,1,Accessory,6,36,indigo,Indigo,4B0082,,missing_physical_asset
259,259,hd_buruguanma,,4,Special,1,Accessory,7,85,lightgrey,LightGrey,D3D3D3,,missing_physical_asset
260,260,hd_unyumoja,,1,Female,2,Mask,0,29,mediumvioletred,MediumVioletRed,C71585,,missing_physical_asset
260,260,hd_unyumoja,,1,Female,2,Mask,1,69,very_deep_green,Very deep green,003300,,missing_physical_asset
260,260,hd_unyumoja,,1,Female,2,Mask,2,91,black,Black,000000,,missing_physical_asset
260,260,hd_unyumoja,,1,Female,2,Mask,3,16,red,Red,FF0000,,missing_physical_asset
260,260,hd_unyumoja,,1,Female,2,Mask,4,30,lavender,Lavender,E6E6FA,,missing_physical_asset
260,260,hd_unyumoja,,1,Female,2,Mask,5,41,deepskyblue,DeepSkyBlue,00BFFF,,missing_physical_asset
260,260,hd_unyumoja,,1,Female,2,Mask,6,5,yellow,Yellow,FFFF00,,missing_physical_asset
260,260,hd_unyumoja,,1,Female,2,Mask,7,62,lime,Lime,00FF00,,missing_physical_asset
261,261,hd_kunnyumori,,1,Female,2,Mask,0,16,red,Red,FF0000,,missing_physical_asset
261,261,hd_kunnyumori,,1,Female,2,Mask,1,30,lavender,Lavender,E6E6FA,,missing_physical_asset
261,261,hd_kunnyumori,,1,Female,2,Mask,2,45,blue,Blue,0000FF,,missing_physical_asset
261,261,hd_kunnyumori,,1,Female,2,Mask,3,91,black,Black,000000,,missing_physical_asset
261,261,hd_kunnyumori,,1,Female,2,Mask,4,6,gold,Gold,FFD700,,missing_physical_asset
261,261,hd_kunnyumori,,1,Female,2,Mask,5,63,limegreen,LimeGreen,32CD32,,missing_physical_asset
261,261,hd_kunnyumori,,1,Female,2,Mask,6,26,deeppink,DeepPink,FF1493,,missing_physical_asset
261,261,hd_kunnyumori,,1,Female,2,Mask,7,36,indigo,Indigo,4B0082,,missing_physical_asset
262,262,hd_kuxanmo,,0,Male,0,Hat,0,91,black,Black,000000,,missing_physical_asset
262,262,hd_kuxanmo,,0,Male,0,Hat,1,87,gray,Gray,808080,,missing_physical_asset
262,262,hd_kuxanmo,,0,Male,0,Hat,2,84,white,White,FFFFFF,,missing_physical_asset
262,262,hd_kuxanmo,,0,Male,0,Hat,3,16,red,Red,FF0000,,missing_physical_asset
262,262,hd_kuxanmo,,0,Male,0,Hat,4,45,blue,Blue,0000FF,,missing_physical_asset
262,262,hd_kuxanmo,,0,Male,0,Hat,5,26,deeppink,DeepPink,FF1493,,missing_physical_asset
262,262,hd_kuxanmo,,0,Male,0,Hat,6,38,deep_magenta,Deep magenta,5C005C,,missing_physical_asset
262,262,hd_kuxanmo,,0,Male,0,Hat,7,79,saddlebrown,SaddleBrown,8B4513,,missing_physical_asset
263,263,hd_pyonmori,,0,Male,2,Mask,0,91,black,Black,000000,,missing_physical_asset
263,263,hd_pyonmori,,0,Male,2,Mask,1,87,gray,Gray,808080,,missing_physical_asset
263,263,hd_pyonmori,,0,Male,2,Mask,2,84,white,White,FFFFFF,,missing_physical_asset
263,263,hd_pyonmori,,0,Male,2,Mask,3,81,deep_brown_red,Deep brown red,3E1300,,missing_physical_asset
263,263,hd_pyonmori,,0,Male,2,Mask,4,77,chocolate,Chocolate,D2691E,,missing_physical_asset
263,263,hd_pyonmori,,0,Male,2,Mask,5,73,goldenrod,Goldenrod,DAA520,,missing_physical_asset
263,263,hd_pyonmori,,0,Male,2,Mask,6,26,deeppink,DeepPink,FF1493,,missing_physical_asset
263,263,hd_pyonmori,,0,Male,2,Mask,7,48,deep_blue,Deep blue,000054,,missing_physical_asset
264,264,hd_poppukopun,,0,Male,0,Hat,0,90,very_dark_gray_2,Very dark gray 2,232323,,missing_physical_asset
264,264,hd_poppukopun,,0,Male,0,Hat,1,87,gray,Gray,808080,,missing_physical_asset
264,264,hd_poppukopun,,0,Male,0,Hat,2,30,lavender,Lavender,E6E6FA,,missing_physical_asset
264,264,hd_poppukopun,,0,Male,0,Hat,3,37,darkmagenta,DarkMagenta,8B008B,,missing_physical_asset
264,264,hd_poppukopun,,0,Male,0,Hat,4,48,deep_blue,Deep blue,000054,,missing_physical_asset
264,264,hd_poppukopun,,0,Male,0,Hat,5,35,darkslateblue,DarkSlateBlue,483D8B,,missing_physical_asset
264,264,hd_poppukopun,,0,Male,0,Hat,6,60,greenyellow,GreenYellow,ADFF2F,,missing_physical_asset
264,264,hd_poppukopun,,0,Male,0,Hat,7,78,brown,Brown,A52A2A,,missing_physical_asset
265,265,hd_police_KR,,0,Male,0,Hat,0,91,black,Black,000000,,missing_physical_asset
265,265,hd_police_KR,,0,Male,0,Hat,1,43,royalblue,RoyalBlue,4169E1,,missing_physical_asset
265,265,hd_police_KR,,0,Male,0,Hat,2,53,cyan,Cyan,00FFFF,,missing_physical_asset
265,265,hd_police_KR,,0,Male,0,Hat,3,46,darkblue,DarkBlue,00008B,,missing_physical_asset
265,265,hd_police_KR,,0,Male,0,Hat,4,73,goldenrod,Goldenrod,DAA520,,missing_physical_asset
265,265,hd_police_KR,,0,Male,0,Hat,5,84,white,White,FFFFFF,,missing_physical_asset
265,265,hd_police_KR,,0,Male,0,Hat,6,58,yellowgreen,YellowGreen,9ACD32,,missing_physical_asset
265,265,hd_police_KR,,0,Male,0,Hat,7,40,lightskyblue,LightSkyBlue,87CEFA,,missing_physical_asset
266,266,hd_police_female_KR,,0,Male,0,Hat,0,91,black,Black,000000,,missing_physical_asset
266,266,hd_police_female_KR,,0,Male,0,Hat,1,43,royalblue,RoyalBlue,4169E1,,missing_physical_asset
266,266,hd_police_female_KR,,0,Male,0,Hat,2,53,cyan,Cyan,00FFFF,,missing_physical_asset
266,266,hd_police_female_KR,,0,Male,0,Hat,3,46,darkblue,DarkBlue,00008B,,missing_physical_asset
266,266,hd_police_female_KR,,0,Male,0,Hat,4,73,goldenrod,Goldenrod,DAA520,,missing_physical_asset
266,266,hd_police_female_KR,,0,Male,0,Hat,5,84,white,White,FFFFFF,,missing_physical_asset
266,266,hd_police_female_KR,,0,Male,0,Hat,6,58,yellowgreen,YellowGreen,9ACD32,,missing_physical_asset
266,266,hd_police_female_KR,,0,Male,0,Hat,7,40,lightskyblue,LightSkyBlue,87CEFA,,missing_physical_asset
